{"Team_ID": 1610612755, "Season": "1996-97", "FGM": {"AVG": 36.6219512195122, "STDEV": 4.671003920702777}, "FGA": {"AVG": 83.53658536585365, "STDEV": 7.197727902731424}, "FGP": {"AVG": 0.43932926829268293, "STDEV": 0.051232718827623626}, "FG3M": {"AVG": 5.280487804878049, "STDEV": 2.9366748233960056}, "FG3A": {"AVG": 16.536585365853657, "STDEV": 4.932119775540435}, "FG3P": {"AVG": 0.31077242937516947, "STDEV": 0.1282529562984894}, "FTM": {"AVG": 21.658536585365855, "STDEV": 5.692142108432958}, "FTA": {"AVG": 29.878048780487806, "STDEV": 29.878048780487806}, "FTP": {"AVG": 0.7273658536585366, "STDEV": 0.7273658536585366}, "OREB": {"AVG": 15.451219512195122, "STDEV": 3.728940666520371}, "DREB": {"AVG": 28.71951219512195, "STDEV": 4.450757711171565}, "REB": {"AVG": 44.170731707317074, "STDEV": 6.180025326666671}, "AST": {"AVG": 20.670731707317074, "STDEV": 4.600200956557292}, "BLK": {"AVG": 4.804878048780488, "STDEV": 2.385341160941155}, "TOV": {"AVG": 16.865853658536587, "STDEV": 4.2968900471253875}, "PF": {"AVG": 21.134146341463413, "STDEV": 4.0544509762803305}}