{"Team_ID": 1610612738, "Season": "1996-97", "FGM": {"AVG": 37.390243902439025, "STDEV": 4.7317057649382654}, "FGA": {"AVG": 84.96341463414635, "STDEV": 9.025950409176808}, "FGP": {"AVG": 0.4417560975609756, "STDEV": 0.0506248757902722}, "FG3M": {"AVG": 5.695121951219512, "STDEV": 2.692875943882641}, "FG3A": {"AVG": 16.23170731707317, "STDEV": 4.77725780242285}, "FG3P": {"AVG": 0.34366279335754185, "STDEV": 0.12741073374468492}, "FTM": {"AVG": 20.109756097560975, "STDEV": 6.224218127427883}, "FTA": {"AVG": 26.817073170731707, "STDEV": 26.817073170731707}, "FTP": {"AVG": 0.7473170731707317, "STDEV": 0.7473170731707317}, "OREB": {"AVG": 13.353658536585366, "STDEV": 4.301512657336082}, "DREB": {"AVG": 26.682926829268293, "STDEV": 4.575506580010103}, "REB": {"AVG": 40.03658536585366, "STDEV": 5.7121164743096315}, "AST": {"AVG": 21.853658536585368, "STDEV": 4.51368823819201}, "BLK": {"AVG": 3.841463414634146, "STDEV": 2.1912818966296506}, "TOV": {"AVG": 15.78048780487805, "STDEV": 4.015477433427806}, "PF": {"AVG": 23.353658536585368, "STDEV": 4.290016982381743}}