{"Team_ID": 1610612746, "Season": "1996-97", "FGM": {"AVG": 36.451219512195124, "STDEV": 5.310489129141089}, "FGA": {"AVG": 81.65853658536585, "STDEV": 7.445637569720449}, "FGP": {"AVG": 0.447109756097561, "STDEV": 0.05684503650494404}, "FG3M": {"AVG": 5.780487804878049, "STDEV": 2.2000246364720577}, "FG3A": {"AVG": 16.329268292682926, "STDEV": 5.05049778269987}, "FG3P": {"AVG": 0.3548067483604706, "STDEV": 0.09750245192539761}, "FTM": {"AVG": 18.5, "STDEV": 6.088341419021103}, "FTA": {"AVG": 25.29268292682927, "STDEV": 25.29268292682927}, "FTP": {"AVG": 0.7349878048780488, "STDEV": 0.7349878048780488}, "OREB": {"AVG": 13.317073170731707, "STDEV": 3.5412143023715306}, "DREB": {"AVG": 27.341463414634145, "STDEV": 4.8615892138096335}, "REB": {"AVG": 40.65853658536585, "STDEV": 5.875707495503759}, "AST": {"AVG": 20.26829268292683, "STDEV": 4.75588986490502}, "BLK": {"AVG": 5.378048780487805, "STDEV": 2.51729937546952}, "TOV": {"AVG": 15.317073170731707, "STDEV": 3.864616470455477}, "PF": {"AVG": 23.951219512195124, "STDEV": 5.028075347914541}}