{"Team_ID": 1610612752, "Season": "1996-97", "FGM": {"AVG": 35.146341463414636, "STDEV": 4.833325545892864}, "FGA": {"AVG": 75.9390243902439, "STDEV": 8.316794790040493}, "FGP": {"AVG": 0.46445121951219515, "STDEV": 0.057179628686849955}, "FG3M": {"AVG": 5.7317073170731705, "STDEV": 2.2610430264813894}, "FG3A": {"AVG": 15.78048780487805, "STDEV": 4.661437255822811}, "FG3P": {"AVG": 0.36882987387347266, "STDEV": 0.12140929852333304}, "FTM": {"AVG": 19.329268292682926, "STDEV": 7.316571547595294}, "FTA": {"AVG": 25.841463414634145, "STDEV": 25.841463414634145}, "FTP": {"AVG": 0.7437073170731707, "STDEV": 0.7437073170731707}, "OREB": {"AVG": 11.865853658536585, "STDEV": 3.9807009591864513}, "DREB": {"AVG": 30.682926829268293, "STDEV": 4.89615129471637}, "REB": {"AVG": 42.548780487804876, "STDEV": 6.782607457794396}, "AST": {"AVG": 22.0609756097561, "STDEV": 4.349961149182573}, "BLK": {"AVG": 4.609756097560975, "STDEV": 2.286601324846446}, "TOV": {"AVG": 17.341463414634145, "STDEV": 4.4506054857741555}, "PF": {"AVG": 24.79268292682927, "STDEV": 5.042382850578055}}