{"Team_ID": 1610612753, "Season": "1996-97", "FGM": {"AVG": 34.6219512195122, "STDEV": 4.720954715911799}, "FGA": {"AVG": 79.23170731707317, "STDEV": 7.679214820472087}, "FGP": {"AVG": 0.438390243902439, "STDEV": 0.05413534846129835}, "FG3M": {"AVG": 6.914634146341464, "STDEV": 2.563760834708469}, "FG3A": {"AVG": 20.26829268292683, "STDEV": 5.021063731889776}, "FG3P": {"AVG": 0.3397441153273718, "STDEV": 0.0904518167941181}, "FTM": {"AVG": 17.975609756097562, "STDEV": 5.5310026545236886}, "FTA": {"AVG": 24.085365853658537, "STDEV": 24.085365853658537}, "FTP": {"AVG": 0.7488170731707318, "STDEV": 0.7488170731707318}, "OREB": {"AVG": 13.060975609756097, "STDEV": 4.211529035185746}, "DREB": {"AVG": 27.085365853658537, "STDEV": 5.135692626451425}, "REB": {"AVG": 40.146341463414636, "STDEV": 6.590531837921324}, "AST": {"AVG": 20.597560975609756, "STDEV": 5.18035166378052}, "BLK": {"AVG": 4.426829268292683, "STDEV": 2.2880823163820394}, "TOV": {"AVG": 14.658536585365853, "STDEV": 4.000677449407855}, "PF": {"AVG": 20.036585365853657, "STDEV": 3.5985083396319206}}