{"Team_ID": 1610612751, "Season": "1996-97", "FGM": {"AVG": 36.51219512195122, "STDEV": 4.892029048193701}, "FGA": {"AVG": 86.47560975609755, "STDEV": 8.154716290083641}, "FGP": {"AVG": 0.42297560975609755, "STDEV": 0.04877612642351652}, "FG3M": {"AVG": 5.902439024390244, "STDEV": 2.487548032156456}, "FG3A": {"AVG": 16.71951219512195, "STDEV": 4.074232155921318}, "FG3P": {"AVG": 0.3509064271295466, "STDEV": 0.12118659721384956}, "FTM": {"AVG": 18.317073170731707, "STDEV": 7.11263533800026}, "FTA": {"AVG": 24.76829268292683, "STDEV": 24.76829268292683}, "FTP": {"AVG": 0.735329268292683, "STDEV": 0.735329268292683}, "OREB": {"AVG": 17.195121951219512, "STDEV": 5.765883107524437}, "DREB": {"AVG": 28.975609756097562, "STDEV": 5.079553809889011}, "REB": {"AVG": 46.170731707317074, "STDEV": 8.12678072117695}, "AST": {"AVG": 21.048780487804876, "STDEV": 5.076944835705797}, "BLK": {"AVG": 5.865853658536586, "STDEV": 3.098236037848152}, "TOV": {"AVG": 14.987804878048781, "STDEV": 4.528357570073839}, "PF": {"AVG": 22.74390243902439, "STDEV": 4.893459922698428}}