{"Team_ID": 1610612743, "Season": "1996-97", "FGM": {"AVG": 35.74390243902439, "STDEV": 5.351383749998412}, "FGA": {"AVG": 81.4390243902439, "STDEV": 7.638592011969464}, "FGP": {"AVG": 0.4397560975609756, "STDEV": 0.05916842688578523}, "FG3M": {"AVG": 7.7439024390243905, "STDEV": 3.269050436410617}, "FG3A": {"AVG": 20.829268292682926, "STDEV": 5.083997838895667}, "FG3P": {"AVG": 0.36499034419525167, "STDEV": 0.10876978179168369}, "FTM": {"AVG": 18.48780487804878, "STDEV": 6.1206872494763065}, "FTA": {"AVG": 24.29268292682927, "STDEV": 24.29268292682927}, "FTP": {"AVG": 0.758609756097561, "STDEV": 0.758609756097561}, "OREB": {"AVG": 12.097560975609756, "STDEV": 4.290701275375353}, "DREB": {"AVG": 29.878048780487806, "STDEV": 4.974975014274224}, "REB": {"AVG": 41.97560975609756, "STDEV": 6.438647986589443}, "AST": {"AVG": 23.01219512195122, "STDEV": 5.012315456259944}, "BLK": {"AVG": 5.939024390243903, "STDEV": 2.803646483481119}, "TOV": {"AVG": 15.792682926829269, "STDEV": 4.558908806190544}, "PF": {"AVG": 21.71951219512195, "STDEV": 4.428511413483725}}