{"Team_ID": 1610612760, "Season": "1996-97", "FGM": {"AVG": 36.52439024390244, "STDEV": 5.613532172417634}, "FGA": {"AVG": 78.23170731707317, "STDEV": 7.1376220760792215}, "FGP": {"AVG": 0.4665487804878049, "STDEV": 0.05610817427716439}, "FG3M": {"AVG": 6.817073170731708, "STDEV": 2.3785463388250334}, "FG3A": {"AVG": 19.304878048780488, "STDEV": 4.072458002542833}, "FG3P": {"AVG": 0.3520743931964283, "STDEV": 0.09425388648132152}, "FTM": {"AVG": 21.036585365853657, "STDEV": 6.504405196615483}, "FTA": {"AVG": 27.98780487804878, "STDEV": 27.98780487804878}, "FTP": {"AVG": 0.7514634146341463, "STDEV": 0.7514634146341463}, "OREB": {"AVG": 12.317073170731707, "STDEV": 3.3513514826129542}, "DREB": {"AVG": 27.695121951219512, "STDEV": 4.111678712739621}, "REB": {"AVG": 40.01219512195122, "STDEV": 5.217477519372853}, "AST": {"AVG": 23.548780487804876, "STDEV": 5.270819832275235}, "BLK": {"AVG": 4.7317073170731705, "STDEV": 2.12014896103619}, "TOV": {"AVG": 14.646341463414634, "STDEV": 3.511434412750676}, "PF": {"AVG": 21.98780487804878, "STDEV": 3.6021046743416805}}