{"Team_ID": 1610612750, "Season": "1996-97", "FGM": {"AVG": 35.81707317073171, "STDEV": 4.640476903919953}, "FGA": {"AVG": 78.48780487804878, "STDEV": 7.397436830765174}, "FGP": {"AVG": 0.4578048780487805, "STDEV": 0.05591405199481407}, "FG3M": {"AVG": 4.524390243902439, "STDEV": 2.455659172052661}, "FG3A": {"AVG": 13.329268292682928, "STDEV": 4.610923364447667}, "FG3P": {"AVG": 0.3326326952412021, "STDEV": 0.1353786538242643}, "FTM": {"AVG": 19.963414634146343, "STDEV": 6.033742818007515}, "FTA": {"AVG": 26.585365853658537, "STDEV": 26.585365853658537}, "FTP": {"AVG": 0.753109756097561, "STDEV": 0.753109756097561}, "OREB": {"AVG": 11.670731707317072, "STDEV": 3.4535895731073865}, "DREB": {"AVG": 28.073170731707318, "STDEV": 4.868088295163016}, "REB": {"AVG": 39.74390243902439, "STDEV": 5.682572395262675}, "AST": {"AVG": 22.853658536585368, "STDEV": 5.142708973456204}, "BLK": {"AVG": 6.7926829268292686, "STDEV": 2.8009601743372623}, "TOV": {"AVG": 14.731707317073171, "STDEV": 3.9846891555509765}, "PF": {"AVG": 22.170731707317074, "STDEV": 4.918608851925663}}