{"Team_ID": 1610612746, "Season": "2004-05", "FGM": {"AVG": 35.65853658536585, "STDEV": 4.777052948106746}, "FGA": {"AVG": 77.65853658536585, "STDEV": 7.477075271929645}, "FGP": {"AVG": 0.4606829268292683, "STDEV": 0.0569166334360904}, "FG3M": {"AVG": 2.817073170731707, "STDEV": 1.7006030069279952}, "FG3A": {"AVG": 8.158536585365853, "STDEV": 3.3387715349874596}, "FG3P": {"AVG": 0.3413527190966215, "STDEV": 0.19291534446544897}, "FTM": {"AVG": 21.585365853658537, "STDEV": 6.683222442069219}, "FTA": {"AVG": 27.73170731707317, "STDEV": 27.73170731707317}, "FTP": {"AVG": 0.7789146341463414, "STDEV": 0.7789146341463414}, "OREB": {"AVG": 11.951219512195122, "STDEV": 3.8390535067595404}, "DREB": {"AVG": 29.9390243902439, "STDEV": 5.598385042654491}, "REB": {"AVG": 41.890243902439025, "STDEV": 6.305016810192834}, "AST": {"AVG": 23.182926829268293, "STDEV": 4.653760058913434}, "BLK": {"AVG": 5.146341463414634, "STDEV": 2.3681109376098624}, "TOV": {"AVG": 14.768292682926829, "STDEV": 4.173102527305384}, "PF": {"AVG": 22.182926829268293, "STDEV": 5.185754582235119}}