{"Team_ID": 1610612766, "Season": "2004-05", "FGM": {"AVG": 36.109756097560975, "STDEV": 3.7973548219097037}, "FGA": {"AVG": 83.64634146341463, "STDEV": 7.300214695336888}, "FGP": {"AVG": 0.4333170731707317, "STDEV": 0.045328397892771856}, "FG3M": {"AVG": 3.902439024390244, "STDEV": 2.0584649446456065}, "FG3A": {"AVG": 10.74390243902439, "STDEV": 3.8898759877714473}, "FG3P": {"AVG": 0.3665459225618366, "STDEV": 0.14635145366681104}, "FTM": {"AVG": 18.134146341463413, "STDEV": 6.747221092579295}, "FTA": {"AVG": 25.5609756097561, "STDEV": 25.5609756097561}, "FTP": {"AVG": 0.7039878048780488, "STDEV": 0.7039878048780488}, "OREB": {"AVG": 13.207317073170731, "STDEV": 3.6809077143996873}, "DREB": {"AVG": 28.475609756097562, "STDEV": 4.6857430462214085}, "REB": {"AVG": 41.68292682926829, "STDEV": 5.544161758058491}, "AST": {"AVG": 21.878048780487806, "STDEV": 4.125770392414539}, "BLK": {"AVG": 5.365853658536586, "STDEV": 2.2960631638510858}, "TOV": {"AVG": 13.865853658536585, "STDEV": 4.09987110644114}, "PF": {"AVG": 23.097560975609756, "STDEV": 4.0631124604921345}}