{"Team_ID": 1610612747, "Season": "2004-05", "FGM": {"AVG": 35.30487804878049, "STDEV": 4.401708490945905}, "FGA": {"AVG": 80.84146341463415, "STDEV": 7.193051366105703}, "FGP": {"AVG": 0.43785365853658537, "STDEV": 0.051825710276938074}, "FG3M": {"AVG": 7.853658536585366, "STDEV": 3.174442504644965}, "FG3A": {"AVG": 22.109756097560975, "STDEV": 6.057351614505508}, "FG3P": {"AVG": 0.3560550546449906, "STDEV": 0.11032467241793717}, "FTM": {"AVG": 20.25609756097561, "STDEV": 6.31832720401777}, "FTA": {"AVG": 26.0609756097561, "STDEV": 26.0609756097561}, "FTP": {"AVG": 0.7781951219512195, "STDEV": 0.7781951219512195}, "OREB": {"AVG": 12.536585365853659, "STDEV": 4.346689167037933}, "DREB": {"AVG": 30.621951219512194, "STDEV": 4.617840454880061}, "REB": {"AVG": 43.15853658536585, "STDEV": 6.207262795486045}, "AST": {"AVG": 20.390243902439025, "STDEV": 4.6368254827048565}, "BLK": {"AVG": 4.195121951219512, "STDEV": 2.2686212944290385}, "TOV": {"AVG": 13.74390243902439, "STDEV": 3.977749769019194}, "PF": {"AVG": 21.878048780487806, "STDEV": 4.338715301414336}}