{"Team_ID": 1610612742, "Season": "2004-05", "FGM": {"AVG": 37.292682926829265, "STDEV": 5.200873157646429}, "FGA": {"AVG": 81.59756097560975, "STDEV": 6.88325891108106}, "FGP": {"AVG": 0.4584146341463415, "STDEV": 0.061316614311336864}, "FG3M": {"AVG": 5.646341463414634, "STDEV": 2.803753882312167}, "FG3A": {"AVG": 15.524390243902438, "STDEV": 4.383542762934057}, "FG3P": {"AVG": 0.3574553534214996, "STDEV": 0.13001964777118988}, "FTM": {"AVG": 22.26829268292683, "STDEV": 5.894229822226968}, "FTA": {"AVG": 28.21951219512195, "STDEV": 28.21951219512195}, "FTP": {"AVG": 0.7883170731707317, "STDEV": 0.7883170731707317}, "OREB": {"AVG": 12.073170731707316, "STDEV": 3.9807576914013882}, "DREB": {"AVG": 30.853658536585368, "STDEV": 4.722214251547554}, "REB": {"AVG": 42.926829268292686, "STDEV": 6.3630501417396745}, "AST": {"AVG": 19.634146341463413, "STDEV": 5.585501945064542}, "BLK": {"AVG": 5.621951219512195, "STDEV": 2.7916995306078385}, "TOV": {"AVG": 12.829268292682928, "STDEV": 3.7045346854594783}, "PF": {"AVG": 22.28048780487805, "STDEV": 3.985388096236955}}