{"Team_ID": 1610612743, "Season": "2004-05", "FGM": {"AVG": 37.048780487804876, "STDEV": 5.470239209847034}, "FGA": {"AVG": 80.67073170731707, "STDEV": 7.715712488881438}, "FGP": {"AVG": 0.4597317073170732, "STDEV": 0.05615851656012886}, "FG3M": {"AVG": 3.902439024390244, "STDEV": 2.339197689287805}, "FG3A": {"AVG": 11.463414634146341, "STDEV": 4.3267617462337915}, "FG3P": {"AVG": 0.33686891244374445, "STDEV": 0.1633348799130441}, "FTM": {"AVG": 21.524390243902438, "STDEV": 6.95173059500889}, "FTA": {"AVG": 28.20731707317073, "STDEV": 28.20731707317073}, "FTP": {"AVG": 0.7595, "STDEV": 0.7595}, "OREB": {"AVG": 11.792682926829269, "STDEV": 3.793229201454433}, "DREB": {"AVG": 30.158536585365855, "STDEV": 4.702165280570801}, "REB": {"AVG": 41.951219512195124, "STDEV": 5.828627602531945}, "AST": {"AVG": 23.878048780487806, "STDEV": 5.729262645989175}, "BLK": {"AVG": 5.963414634146342, "STDEV": 2.7100413278759317}, "TOV": {"AVG": 14.426829268292684, "STDEV": 3.947277504671527}, "PF": {"AVG": 22.902439024390244, "STDEV": 3.9553363113321027}}