{"Team_ID": 1610612754, "Season": "2004-05", "FGM": {"AVG": 32.53658536585366, "STDEV": 4.24029792207238}, "FGA": {"AVG": 75.23170731707317, "STDEV": 6.934078984989229}, "FGP": {"AVG": 0.4334878048780488, "STDEV": 0.0488133871291799}, "FG3M": {"AVG": 6.609756097560975, "STDEV": 2.585601620947495}, "FG3A": {"AVG": 19.20731707317073, "STDEV": 5.426814550897088}, "FG3P": {"AVG": 0.3481670500766499, "STDEV": 0.1106768917532937}, "FTM": {"AVG": 21.317073170731707, "STDEV": 6.449955591349634}, "FTA": {"AVG": 26.902439024390244, "STDEV": 26.902439024390244}, "FTP": {"AVG": 0.7900975609756098, "STDEV": 0.7900975609756098}, "OREB": {"AVG": 10.585365853658537, "STDEV": 3.668185609666962}, "DREB": {"AVG": 29.48780487804878, "STDEV": 4.725146551882389}, "REB": {"AVG": 40.073170731707314, "STDEV": 5.983063519769945}, "AST": {"AVG": 18.158536585365855, "STDEV": 4.473431892150222}, "BLK": {"AVG": 4.353658536585366, "STDEV": 2.3798119607193793}, "TOV": {"AVG": 13.390243902439025, "STDEV": 3.6776136168833475}, "PF": {"AVG": 23.048780487804876, "STDEV": 3.974928958211008}}