{"Team_ID": 1610612740, "Season": "2004-05", "FGM": {"AVG": 33.146341463414636, "STDEV": 4.703877967310162}, "FGA": {"AVG": 79.95121951219512, "STDEV": 7.270611296024989}, "FGP": {"AVG": 0.4151219512195122, "STDEV": 0.05040291737683798}, "FG3M": {"AVG": 5.060975609756097, "STDEV": 2.932775877062}, "FG3A": {"AVG": 16.048780487804876, "STDEV": 5.084234744666481}, "FG3P": {"AVG": 0.30236473765050387, "STDEV": 0.13362339962290024}, "FTM": {"AVG": 17.085365853658537, "STDEV": 6.421801638500813}, "FTA": {"AVG": 22.317073170731707, "STDEV": 22.317073170731707}, "FTP": {"AVG": 0.7739390243902439, "STDEV": 0.7739390243902439}, "OREB": {"AVG": 12.426829268292684, "STDEV": 3.2962024082525376}, "DREB": {"AVG": 27.817073170731707, "STDEV": 5.345190635781997}, "REB": {"AVG": 40.24390243902439, "STDEV": 6.2963069238445835}, "AST": {"AVG": 21.024390243902438, "STDEV": 4.436035405340506}, "BLK": {"AVG": 3.7804878048780486, "STDEV": 2.1489267504644705}, "TOV": {"AVG": 13.926829268292684, "STDEV": 4.051460604796647}, "PF": {"AVG": 22.963414634146343, "STDEV": 4.047389409957063}}