{"Team_ID": 1610612761, "Season": "2004-05", "FGM": {"AVG": 36, "STDEV": 4.477653706579974}, "FGA": {"AVG": 81.17073170731707, "STDEV": 7.12984490342416}, "FGP": {"AVG": 0.4445, "STDEV": 0.04804633822971269}, "FG3M": {"AVG": 7.902439024390244, "STDEV": 2.9590195076838133}, "FG3A": {"AVG": 20.5, "STDEV": 4.9347595536005455}, "FG3P": {"AVG": 0.38511177314818607, "STDEV": 0.10519709316743288}, "FTM": {"AVG": 19.829268292682926, "STDEV": 6.2633657146360635}, "FTA": {"AVG": 25.621951219512194, "STDEV": 25.621951219512194}, "FTP": {"AVG": 0.7701951219512195, "STDEV": 0.7701951219512195}, "OREB": {"AVG": 10.292682926829269, "STDEV": 3.785899129561045}, "DREB": {"AVG": 29.804878048780488, "STDEV": 4.417806350204506}, "REB": {"AVG": 40.09756097560975, "STDEV": 5.61877311000081}, "AST": {"AVG": 20.365853658536587, "STDEV": 4.209079530828362}, "BLK": {"AVG": 3.8658536585365852, "STDEV": 2.1009239303306138}, "TOV": {"AVG": 12.621951219512194, "STDEV": 3.268405598772116}, "PF": {"AVG": 22.878048780487806, "STDEV": 4.42046375954412}}