{"Team_ID": 1610612745, "Season": "2004-05", "FGM": {"AVG": 34.707317073170735, "STDEV": 5.774545687603781}, "FGA": {"AVG": 78.28048780487805, "STDEV": 7.911976217124472}, "FGP": {"AVG": 0.4437926829268293, "STDEV": 0.06167151888915786}, "FG3M": {"AVG": 6.7439024390243905, "STDEV": 3.0340087795382145}, "FG3A": {"AVG": 18.548780487804876, "STDEV": 5.420929807321883}, "FG3P": {"AVG": 0.3654715978234022, "STDEV": 0.1323840463327386}, "FTM": {"AVG": 18.914634146341463, "STDEV": 5.126068017622159}, "FTA": {"AVG": 24.21951219512195, "STDEV": 24.21951219512195}, "FTP": {"AVG": 0.7857317073170732, "STDEV": 0.7857317073170732}, "OREB": {"AVG": 10.658536585365853, "STDEV": 3.865707135717709}, "DREB": {"AVG": 31.71951219512195, "STDEV": 4.584661464793559}, "REB": {"AVG": 42.3780487804878, "STDEV": 5.880791590082593}, "AST": {"AVG": 21.134146341463413, "STDEV": 5.265218261035764}, "BLK": {"AVG": 4.609756097560975, "STDEV": 2.226418801689816}, "TOV": {"AVG": 13.073170731707316, "STDEV": 3.943366011588959}, "PF": {"AVG": 22.036585365853657, "STDEV": 3.625850677371865}}