{"Team_ID": 1610612759, "Season": "2004-05", "FGM": {"AVG": 35.646341463414636, "STDEV": 5.0144776846511645}, "FGA": {"AVG": 78.65853658536585, "STDEV": 8.122852251283156}, "FGP": {"AVG": 0.4546707317073171, "STDEV": 0.05800426865476406}, "FG3M": {"AVG": 6.182926829268292, "STDEV": 2.749312141943727}, "FG3A": {"AVG": 17.01219512195122, "STDEV": 4.451366560703992}, "FG3P": {"AVG": 0.3632214812997853, "STDEV": 0.1322888386763138}, "FTM": {"AVG": 18.71951219512195, "STDEV": 5.905164908672313}, "FTA": {"AVG": 25.853658536585368, "STDEV": 25.853658536585368}, "FTP": {"AVG": 0.7269146341463415, "STDEV": 0.7269146341463415}, "OREB": {"AVG": 12.036585365853659, "STDEV": 3.9951981114098496}, "DREB": {"AVG": 30.353658536585368, "STDEV": 5.1071771121435345}, "REB": {"AVG": 42.390243902439025, "STDEV": 6.009778241139885}, "AST": {"AVG": 21.597560975609756, "STDEV": 5.020598941441546}, "BLK": {"AVG": 6.621951219512195, "STDEV": 2.209073566516617}, "TOV": {"AVG": 13.024390243902438, "STDEV": 3.7217266992092997}, "PF": {"AVG": 20.9390243902439, "STDEV": 3.8436979396473943}}