{"Team_ID": 1610612744, "Season": "2004-05", "FGM": {"AVG": 36.9390243902439, "STDEV": 5.116778406249096}, "FGA": {"AVG": 85.84146341463415, "STDEV": 8.31994407654983}, "FGP": {"AVG": 0.43090243902439024, "STDEV": 0.04867696739189434}, "FG3M": {"AVG": 7.609756097560975, "STDEV": 3.783512306293709}, "FG3A": {"AVG": 21.634146341463413, "STDEV": 7.108527647245463}, "FG3P": {"AVG": 0.342071682657717, "STDEV": 0.10982422848073925}, "FTM": {"AVG": 17.21951219512195, "STDEV": 5.910911421530758}, "FTA": {"AVG": 23.841463414634145, "STDEV": 23.841463414634145}, "FTP": {"AVG": 0.7196707317073171, "STDEV": 0.7196707317073171}, "OREB": {"AVG": 13.036585365853659, "STDEV": 4.420617022881882}, "DREB": {"AVG": 29.70731707317073, "STDEV": 4.287471858247056}, "REB": {"AVG": 42.74390243902439, "STDEV": 7.035730635165851}, "AST": {"AVG": 22.085365853658537, "STDEV": 4.696206032433687}, "BLK": {"AVG": 5.121951219512195, "STDEV": 2.0810149702087832}, "TOV": {"AVG": 13.134146341463415, "STDEV": 3.4382101111542385}, "PF": {"AVG": 22.353658536585368, "STDEV": 5.150505072247499}}