{"Team_ID": 1610612764, "Season": "2004-05", "FGM": {"AVG": 36.170731707317074, "STDEV": 4.868150149466188}, "FGA": {"AVG": 82.85365853658537, "STDEV": 6.887315145007859}, "FGP": {"AVG": 0.4372560975609756, "STDEV": 0.052878806456247464}, "FG3M": {"AVG": 6.2682926829268295, "STDEV": 2.3936581874230507}, "FG3A": {"AVG": 18.26829268292683, "STDEV": 4.911686191789177}, "FG3P": {"AVG": 0.34453759078206897, "STDEV": 0.10305443284694323}, "FTM": {"AVG": 21.890243902439025, "STDEV": 7.119796948070393}, "FTA": {"AVG": 30.195121951219512, "STDEV": 30.195121951219512}, "FTP": {"AVG": 0.7239390243902439, "STDEV": 0.7239390243902439}, "OREB": {"AVG": 13.817073170731707, "STDEV": 4.283554681643428}, "DREB": {"AVG": 28.951219512195124, "STDEV": 5.040337140948945}, "REB": {"AVG": 42.76829268292683, "STDEV": 6.7719442664457175}, "AST": {"AVG": 19.0609756097561, "STDEV": 4.478611890813221}, "BLK": {"AVG": 4.2317073170731705, "STDEV": 2.144754039182063}, "TOV": {"AVG": 13.829268292682928, "STDEV": 3.5514034021300995}, "PF": {"AVG": 22.036585365853657, "STDEV": 4.158718706855053}}