{"Team_ID": 1610612738, "Season": "2005-06", "FGM": {"AVG": 35.98780487804878, "STDEV": 4.678540192392042}, "FGA": {"AVG": 77.09756097560975, "STDEV": 7.1640559518628315}, "FGP": {"AVG": 0.4687439024390244, "STDEV": 0.06137072350153187}, "FG3M": {"AVG": 5.695121951219512, "STDEV": 2.7202442900022734}, "FG3A": {"AVG": 15.731707317073171, "STDEV": 4.724636717337112}, "FG3P": {"AVG": 0.36141269077724447, "STDEV": 0.13795080957149566}, "FTM": {"AVG": 20.29268292682927, "STDEV": 6.841211005493122}, "FTA": {"AVG": 26.878048780487806, "STDEV": 26.878048780487806}, "FTP": {"AVG": 0.752609756097561, "STDEV": 0.752609756097561}, "OREB": {"AVG": 9.914634146341463, "STDEV": 3.5770227619917776}, "DREB": {"AVG": 29.658536585365855, "STDEV": 5.663876245847416}, "REB": {"AVG": 39.573170731707314, "STDEV": 7.118105046427195}, "AST": {"AVG": 20.926829268292682, "STDEV": 4.23326184776295}, "BLK": {"AVG": 5.146341463414634, "STDEV": 2.83332004885562}, "TOV": {"AVG": 15.865853658536585, "STDEV": 3.838602482070372}, "PF": {"AVG": 24.79268292682927, "STDEV": 4.440936962860424}}