{"Team_ID": 1610612737, "Season": "2005-06", "FGM": {"AVG": 35.926829268292686, "STDEV": 4.8503035104342}, "FGA": {"AVG": 79.21951219512195, "STDEV": 7.653006171617295}, "FGP": {"AVG": 0.45496341463414636, "STDEV": 0.05729681117577466}, "FG3M": {"AVG": 5.170731707317073, "STDEV": 2.831938122923708}, "FG3A": {"AVG": 14.073170731707316, "STDEV": 4.697728602194206}, "FG3P": {"AVG": 0.3549378405769518, "STDEV": 0.1672890225619574}, "FTM": {"AVG": 20.195121951219512, "STDEV": 6.317600389095714}, "FTA": {"AVG": 26.914634146341463, "STDEV": 26.914634146341463}, "FTP": {"AVG": 0.7466463414634146, "STDEV": 0.7466463414634146}, "OREB": {"AVG": 13.036585365853659, "STDEV": 3.917183171463334}, "DREB": {"AVG": 27.21951219512195, "STDEV": 4.427814415696467}, "REB": {"AVG": 40.25609756097561, "STDEV": 5.559578489239869}, "AST": {"AVG": 19.817073170731707, "STDEV": 5.111420398324433}, "BLK": {"AVG": 4.804878048780488, "STDEV": 2.0990240200617394}, "TOV": {"AVG": 15.060975609756097, "STDEV": 3.8404846690521928}, "PF": {"AVG": 25.048780487804876, "STDEV": 4.973764351852902}}