{"Team_ID": 1610612748, "Season": "2005-06", "FGM": {"AVG": 37.0609756097561, "STDEV": 5.28764588795759}, "FGA": {"AVG": 77.5, "STDEV": 5.994338893108405}, "FGP": {"AVG": 0.47915853658536584, "STDEV": 0.06505334364058186}, "FG3M": {"AVG": 6.060975609756097, "STDEV": 2.649703272348913}, "FG3A": {"AVG": 17.573170731707318, "STDEV": 4.405469349877835}, "FG3P": {"AVG": 0.3355142399130117, "STDEV": 0.11607819760127541}, "FTM": {"AVG": 19.70731707317073, "STDEV": 6.660159425812251}, "FTA": {"AVG": 28.170731707317074, "STDEV": 28.170731707317074}, "FTP": {"AVG": 0.6956707317073171, "STDEV": 0.6956707317073171}, "OREB": {"AVG": 10.463414634146341, "STDEV": 3.166940034793954}, "DREB": {"AVG": 32.6219512195122, "STDEV": 5.250844127087929}, "REB": {"AVG": 43.08536585365854, "STDEV": 5.769655015709441}, "AST": {"AVG": 20.634146341463413, "STDEV": 4.88513036110465}, "BLK": {"AVG": 5.390243902439025, "STDEV": 2.5276549301575986}, "TOV": {"AVG": 13.890243902439025, "STDEV": 3.7647031839487646}, "PF": {"AVG": 22.817073170731707, "STDEV": 4.349338104263364}}