{"Team_ID": 1610612762, "Season": "2005-06", "FGM": {"AVG": 33.46341463414634, "STDEV": 4.838618111957529}, "FGA": {"AVG": 75.6951219512195, "STDEV": 6.834352271620085}, "FGP": {"AVG": 0.4434878048780488, "STDEV": 0.06252411759906495}, "FG3M": {"AVG": 3.792682926829268, "STDEV": 2.0106985757246054}, "FG3A": {"AVG": 11.28048780487805, "STDEV": 2.8470230943653134}, "FG3P": {"AVG": 0.3302226866071916, "STDEV": 0.14861357464717598}, "FTM": {"AVG": 21.634146341463413, "STDEV": 6.534830129224933}, "FTA": {"AVG": 30.073170731707318, "STDEV": 30.073170731707318}, "FTP": {"AVG": 0.7173658536585366, "STDEV": 0.7173658536585366}, "OREB": {"AVG": 13.060975609756097, "STDEV": 4.095609094048116}, "DREB": {"AVG": 29.024390243902438, "STDEV": 5.1303396988967975}, "REB": {"AVG": 42.08536585365854, "STDEV": 6.689223357293274}, "AST": {"AVG": 21.609756097560975, "STDEV": 4.953502558200426}, "BLK": {"AVG": 6, "STDEV": 3.079201435678004}, "TOV": {"AVG": 14.768292682926829, "STDEV": 3.7227985639632766}, "PF": {"AVG": 24.78048780487805, "STDEV": 5.221097728208481}}