{"Team_ID": 1610612753, "Season": "2005-06", "FGM": {"AVG": 35.5, "STDEV": 5.133405482898448}, "FGA": {"AVG": 75.20731707317073, "STDEV": 6.796400290636883}, "FGP": {"AVG": 0.47342682926829266, "STDEV": 0.06296207568852483}, "FG3M": {"AVG": 3.6463414634146343, "STDEV": 2.196360351933059}, "FG3A": {"AVG": 9.707317073170731, "STDEV": 3.837719889153733}, "FG3P": {"AVG": 0.3753434910923773, "STDEV": 0.15953856103023764}, "FTM": {"AVG": 20.28048780487805, "STDEV": 5.486851601770312}, "FTA": {"AVG": 27.76829268292683, "STDEV": 27.76829268292683}, "FTP": {"AVG": 0.7310609756097561, "STDEV": 0.7310609756097561}, "OREB": {"AVG": 10.878048780487806, "STDEV": 3.6998172924606814}, "DREB": {"AVG": 29.29268292682927, "STDEV": 4.3758252974754255}, "REB": {"AVG": 40.170731707317074, "STDEV": 5.667330850071083}, "AST": {"AVG": 18.23170731707317, "STDEV": 4.275392640947354}, "BLK": {"AVG": 4.414634146341464, "STDEV": 2.210810808821026}, "TOV": {"AVG": 14.426829268292684, "STDEV": 3.82980671209035}, "PF": {"AVG": 23.26829268292683, "STDEV": 4.441801382121605}}