{"Team_ID": 1610612742, "Season": "2005-06", "FGM": {"AVG": 35.951219512195124, "STDEV": 4.719024901957351}, "FGA": {"AVG": 77.7439024390244, "STDEV": 6.535394564509563}, "FGP": {"AVG": 0.463219512195122, "STDEV": 0.053710247864676944}, "FG3M": {"AVG": 5.073170731707317, "STDEV": 2.297505291198131}, "FG3A": {"AVG": 13.573170731707316, "STDEV": 4.289034216895534}, "FG3P": {"AVG": 0.37537039224427393, "STDEV": 0.1303535005627739}, "FTM": {"AVG": 22.170731707317074, "STDEV": 6.298745471895414}, "FTA": {"AVG": 28.317073170731707, "STDEV": 28.317073170731707}, "FTP": {"AVG": 0.785670731707317, "STDEV": 0.785670731707317}, "OREB": {"AVG": 12.560975609756097, "STDEV": 3.471569044254687}, "DREB": {"AVG": 29.646341463414632, "STDEV": 4.234986411625735}, "REB": {"AVG": 42.207317073170735, "STDEV": 5.408584408662847}, "AST": {"AVG": 17.963414634146343, "STDEV": 4.511836619139471}, "BLK": {"AVG": 5.951219512195122, "STDEV": 2.403199713881424}, "TOV": {"AVG": 12.865853658536585, "STDEV": 3.3839205661588556}, "PF": {"AVG": 22.365853658536587, "STDEV": 4.333368077131232}}