{"Team_ID": 1610612754, "Season": "2005-06", "FGM": {"AVG": 33.97560975609756, "STDEV": 4.3403806220877685}, "FGA": {"AVG": 76.51219512195122, "STDEV": 6.462128805757289}, "FGP": {"AVG": 0.44521951219512196, "STDEV": 0.054535303865114224}, "FG3M": {"AVG": 6.536585365853658, "STDEV": 2.690610660647617}, "FG3A": {"AVG": 18.73170731707317, "STDEV": 4.477788200946802}, "FG3P": {"AVG": 0.3458368909299569, "STDEV": 0.10948563856020663}, "FTM": {"AVG": 19.402439024390244, "STDEV": 6.647861915818621}, "FTA": {"AVG": 26.317073170731707, "STDEV": 26.317073170731707}, "FTP": {"AVG": 0.7385121951219512, "STDEV": 0.7385121951219512}, "OREB": {"AVG": 10.951219512195122, "STDEV": 4.1332808808630945}, "DREB": {"AVG": 31.20731707317073, "STDEV": 4.816991030672722}, "REB": {"AVG": 42.15853658536585, "STDEV": 6.387622120202231}, "AST": {"AVG": 19.890243902439025, "STDEV": 4.2163880673912}, "BLK": {"AVG": 4.987804878048781, "STDEV": 2.2905813723126682}, "TOV": {"AVG": 14.682926829268293, "STDEV": 3.927987732186746}, "PF": {"AVG": 22.20731707317073, "STDEV": 3.8545717761167415}}