{"Team_ID": 1610612765, "Season": "2005-06", "FGM": {"AVG": 36.3780487804878, "STDEV": 4.580258885082939}, "FGA": {"AVG": 79.97560975609755, "STDEV": 6.677723441738815}, "FGP": {"AVG": 0.45615853658536587, "STDEV": 0.05546180300795952}, "FG3M": {"AVG": 6.7926829268292686, "STDEV": 2.4632499102700987}, "FG3A": {"AVG": 17.695121951219512, "STDEV": 4.623314572821677}, "FG3P": {"AVG": 0.3883085665536568, "STDEV": 0.11522224323198732}, "FTM": {"AVG": 17.29268292682927, "STDEV": 5.986585425659376}, "FTA": {"AVG": 23.78048780487805, "STDEV": 23.78048780487805}, "FTP": {"AVG": 0.726390243902439, "STDEV": 0.726390243902439}, "OREB": {"AVG": 11.890243902439025, "STDEV": 3.88732062842419}, "DREB": {"AVG": 28.621951219512194, "STDEV": 5.316269563487649}, "REB": {"AVG": 40.51219512195122, "STDEV": 7.175479340359536}, "AST": {"AVG": 24.036585365853657, "STDEV": 4.834150944769954}, "BLK": {"AVG": 5.975609756097561, "STDEV": 2.638628570814479}, "TOV": {"AVG": 10.75609756097561, "STDEV": 3.2186224168064954}, "PF": {"AVG": 18.451219512195124, "STDEV": 3.6180358869992673}}