{"Team_ID": 1610612761, "Season": "2005-06", "FGM": {"AVG": 36.74390243902439, "STDEV": 5.025394709907307}, "FGA": {"AVG": 80.96341463414635, "STDEV": 8.618735151037756}, "FGP": {"AVG": 0.4552317073170732, "STDEV": 0.053446014941232654}, "FG3M": {"AVG": 7.414634146341464, "STDEV": 3.1542689846399603}, "FG3A": {"AVG": 19.75609756097561, "STDEV": 5.556802028189218}, "FG3P": {"AVG": 0.3705020207246538, "STDEV": 0.11907350523366236}, "FTM": {"AVG": 20.158536585365855, "STDEV": 6.092840388916964}, "FTA": {"AVG": 25.475609756097562, "STDEV": 25.475609756097562}, "FTP": {"AVG": 0.7900365853658536, "STDEV": 0.7900365853658536}, "OREB": {"AVG": 10.536585365853659, "STDEV": 4.1071906891231915}, "DREB": {"AVG": 27.9390243902439, "STDEV": 4.751471665395059}, "REB": {"AVG": 38.47560975609756, "STDEV": 6.204788293870751}, "AST": {"AVG": 19.426829268292682, "STDEV": 4.112703859046894}, "BLK": {"AVG": 3.317073170731707, "STDEV": 2.0540718295618823}, "TOV": {"AVG": 12.475609756097562, "STDEV": 3.323041926954685}, "PF": {"AVG": 23.963414634146343, "STDEV": 4.284468424181451}}