{"Team_ID": 1610612759, "Season": "2005-06", "FGM": {"AVG": 36.5, "STDEV": 5.063181062250866}, "FGA": {"AVG": 77.34146341463415, "STDEV": 6.346418280610894}, "FGP": {"AVG": 0.4722195121951219, "STDEV": 0.054628492631286434}, "FG3M": {"AVG": 6.390243902439025, "STDEV": 2.792211821004528}, "FG3A": {"AVG": 16.609756097560975, "STDEV": 4.41310085983047}, "FG3P": {"AVG": 0.37764997857215976, "STDEV": 0.11684653514031189}, "FTM": {"AVG": 16.182926829268293, "STDEV": 5.648397672454099}, "FTA": {"AVG": 23.0609756097561, "STDEV": 23.0609756097561}, "FTP": {"AVG": 0.6995731707317073, "STDEV": 0.6995731707317073}, "OREB": {"AVG": 10.378048780487806, "STDEV": 4.259021634312475}, "DREB": {"AVG": 31.073170731707318, "STDEV": 5.33050964094609}, "REB": {"AVG": 41.451219512195124, "STDEV": 7.017003051713938}, "AST": {"AVG": 20.9390243902439, "STDEV": 5.36183946917706}, "BLK": {"AVG": 5.695121951219512, "STDEV": 2.546791854544928}, "TOV": {"AVG": 13.25609756097561, "STDEV": 3.5444652580710945}, "PF": {"AVG": 20.902439024390244, "STDEV": 4.359209793884698}}