{"Team_ID": 1610612760, "Season": "2005-06", "FGM": {"AVG": 37.52439024390244, "STDEV": 5.479987405942313}, "FGA": {"AVG": 81.84146341463415, "STDEV": 6.8592003856676875}, "FGP": {"AVG": 0.4592317073170732, "STDEV": 0.0608205818762459}, "FG3M": {"AVG": 7.378048780487805, "STDEV": 3.0333139759351377}, "FG3A": {"AVG": 19.890243902439025, "STDEV": 5.4523889827111125}, "FG3P": {"AVG": 0.3712483753957531, "STDEV": 0.12069980467080932}, "FTM": {"AVG": 20.146341463414632, "STDEV": 6.9781350779355}, "FTA": {"AVG": 25.658536585365855, "STDEV": 25.658536585365855}, "FTP": {"AVG": 0.7800731707317073, "STDEV": 0.7800731707317073}, "OREB": {"AVG": 12.353658536585366, "STDEV": 4.007314149998485}, "DREB": {"AVG": 27.23170731707317, "STDEV": 4.76949871964926}, "REB": {"AVG": 39.58536585365854, "STDEV": 6.018389964578003}, "AST": {"AVG": 20.682926829268293, "STDEV": 4.8147870195848395}, "BLK": {"AVG": 3.731707317073171, "STDEV": 2.12014896103619}, "TOV": {"AVG": 14.024390243902438, "STDEV": 3.829629804357356}, "PF": {"AVG": 23.573170731707318, "STDEV": 4.408270811864639}}