{"Team_ID": 1610612750, "Season": "2005-06", "FGM": {"AVG": 35.21951219512195, "STDEV": 4.228137348540258}, "FGA": {"AVG": 77.3170731707317, "STDEV": 6.659029048676929}, "FGP": {"AVG": 0.45695121951219514, "STDEV": 0.053900892692629224}, "FG3M": {"AVG": 3.7804878048780486, "STDEV": 2.0669318243512795}, "FG3A": {"AVG": 11.487804878048781, "STDEV": 4.562985546466246}, "FG3P": {"AVG": 0.3261098105498921, "STDEV": 0.1388448800059148}, "FTM": {"AVG": 17.51219512195122, "STDEV": 6.0923832277324905}, "FTA": {"AVG": 23.109756097560975, "STDEV": 23.109756097560975}, "FTP": {"AVG": 0.7575731707317073, "STDEV": 0.7575731707317073}, "OREB": {"AVG": 9.890243902439025, "STDEV": 3.4925179199624243}, "DREB": {"AVG": 29.536585365853657, "STDEV": 4.688296755531943}, "REB": {"AVG": 39.426829268292686, "STDEV": 5.801299317649448}, "AST": {"AVG": 20.926829268292682, "STDEV": 4.599464509370623}, "BLK": {"AVG": 5.7439024390243905, "STDEV": 2.571500861699714}, "TOV": {"AVG": 13.731707317073171, "STDEV": 3.803990044539831}, "PF": {"AVG": 23.036585365853657, "STDEV": 4.134901500465111}}