{"Team_ID": 1610612764, "Season": "2005-06", "FGM": {"AVG": 36.28048780487805, "STDEV": 4.394930834843629}, "FGA": {"AVG": 81.17073170731707, "STDEV": 7.100347545047616}, "FGP": {"AVG": 0.4483780487804878, "STDEV": 0.05200584968139652}, "FG3M": {"AVG": 6.060975609756097, "STDEV": 2.5451360582399767}, "FG3A": {"AVG": 17, "STDEV": 4.679875486367264}, "FG3P": {"AVG": 0.3595875046767971, "STDEV": 0.11536061794187195}, "FTM": {"AVG": 23.036585365853657, "STDEV": 7.2306704809259434}, "FTA": {"AVG": 30.4390243902439, "STDEV": 30.4390243902439}, "FTP": {"AVG": 0.752219512195122, "STDEV": 0.752219512195122}, "OREB": {"AVG": 12.621951219512194, "STDEV": 4.1859265797341}, "DREB": {"AVG": 28.585365853658537, "STDEV": 4.4720012906428135}, "REB": {"AVG": 41.207317073170735, "STDEV": 6.426676281070971}, "AST": {"AVG": 18.573170731707318, "STDEV": 3.903244891950824}, "BLK": {"AVG": 4.134146341463414, "STDEV": 2.270379285885196}, "TOV": {"AVG": 13.414634146341463, "STDEV": 3.373649595452039}, "PF": {"AVG": 22.621951219512194, "STDEV": 4.536927344137897}}