{"Team_ID": 1610612738, "Season": "1994-95", "FGM": {"AVG": 38.76829268292683, "STDEV": 5.343274948244606}, "FGA": {"AVG": 83.5, "STDEV": 7.437393011991152}, "FGP": {"AVG": 0.46525609756097563, "STDEV": 0.05701674239184503}, "FG3M": {"AVG": 4.414634146341464, "STDEV": 2.605555411097817}, "FG3A": {"AVG": 12, "STDEV": 3.6379345652766446}, "FG3P": {"AVG": 0.3522388287792652, "STDEV": 0.15268013550794995}, "FTM": {"AVG": 20.829268292682926, "STDEV": 6.75095764226263}, "FTA": {"AVG": 27.658536585365855, "STDEV": 27.658536585365855}, "FTP": {"AVG": 0.7505243902439024, "STDEV": 0.7505243902439024}, "OREB": {"AVG": 14.097560975609756, "STDEV": 4.188785015209479}, "DREB": {"AVG": 28.29268292682927, "STDEV": 5.478324978028421}, "REB": {"AVG": 42.390243902439025, "STDEV": 6.936673158487317}, "AST": {"AVG": 21.74390243902439, "STDEV": 5.253596006804294}, "BLK": {"AVG": 4.402439024390244, "STDEV": 2.52816117286639}, "TOV": {"AVG": 15.475609756097562, "STDEV": 3.436282838630158}, "PF": {"AVG": 24.085365853658537, "STDEV": 3.8815843128906646}}