{"Team_ID": 1610612746, "Season": "1994-95", "FGM": {"AVG": 37.31707317073171, "STDEV": 5.386031427478847}, "FGA": {"AVG": 84, "STDEV": 8.935986339059156}, "FGP": {"AVG": 0.4457926829268293, "STDEV": 0.058905812621627356}, "FG3M": {"AVG": 4.036585365853658, "STDEV": 2.033334073777761}, "FG3A": {"AVG": 12.817073170731707, "STDEV": 4.7534991628142995}, "FG3P": {"AVG": 0.31814318942235575, "STDEV": 0.131710763004207}, "FTM": {"AVG": 18, "STDEV": 5.559998223643023}, "FTA": {"AVG": 25.353658536585368, "STDEV": 25.353658536585368}, "FTP": {"AVG": 0.7086951219512195, "STDEV": 0.7086951219512195}, "OREB": {"AVG": 12.975609756097562, "STDEV": 4.19869353506363}, "DREB": {"AVG": 25.317073170731707, "STDEV": 5.220751681322981}, "REB": {"AVG": 38.292682926829265, "STDEV": 6.678670313579095}, "AST": {"AVG": 22.01219512195122, "STDEV": 4.725799697011312}, "BLK": {"AVG": 5.304878048780488, "STDEV": 2.627908262629452}, "TOV": {"AVG": 15.512195121951219, "STDEV": 3.856192398378126}, "PF": {"AVG": 26.24390243902439, "STDEV": 5.056620096979717}}