{"Team_ID": 1610612748, "Season": "1994-95", "FGM": {"AVG": 38.34146341463415, "STDEV": 4.810532457362318}, "FGA": {"AVG": 82.17073170731707, "STDEV": 7.1987736919472}, "FGP": {"AVG": 0.4683048780487805, "STDEV": 0.05668729233005701}, "FG3M": {"AVG": 5.317073170731708, "STDEV": 2.72110203156458}, "FG3A": {"AVG": 14.414634146341463, "STDEV": 5.171028551869708}, "FG3P": {"AVG": 0.37536384324947764, "STDEV": 0.15536300118788332}, "FTM": {"AVG": 19.134146341463413, "STDEV": 7.388282673748256}, "FTA": {"AVG": 26.01219512195122, "STDEV": 26.01219512195122}, "FTP": {"AVG": 0.7277439024390244, "STDEV": 0.7277439024390244}, "OREB": {"AVG": 13.317073170731707, "STDEV": 4.2885954095918795}, "DREB": {"AVG": 27.70731707317073, "STDEV": 4.751836045094358}, "REB": {"AVG": 41.02439024390244, "STDEV": 6.607096091280178}, "AST": {"AVG": 21.695121951219512, "STDEV": 5.451670996273616}, "BLK": {"AVG": 3.6341463414634148, "STDEV": 1.9969865886154334}, "TOV": {"AVG": 15.341463414634147, "STDEV": 4.306812038009524}, "PF": {"AVG": 24.390243902439025, "STDEV": 5.290933539325073}}