{"Team_ID": 1610612758, "Season": "1994-95", "FGM": {"AVG": 36.890243902439025, "STDEV": 4.760968097323043}, "FGA": {"AVG": 78.8170731707317, "STDEV": 7.221586380182114}, "FGP": {"AVG": 0.46931707317073174, "STDEV": 0.05282252560301334}, "FG3M": {"AVG": 4.378048780487805, "STDEV": 2.192243587790456}, "FG3A": {"AVG": 12.646341463414634, "STDEV": 4.568739597700103}, "FG3P": {"AVG": 0.3499251992567042, "STDEV": 0.14824918317063587}, "FTM": {"AVG": 20.085365853658537, "STDEV": 6.49064135298975}, "FTA": {"AVG": 28.25609756097561, "STDEV": 28.25609756097561}, "FTP": {"AVG": 0.7147073170731707, "STDEV": 0.7147073170731707}, "OREB": {"AVG": 13.085365853658537, "STDEV": 4.0344235426252375}, "DREB": {"AVG": 28.353658536585368, "STDEV": 4.717636861923098}, "REB": {"AVG": 41.4390243902439, "STDEV": 6.369482722132616}, "AST": {"AVG": 22.24390243902439, "STDEV": 4.995209991037602}, "BLK": {"AVG": 5.573170731707317, "STDEV": 2.3987161576682468}, "TOV": {"AVG": 17.048780487804876, "STDEV": 3.928064390059572}, "PF": {"AVG": 24.878048780487806, "STDEV": 4.281427718207217}}