{"Team_ID": 1610612752, "Season": "1994-95", "FGM": {"AVG": 36.40243902439025, "STDEV": 4.47450874908283}, "FGA": {"AVG": 77.97560975609755, "STDEV": 6.699872137634}, "FGP": {"AVG": 0.4683414634146342, "STDEV": 0.05627604352097959}, "FG3M": {"AVG": 6.487804878048781, "STDEV": 2.7899462468339467}, "FG3A": {"AVG": 17.634146341463413, "STDEV": 4.33051815997524}, "FG3P": {"AVG": 0.3662490405896808, "STDEV": 0.12465280070669456}, "FTM": {"AVG": 18.926829268292682, "STDEV": 6.153951832414355}, "FTA": {"AVG": 25.78048780487805, "STDEV": 25.78048780487805}, "FTP": {"AVG": 0.7358292682926829, "STDEV": 0.7358292682926829}, "OREB": {"AVG": 11.329268292682928, "STDEV": 3.8683740740152186}, "DREB": {"AVG": 30.158536585365855, "STDEV": 4.8367663725974435}, "REB": {"AVG": 41.48780487804878, "STDEV": 6.67637053473015}, "AST": {"AVG": 25.0609756097561, "STDEV": 4.0409861923551755}, "BLK": {"AVG": 4.719512195121951, "STDEV": 2.103931594460816}, "TOV": {"AVG": 15.487804878048781, "STDEV": 4.037612980306724}, "PF": {"AVG": 25.634146341463413, "STDEV": 4.214941661860539}}