{"Team_ID": 1610612743, "Season": "1994-95", "FGM": {"AVG": 37.78048780487805, "STDEV": 5.21873261716665}, "FGA": {"AVG": 78.79268292682927, "STDEV": 7.150477502622281}, "FGP": {"AVG": 0.4807439024390244, "STDEV": 0.06181050511529289}, "FG3M": {"AVG": 5.036585365853658, "STDEV": 2.033334073777761}, "FG3A": {"AVG": 14.146341463414634, "STDEV": 4.15775922324832}, "FG3P": {"AVG": 0.363377023565425, "STDEV": 0.12786740140284267}, "FTM": {"AVG": 20.73170731707317, "STDEV": 7.545825074929002}, "FTA": {"AVG": 28.109756097560975, "STDEV": 28.109756097560975}, "FTP": {"AVG": 0.7330853658536586, "STDEV": 0.7330853658536586}, "OREB": {"AVG": 12.682926829268293, "STDEV": 3.7180840970323192}, "DREB": {"AVG": 29.29268292682927, "STDEV": 5.155574245363749}, "REB": {"AVG": 41.97560975609756, "STDEV": 6.784105624898553}, "AST": {"AVG": 22.390243902439025, "STDEV": 5.149028669183487}, "BLK": {"AVG": 7.134146341463414, "STDEV": 3.1846940862136552}, "TOV": {"AVG": 16.24390243902439, "STDEV": 4.816537805811223}, "PF": {"AVG": 25.158536585365855, "STDEV": 4.902681332876063}}