{"Team_ID": 1610612765, "Season": "1994-95", "FGM": {"AVG": 37.31707317073171, "STDEV": 4.8986721526121215}, "FGA": {"AVG": 80.89024390243902, "STDEV": 7.886550666879574}, "FGP": {"AVG": 0.4630487804878049, "STDEV": 0.05755574912859435}, "FG3M": {"AVG": 6.024390243902439, "STDEV": 2.707901605503573}, "FG3A": {"AVG": 17.024390243902438, "STDEV": 4.337535312429203}, "FG3P": {"AVG": 0.3476806812347861, "STDEV": 0.11883284469961834}, "FTM": {"AVG": 17.548780487804876, "STDEV": 6.033143927913805}, "FTA": {"AVG": 23.670731707317074, "STDEV": 23.670731707317074}, "FTP": {"AVG": 0.7410609756097561, "STDEV": 0.7410609756097561}, "OREB": {"AVG": 11.682926829268293, "STDEV": 3.927987732186746}, "DREB": {"AVG": 26.878048780487806, "STDEV": 5.387205335879116}, "REB": {"AVG": 38.5609756097561, "STDEV": 6.541600138327635}, "AST": {"AVG": 22.829268292682926, "STDEV": 5.170679154113578}, "BLK": {"AVG": 5.121951219512195, "STDEV": 2.415946221615712}, "TOV": {"AVG": 15.682926829268293, "STDEV": 4.294348996439614}, "PF": {"AVG": 26.23170731707317, "STDEV": 4.298431469555414}}