{"Team_ID": 1610612745, "Season": "1994-95", "FGM": {"AVG": 38.52439024390244, "STDEV": 5.023956460051802}, "FGA": {"AVG": 80.23170731707317, "STDEV": 6.855292234251056}, "FGP": {"AVG": 0.4814512195121951, "STDEV": 0.05913369502562239}, "FG3M": {"AVG": 7.878048780487805, "STDEV": 3.1363667109793196}, "FG3A": {"AVG": 21.426829268292682, "STDEV": 5.648184429815201}, "FG3P": {"AVG": 0.3664232725139164, "STDEV": 0.11208760661757027}, "FTM": {"AVG": 18.621951219512194, "STDEV": 6.466705314703981}, "FTA": {"AVG": 24.865853658536587, "STDEV": 24.865853658536587}, "FTP": {"AVG": 0.7508292682926829, "STDEV": 0.7508292682926829}, "OREB": {"AVG": 10.731707317073171, "STDEV": 3.3260987435057814}, "DREB": {"AVG": 29.75609756097561, "STDEV": 4.938038235979342}, "REB": {"AVG": 40.48780487804878, "STDEV": 6.045596096249588}, "AST": {"AVG": 25.121951219512194, "STDEV": 5.563084329475004}, "BLK": {"AVG": 6.2682926829268295, "STDEV": 2.586998740080939}, "TOV": {"AVG": 15.609756097560975, "STDEV": 3.8706113262045063}, "PF": {"AVG": 20.902439024390244, "STDEV": 4.066149803515746}}