{"Team_ID": 1610612759, "Season": "1994-95", "FGM": {"AVG": 39.46341463414634, "STDEV": 4.907024750297283}, "FGA": {"AVG": 81.54878048780488, "STDEV": 7.078314019498352}, "FGP": {"AVG": 0.48471951219512194, "STDEV": 0.05074829545036103}, "FG3M": {"AVG": 5.2926829268292686, "STDEV": 2.5214526720197967}, "FG3A": {"AVG": 14.121951219512194, "STDEV": 4.284310290380209}, "FG3P": {"AVG": 0.3690269349254285, "STDEV": 0.12718499262645092}, "FTM": {"AVG": 22.390243902439025, "STDEV": 6.8091371030348125}, "FTA": {"AVG": 30.329268292682926, "STDEV": 30.329268292682926}, "FTP": {"AVG": 0.7374512195121952, "STDEV": 0.7374512195121952}, "OREB": {"AVG": 12.548780487804878, "STDEV": 4.145955753709069}, "DREB": {"AVG": 32.451219512195124, "STDEV": 4.919481150561071}, "REB": {"AVG": 45, "STDEV": 6.696230743697495}, "AST": {"AVG": 23.402439024390244, "STDEV": 5.346880378331527}, "BLK": {"AVG": 5.560975609756097, "STDEV": 2.8592391329077143}, "TOV": {"AVG": 14.75609756097561, "STDEV": 3.5644367401196737}, "PF": {"AVG": 22.817073170731707, "STDEV": 4.508231288721181}}