{"Team_ID": 1610612749, "Season": "2018-19", "FGM": {"AVG": 43.353658536585364, "STDEV": 5.114423929327412}, "FGA": {"AVG": 91.10975609756098, "STDEV": 6.8763435904807055}, "FGP": {"AVG": 0.47680487804878047, "STDEV": 0.052139281422636574}, "FG3M": {"AVG": 13.475609756097562, "STDEV": 3.5284578863444174}, "FG3A": {"AVG": 38.21951219512195, "STDEV": 6.4253056616419775}, "FG3P": {"AVG": 0.35322449387814453, "STDEV": 0.0768536581807335}, "FTM": {"AVG": 17.9390243902439, "STDEV": 5.450897674345749}, "FTA": {"AVG": 23.21951219512195, "STDEV": 23.21951219512195}, "FTP": {"AVG": 0.7718414634146341, "STDEV": 0.7718414634146341}, "OREB": {"AVG": 9.292682926829269, "STDEV": 3.639589601332087}, "DREB": {"AVG": 40.4390243902439, "STDEV": 5.233079873493308}, "REB": {"AVG": 49.73170731707317, "STDEV": 6.49035139623522}, "AST": {"AVG": 26.048780487804876, "STDEV": 4.449725859288913}, "BLK": {"AVG": 5.926829268292683, "STDEV": 2.498298125934207}, "TOV": {"AVG": 13.25609756097561, "STDEV": 2.95568494123542}, "PF": {"AVG": 19.609756097560975, "STDEV": 3.97136695551201}}