{"Team_ID": 1610612739, "Season": "2018-19", "FGM": {"AVG": 38.890243902439025, "STDEV": 4.758374288105456}, "FGA": {"AVG": 87.60975609756098, "STDEV": 7.181519660290237}, "FGP": {"AVG": 0.4447560975609756, "STDEV": 0.049635103312869744}, "FG3M": {"AVG": 10.329268292682928, "STDEV": 3.562683404155005}, "FG3A": {"AVG": 29.121951219512194, "STDEV": 6.902120346787768}, "FG3P": {"AVG": 0.35204047268077865, "STDEV": 0.08590196490344391}, "FTM": {"AVG": 16.365853658536587, "STDEV": 6.50453250352636}, "FTA": {"AVG": 20.658536585365855, "STDEV": 20.658536585365855}, "FTP": {"AVG": 0.7861951219512195, "STDEV": 0.7861951219512195}, "OREB": {"AVG": 10.71951219512195, "STDEV": 3.8913464940668647}, "DREB": {"AVG": 31.9390243902439, "STDEV": 5.936594112259887}, "REB": {"AVG": 42.65853658536585, "STDEV": 8.04649990958437}, "AST": {"AVG": 20.70731707317073, "STDEV": 4.536512515077854}, "BLK": {"AVG": 2.3780487804878048, "STDEV": 1.5286582828543582}, "TOV": {"AVG": 12.634146341463415, "STDEV": 3.8921008802792354}, "PF": {"AVG": 20.024390243902438, "STDEV": 4.006092920515559}}