{"Team_ID": 1610612748, "Season": "2018-19", "FGM": {"AVG": 39.646341463414636, "STDEV": 4.211600532156046}, "FGA": {"AVG": 88.02439024390245, "STDEV": 6.3108286512614695}, "FGP": {"AVG": 0.4518536585365854, "STDEV": 0.05104370481523338}, "FG3M": {"AVG": 11.317073170731707, "STDEV": 2.8712196779460104}, "FG3A": {"AVG": 32.41463414634146, "STDEV": 4.825219804402173}, "FG3P": {"AVG": 0.3505584732758487, "STDEV": 0.07791792998423527}, "FTM": {"AVG": 15.097560975609756, "STDEV": 5.36934544622782}, "FTA": {"AVG": 21.73170731707317, "STDEV": 21.73170731707317}, "FTP": {"AVG": 0.6891951219512195, "STDEV": 0.6891951219512195}, "OREB": {"AVG": 11.231707317073171, "STDEV": 4.0224640212397205}, "DREB": {"AVG": 35.109756097560975, "STDEV": 5.539991749249496}, "REB": {"AVG": 46.34146341463415, "STDEV": 6.628072569014801}, "AST": {"AVG": 24.28048780487805, "STDEV": 4.119434188176046}, "BLK": {"AVG": 5.463414634146342, "STDEV": 2.3050943150475818}, "TOV": {"AVG": 14.085365853658537, "STDEV": 3.489671601911848}, "PF": {"AVG": 20.878048780487806, "STDEV": 4.122776973460938}}