{"Team_ID": 1610612766, "Season": "2018-19", "FGM": {"AVG": 40.207317073170735, "STDEV": 5.253424056553641}, "FGA": {"AVG": 89.78048780487805, "STDEV": 6.745870964356691}, "FGP": {"AVG": 0.4486951219512195, "STDEV": 0.056617339974493794}, "FG3M": {"AVG": 11.914634146341463, "STDEV": 3.6216128305118804}, "FG3A": {"AVG": 33.9390243902439, "STDEV": 5.576289223629869}, "FG3P": {"AVG": 0.35122111064773964, "STDEV": 0.09033399501236553}, "FTM": {"AVG": 18.414634146341463, "STDEV": 6.4405183816982055}, "FTA": {"AVG": 23.109756097560975, "STDEV": 23.109756097560975}, "FTP": {"AVG": 0.7924878048780488, "STDEV": 0.7924878048780488}, "OREB": {"AVG": 9.926829268292684, "STDEV": 3.219464290246101}, "DREB": {"AVG": 33.8780487804878, "STDEV": 4.9376113680890725}, "REB": {"AVG": 43.80487804878049, "STDEV": 5.99678725588558}, "AST": {"AVG": 23.23170731707317, "STDEV": 4.7539425626092475}, "BLK": {"AVG": 4.939024390243903, "STDEV": 2.3796854288200597}, "TOV": {"AVG": 11.658536585365853, "STDEV": 3.6148510964163196}, "PF": {"AVG": 18.902439024390244, "STDEV": 4.412691449622261}}