{"Team_ID": 1610612747, "Season": "2018-19", "FGM": {"AVG": 42.573170731707314, "STDEV": 4.735029659012221}, "FGA": {"AVG": 90.54878048780488, "STDEV": 6.702040299300037}, "FGP": {"AVG": 0.47102439024390247, "STDEV": 0.04730123471093713}, "FG3M": {"AVG": 10.329268292682928, "STDEV": 3.531358211229678}, "FG3A": {"AVG": 30.98780487804878, "STDEV": 6.117156408770224}, "FG3P": {"AVG": 0.33116674383652955, "STDEV": 0.0819703069792834}, "FTM": {"AVG": 16.29268292682927, "STDEV": 4.741432311797695}, "FTA": {"AVG": 23.29268292682927, "STDEV": 23.29268292682927}, "FTP": {"AVG": 0.6976829268292682, "STDEV": 0.6976829268292682}, "OREB": {"AVG": 10.182926829268293, "STDEV": 3.67550466436785}, "DREB": {"AVG": 36.40243902439025, "STDEV": 5.079272223793145}, "REB": {"AVG": 46.58536585365854, "STDEV": 6.40977498018436}, "AST": {"AVG": 25.5609756097561, "STDEV": 4.946872215395012}, "BLK": {"AVG": 5.365853658536586, "STDEV": 2.225065931174371}, "TOV": {"AVG": 15.195121951219512, "STDEV": 3.9579238365657576}, "PF": {"AVG": 20.74390243902439, "STDEV": 4.033229186319158}}