{"Team_ID": 1610612751, "Season": "2018-19", "FGM": {"AVG": 40.25609756097561, "STDEV": 5.3950388174892865}, "FGA": {"AVG": 89.73170731707317, "STDEV": 8.533230295222545}, "FGP": {"AVG": 0.4496219512195122, "STDEV": 0.05059440271679463}, "FG3M": {"AVG": 12.768292682926829, "STDEV": 3.8177583122250005}, "FG3A": {"AVG": 36.15853658536585, "STDEV": 6.6415629429980925}, "FG3P": {"AVG": 0.35277475448690093, "STDEV": 0.0832807624147026}, "FTM": {"AVG": 18.963414634146343, "STDEV": 6.2250888673337785}, "FTA": {"AVG": 25.463414634146343, "STDEV": 25.463414634146343}, "FTP": {"AVG": 0.746719512195122, "STDEV": 0.746719512195122}, "OREB": {"AVG": 10.975609756097562, "STDEV": 4.121535162138393}, "DREB": {"AVG": 35.59756097560975, "STDEV": 5.877052583067239}, "REB": {"AVG": 46.573170731707314, "STDEV": 7.272526498693183}, "AST": {"AVG": 23.829268292682926, "STDEV": 4.534653615063874}, "BLK": {"AVG": 4.134146341463414, "STDEV": 2.2812287955893327}, "TOV": {"AVG": 14.402439024390244, "STDEV": 3.5896275679355636}, "PF": {"AVG": 21.5, "STDEV": 4.519505053202831}}