{"Team_ID": 1610612759, "Season": "2018-19", "FGM": {"AVG": 42.292682926829265, "STDEV": 5.167533511219975}, "FGA": {"AVG": 88.39024390243902, "STDEV": 6.818196600131795}, "FGP": {"AVG": 0.47959756097560974, "STDEV": 0.05723912582178309}, "FG3M": {"AVG": 9.902439024390244, "STDEV": 3.0494272123460444}, "FG3A": {"AVG": 25.25609756097561, "STDEV": 5.426981007389088}, "FG3P": {"AVG": 0.3967276870471787, "STDEV": 0.11569631177575}, "FTM": {"AVG": 17.170731707317074, "STDEV": 5.5283888619209725}, "FTA": {"AVG": 20.975609756097562, "STDEV": 20.975609756097562}, "FTP": {"AVG": 0.8196219512195122, "STDEV": 0.8196219512195122}, "OREB": {"AVG": 9.231707317073171, "STDEV": 3.5111771459606205}, "DREB": {"AVG": 35.48780487804878, "STDEV": 5.405173339094217}, "REB": {"AVG": 44.71951219512195, "STDEV": 5.468821594790957}, "AST": {"AVG": 24.548780487804876, "STDEV": 5.013937214970283}, "BLK": {"AVG": 4.7073170731707314, "STDEV": 2.0577334101171405}, "TOV": {"AVG": 11.817073170731707, "STDEV": 3.3412056993612564}, "PF": {"AVG": 18.134146341463413, "STDEV": 3.578958380511136}}