{"Team_ID": 1610612757, "Season": "2018-19", "FGM": {"AVG": 42.31707317073171, "STDEV": 4.642471800057921}, "FGA": {"AVG": 90.57317073170732, "STDEV": 7.702862203015121}, "FGP": {"AVG": 0.46902439024390247, "STDEV": 0.05331990006977478}, "FG3M": {"AVG": 11.024390243902438, "STDEV": 3.154364445606454}, "FG3A": {"AVG": 30.73170731707317, "STDEV": 5.685260953624732}, "FG3P": {"AVG": 0.36213575144397436, "STDEV": 0.09390917238718167}, "FTM": {"AVG": 19, "STDEV": 6.126243889817877}, "FTA": {"AVG": 23.341463414634145, "STDEV": 23.341463414634145}, "FTP": {"AVG": 0.8122317073170732, "STDEV": 0.8122317073170732}, "OREB": {"AVG": 11.792682926829269, "STDEV": 3.753970095574862}, "DREB": {"AVG": 36.19512195121951, "STDEV": 5.686108314367751}, "REB": {"AVG": 47.98780487804878, "STDEV": 7.033419171740585}, "AST": {"AVG": 23.01219512195122, "STDEV": 4.759639737479423}, "BLK": {"AVG": 5.036585365853658, "STDEV": 2.71913712689245}, "TOV": {"AVG": 13.304878048780488, "STDEV": 4.011369718934087}, "PF": {"AVG": 20.353658536585368, "STDEV": 4.506160258693091}}