{"Team_ID": 1610612744, "Season": "2018-19", "FGM": {"AVG": 44.048780487804876, "STDEV": 5.230259628200115}, "FGA": {"AVG": 89.76829268292683, "STDEV": 6.400807781753655}, "FGP": {"AVG": 0.49140243902439024, "STDEV": 0.05401551211951316}, "FG3M": {"AVG": 13.25609756097561, "STDEV": 4.373915316994705}, "FG3A": {"AVG": 34.4390243902439, "STDEV": 7.151098613647684}, "FG3P": {"AVG": 0.3845596319098261, "STDEV": 0.1004183745880498}, "FTM": {"AVG": 16.329268292682926, "STDEV": 5.663517377710093}, "FTA": {"AVG": 20.390243902439025, "STDEV": 20.390243902439025}, "FTP": {"AVG": 0.8035853658536585, "STDEV": 0.8035853658536585}, "OREB": {"AVG": 9.71951219512195, "STDEV": 3.3564913715083398}, "DREB": {"AVG": 36.46341463414634, "STDEV": 4.486454570825329}, "REB": {"AVG": 46.18292682926829, "STDEV": 5.8544655295385635}, "AST": {"AVG": 29.426829268292682, "STDEV": 5.568940515422837}, "BLK": {"AVG": 6.402439024390244, "STDEV": 2.3615215648336445}, "TOV": {"AVG": 13.75609756097561, "STDEV": 3.3538662988941845}, "PF": {"AVG": 21.426829268292682, "STDEV": 3.5660625580634}}