{"Team_ID": 1610612764, "Season": "2018-19", "FGM": {"AVG": 42.146341463414636, "STDEV": 5.204750800404275}, "FGA": {"AVG": 90.08536585365853, "STDEV": 8.107611451268836}, "FGP": {"AVG": 0.468219512195122, "STDEV": 0.044501636643573456}, "FG3M": {"AVG": 11.341463414634147, "STDEV": 3.163134529892863}, "FG3A": {"AVG": 33.30487804878049, "STDEV": 5.8955706838819255}, "FG3P": {"AVG": 0.3392767593474004, "STDEV": 0.07444454065517499}, "FTM": {"AVG": 18.390243902439025, "STDEV": 6.21776844086539}, "FTA": {"AVG": 23.9390243902439, "STDEV": 23.9390243902439}, "FTP": {"AVG": 0.765219512195122, "STDEV": 0.765219512195122}, "OREB": {"AVG": 9.682926829268293, "STDEV": 4.057847293978251}, "DREB": {"AVG": 32.670731707317074, "STDEV": 5.02599385920928}, "REB": {"AVG": 42.353658536585364, "STDEV": 7.003300723070924}, "AST": {"AVG": 26.26829268292683, "STDEV": 5.077300683854245}, "BLK": {"AVG": 4.621951219512195, "STDEV": 2.6650006087250087}, "TOV": {"AVG": 13.658536585365853, "STDEV": 3.8816424937469796}, "PF": {"AVG": 20.74390243902439, "STDEV": 4.596861451059939}}