{"Team_ID": 1610612755, "Season": "2015-16", "FGM": {"AVG": 36.21951219512195, "STDEV": 4.499723970255444}, "FGA": {"AVG": 83.98780487804878, "STDEV": 6.992931002865688}, "FGP": {"AVG": 0.43267073170731707, "STDEV": 0.0542707103048123}, "FG3M": {"AVG": 9.317073170731707, "STDEV": 3.3587109843005885}, "FG3A": {"AVG": 27.5, "STDEV": 6.287848363075961}, "FG3P": {"AVG": 0.33744969420477516, "STDEV": 0.0913342876262727}, "FTM": {"AVG": 15.658536585365853, "STDEV": 4.709379954980632}, "FTA": {"AVG": 22.5609756097561, "STDEV": 22.5609756097561}, "FTP": {"AVG": 0.6976707317073171, "STDEV": 0.6976707317073171}, "OREB": {"AVG": 9.475609756097562, "STDEV": 3.323041926954685}, "DREB": {"AVG": 31.76829268292683, "STDEV": 5.116660708134557}, "REB": {"AVG": 41.24390243902439, "STDEV": 5.834255960073083}, "AST": {"AVG": 21.524390243902438, "STDEV": 4.592601698857423}, "BLK": {"AVG": 6.036585365853658, "STDEV": 2.3593529242183684}, "TOV": {"AVG": 15.597560975609756, "STDEV": 4.687413554356966}, "PF": {"AVG": 21.70731707317073, "STDEV": 4.398338083665627}}