{"Team_ID": 1610612741, "Season": "2015-16", "FGM": {"AVG": 38.59756097560975, "STDEV": 3.9373480957492535}, "FGA": {"AVG": 87.4390243902439, "STDEV": 6.849524739709435}, "FGP": {"AVG": 0.44321951219512196, "STDEV": 0.04996764987796615}, "FG3M": {"AVG": 7.939024390243903, "STDEV": 2.7859770588138875}, "FG3A": {"AVG": 21.378048780487806, "STDEV": 4.1622650644483095}, "FG3P": {"AVG": 0.36885775739082305, "STDEV": 0.10073644334995568}, "FTM": {"AVG": 16.51219512195122, "STDEV": 5.527135981590127}, "FTA": {"AVG": 20.975609756097562, "STDEV": 20.975609756097562}, "FTP": {"AVG": 0.7820121951219512, "STDEV": 0.7820121951219512}, "OREB": {"AVG": 11.060975609756097, "STDEV": 3.692994906862697}, "DREB": {"AVG": 35.23170731707317, "STDEV": 5.324758802832374}, "REB": {"AVG": 46.292682926829265, "STDEV": 6.81589972119122}, "AST": {"AVG": 22.804878048780488, "STDEV": 5.014642816546049}, "BLK": {"AVG": 5.7317073170731705, "STDEV": 2.6668924926963444}, "TOV": {"AVG": 13.329268292682928, "STDEV": 4.444596880854688}, "PF": {"AVG": 18.841463414634145, "STDEV": 4.173607588299854}}