{"Team_ID": 1610612746, "Season": "2015-16", "FGM": {"AVG": 38.30487804878049, "STDEV": 4.30242258598584}, "FGA": {"AVG": 82.42682926829268, "STDEV": 6.701815651912488}, "FGP": {"AVG": 0.46620731707317076, "STDEV": 0.05236899888832028}, "FG3M": {"AVG": 9.71951219512195, "STDEV": 3.2098397723324092}, "FG3A": {"AVG": 26.70731707317073, "STDEV": 6.042008914705764}, "FG3P": {"AVG": 0.36519528744872415, "STDEV": 0.09441145983094074}, "FTM": {"AVG": 18.170731707317074, "STDEV": 6.048782916144086}, "FTA": {"AVG": 26.24390243902439, "STDEV": 26.24390243902439}, "FTP": {"AVG": 0.7067682926829268, "STDEV": 0.7067682926829268}, "OREB": {"AVG": 8.792682926829269, "STDEV": 3.15734614642533}, "DREB": {"AVG": 33.25609756097561, "STDEV": 5.06211046508615}, "REB": {"AVG": 42.048780487804876, "STDEV": 5.818027409601457}, "AST": {"AVG": 22.841463414634145, "STDEV": 3.821542291575393}, "BLK": {"AVG": 5.609756097560975, "STDEV": 2.3399699141306143}, "TOV": {"AVG": 12.390243902439025, "STDEV": 3.180791490757986}, "PF": {"AVG": 21.29268292682927, "STDEV": 4.5690526475139555}}