{"Team_ID": 1610612763, "Season": "2015-16", "FGM": {"AVG": 36.81707317073171, "STDEV": 4.926942930109426}, "FGA": {"AVG": 83.64634146341463, "STDEV": 7.125630925012475}, "FGP": {"AVG": 0.44215853658536586, "STDEV": 0.06183240380896525}, "FG3M": {"AVG": 6.146341463414634, "STDEV": 2.6063642489131573}, "FG3A": {"AVG": 18.548780487804876, "STDEV": 4.061722674804618}, "FG3P": {"AVG": 0.3277231401448276, "STDEV": 0.11768422643902361}, "FTM": {"AVG": 19.317073170731707, "STDEV": 6.208075284282616}, "FTA": {"AVG": 24.682926829268293, "STDEV": 24.682926829268293}, "FTP": {"AVG": 0.7815731707317073, "STDEV": 0.7815731707317073}, "OREB": {"AVG": 11.170731707317072, "STDEV": 5.013081352140594}, "DREB": {"AVG": 30.451219512195124, "STDEV": 5.123541500444303}, "REB": {"AVG": 41.6219512195122, "STDEV": 6.792588996954085}, "AST": {"AVG": 20.695121951219512, "STDEV": 4.30242258598584}, "BLK": {"AVG": 4.2682926829268295, "STDEV": 1.943960450798006}, "TOV": {"AVG": 12.695121951219512, "STDEV": 3.7538096677883566}, "PF": {"AVG": 21.74390243902439, "STDEV": 4.014821231540521}}