{"Team_ID": 1610612758, "Season": "2015-16", "FGM": {"AVG": 40.03658536585366, "STDEV": 5.02695234955748}, "FGA": {"AVG": 86.3780487804878, "STDEV": 7.47281533193785}, "FGP": {"AVG": 0.46469512195121954, "STDEV": 0.053779313344557544}, "FG3M": {"AVG": 8.048780487804878, "STDEV": 2.227230129552163}, "FG3A": {"AVG": 22.426829268292682, "STDEV": 4.594764835812247}, "FG3P": {"AVG": 0.36029317568972613, "STDEV": 0.07742427465616618}, "FTM": {"AVG": 18.463414634146343, "STDEV": 6.605637551030609}, "FTA": {"AVG": 25.475609756097562, "STDEV": 25.475609756097562}, "FTP": {"AVG": 0.7194024390243903, "STDEV": 0.7194024390243903}, "OREB": {"AVG": 10.585365853658537, "STDEV": 4.070220728422341}, "DREB": {"AVG": 33.65853658536585, "STDEV": 5.430184300342119}, "REB": {"AVG": 44.24390243902439, "STDEV": 6.2114211324133795}, "AST": {"AVG": 24.5, "STDEV": 4.222953153106642}, "BLK": {"AVG": 4.487804878048781, "STDEV": 2.5591467638625685}, "TOV": {"AVG": 15.536585365853659, "STDEV": 3.836778232928258}, "PF": {"AVG": 20.4390243902439, "STDEV": 4.263243884549752}}