{"Team_ID": 1610612752, "Season": "2015-16", "FGM": {"AVG": 36.853658536585364, "STDEV": 4.619128107614667}, "FGA": {"AVG": 83.97560975609755, "STDEV": 5.717583038001884}, "FGP": {"AVG": 0.44009756097560976, "STDEV": 0.05676627623364517}, "FG3M": {"AVG": 7.439024390243903, "STDEV": 2.8764585606696342}, "FG3A": {"AVG": 21.48780487804878, "STDEV": 4.202421120032994}, "FG3P": {"AVG": 0.3429356637679186, "STDEV": 0.10398892917142073}, "FTM": {"AVG": 17.20731707317073, "STDEV": 5.426814550897088}, "FTA": {"AVG": 21.378048780487806, "STDEV": 21.378048780487806}, "FTP": {"AVG": 0.8104024390243902, "STDEV": 0.8104024390243902}, "OREB": {"AVG": 10.365853658536585, "STDEV": 3.5259608448697146}, "DREB": {"AVG": 34, "STDEV": 4.447221354708778}, "REB": {"AVG": 44.36585365853659, "STDEV": 5.229338402366778}, "AST": {"AVG": 20.51219512195122, "STDEV": 3.951070811065019}, "BLK": {"AVG": 5.682926829268292, "STDEV": 2.210402168761686}, "TOV": {"AVG": 12.658536585365853, "STDEV": 3.580535556172478}, "PF": {"AVG": 19.70731707317073, "STDEV": 4.026111701019685}}