{"Team_ID": 1610612747, "Season": "2015-16", "FGM": {"AVG": 35.1219512195122, "STDEV": 4.686176793065184}, "FGA": {"AVG": 84.82926829268293, "STDEV": 5.834772051253875}, "FGP": {"AVG": 0.4153170731707317, "STDEV": 0.05770719578743106}, "FG3M": {"AVG": 7.7926829268292686, "STDEV": 2.547028309003534}, "FG3A": {"AVG": 24.585365853658537, "STDEV": 4.993702749308299}, "FG3P": {"AVG": 0.31786748188472325, "STDEV": 0.08340350331081058}, "FTM": {"AVG": 19.304878048780488, "STDEV": 5.727751426580712}, "FTA": {"AVG": 24.73170731707317, "STDEV": 24.73170731707317}, "FTP": {"AVG": 0.7784634146341464, "STDEV": 0.7784634146341464}, "OREB": {"AVG": 10.707317073170731, "STDEV": 3.7366645352293415}, "DREB": {"AVG": 32.25609756097561, "STDEV": 4.842739189194673}, "REB": {"AVG": 42.96341463414634, "STDEV": 5.934717112775645}, "AST": {"AVG": 18.024390243902438, "STDEV": 3.69175126483152}, "BLK": {"AVG": 4.109756097560975, "STDEV": 1.9373272766402203}, "TOV": {"AVG": 13.012195121951219, "STDEV": 3.5572700811989515}, "PF": {"AVG": 20.26829268292683, "STDEV": 3.8651618415568683}}