{"Team_ID": 1610612742, "Season": "2015-16", "FGM": {"AVG": 37.36585365853659, "STDEV": 4.707525352165694}, "FGA": {"AVG": 84.14634146341463, "STDEV": 6.836940242678977}, "FGP": {"AVG": 0.4447926829268293, "STDEV": 0.04922428834511891}, "FG3M": {"AVG": 9.829268292682928, "STDEV": 3.3731140246701825}, "FG3A": {"AVG": 28.5609756097561, "STDEV": 5.665789825353283}, "FG3P": {"AVG": 0.34300637422591573, "STDEV": 0.0915059936343686}, "FTM": {"AVG": 17.73170731707317, "STDEV": 5.9088733869835615}, "FTA": {"AVG": 22.329268292682926, "STDEV": 22.329268292682926}, "FTP": {"AVG": 0.7929878048780488, "STDEV": 0.7929878048780488}, "OREB": {"AVG": 9.158536585365853, "STDEV": 3.3498461810830347}, "DREB": {"AVG": 33.91463414634146, "STDEV": 5.087387501743278}, "REB": {"AVG": 43.073170731707314, "STDEV": 5.597134381014341}, "AST": {"AVG": 22.109756097560975, "STDEV": 4.0429975970073}, "BLK": {"AVG": 3.731707317073171, "STDEV": 2.024838237634744}, "TOV": {"AVG": 12.329268292682928, "STDEV": 3.6886709374997215}, "PF": {"AVG": 19.451219512195124, "STDEV": 4.052593862324216}}