{"Team_ID": 1610612751, "Season": "2015-16", "FGM": {"AVG": 38.24390243902439, "STDEV": 4.609600758293301}, "FGA": {"AVG": 84.39024390243902, "STDEV": 7.309314364766852}, "FGP": {"AVG": 0.4539878048780488, "STDEV": 0.047442881551785686}, "FG3M": {"AVG": 6.475609756097561, "STDEV": 2.9906257231890354}, "FG3A": {"AVG": 18.390243902439025, "STDEV": 4.998162866348255}, "FG3P": {"AVG": 0.34840305521799947, "STDEV": 0.11868117131020439}, "FTM": {"AVG": 15.682926829268293, "STDEV": 5.904336236160816}, "FTA": {"AVG": 20.71951219512195, "STDEV": 20.71951219512195}, "FTP": {"AVG": 0.7521341463414635, "STDEV": 0.7521341463414635}, "OREB": {"AVG": 10.524390243902438, "STDEV": 4.086187542924703}, "DREB": {"AVG": 31.878048780487806, "STDEV": 4.635851284650269}, "REB": {"AVG": 42.40243902439025, "STDEV": 6.3515522669611855}, "AST": {"AVG": 22.304878048780488, "STDEV": 3.694136242416742}, "BLK": {"AVG": 4.048780487804878, "STDEV": 2.089966855572679}, "TOV": {"AVG": 14.317073170731707, "STDEV": 3.6847300813435067}, "PF": {"AVG": 18, "STDEV": 3.634539385288028}}