{"Team_ID": 1610612754, "Season": "2015-16", "FGM": {"AVG": 38.31707317073171, "STDEV": 4.115247315012276}, "FGA": {"AVG": 85.1829268292683, "STDEV": 6.2993788617579325}, "FGP": {"AVG": 0.4507317073170732, "STDEV": 0.04598014836821062}, "FG3M": {"AVG": 8.085365853658537, "STDEV": 3.22490776789232}, "FG3A": {"AVG": 23.036585365853657, "STDEV": 5.2268185965050336}, "FG3P": {"AVG": 0.3489076459704412, "STDEV": 0.10713737967917876}, "FTM": {"AVG": 17.4390243902439, "STDEV": 5.613250551372546}, "FTA": {"AVG": 22.829268292682926, "STDEV": 22.829268292682926}, "FTP": {"AVG": 0.7633292682926829, "STDEV": 0.7633292682926829}, "OREB": {"AVG": 10.329268292682928, "STDEV": 3.6381207944191054}, "DREB": {"AVG": 33.890243902439025, "STDEV": 5.135223551845771}, "REB": {"AVG": 44.21951219512195, "STDEV": 5.754277829524363}, "AST": {"AVG": 21.23170731707317, "STDEV": 4.869402530054266}, "BLK": {"AVG": 4.7682926829268295, "STDEV": 2.127415289621117}, "TOV": {"AVG": 14.341463414634147, "STDEV": 3.5003333604740354}, "PF": {"AVG": 20.01219512195122, "STDEV": 4.965296610535286}}