{"Team_ID": 1610612765, "Season": "2015-16", "FGM": {"AVG": 37.9390243902439, "STDEV": 4.748872669279248}, "FGA": {"AVG": 86.42682926829268, "STDEV": 8.261214581739937}, "FGP": {"AVG": 0.4403658536585366, "STDEV": 0.0490901192429491}, "FG3M": {"AVG": 9.024390243902438, "STDEV": 2.9730294220870066}, "FG3A": {"AVG": 26.195121951219512, "STDEV": 4.481619593682082}, "FG3P": {"AVG": 0.3438362567091086, "STDEV": 0.09620327361180235}, "FTM": {"AVG": 17.0609756097561, "STDEV": 6.051930741763448}, "FTA": {"AVG": 25.548780487804876, "STDEV": 25.548780487804876}, "FTP": {"AVG": 0.6751707317073171, "STDEV": 0.6751707317073171}, "OREB": {"AVG": 12.451219512195122, "STDEV": 4.491837422781572}, "DREB": {"AVG": 33.86585365853659, "STDEV": 4.809358662415591}, "REB": {"AVG": 46.31707317073171, "STDEV": 6.259566601927218}, "AST": {"AVG": 19.4390243902439, "STDEV": 4.193167755594601}, "BLK": {"AVG": 3.707317073170732, "STDEV": 2.3120073309190494}, "TOV": {"AVG": 12.963414634146341, "STDEV": 3.2027963166128943}, "PF": {"AVG": 18.98780487804878, "STDEV": 4.149948393072027}}