{"Team_ID": 1610612760, "Season": "2015-16", "FGM": {"AVG": 41.1219512195122, "STDEV": 4.810970600725791}, "FGA": {"AVG": 86.36585365853658, "STDEV": 6.447340719140733}, "FGP": {"AVG": 0.4767682926829268, "STDEV": 0.050156126314993915}, "FG3M": {"AVG": 8.268292682926829, "STDEV": 2.948315193662368}, "FG3A": {"AVG": 23.71951219512195, "STDEV": 5.3455286270226425}, "FG3P": {"AVG": 0.3500139791888238, "STDEV": 0.10436855528412978}, "FTM": {"AVG": 19.70731707317073, "STDEV": 5.439879730147565}, "FTA": {"AVG": 25.20731707317073, "STDEV": 25.20731707317073}, "FTP": {"AVG": 0.7862926829268293, "STDEV": 0.7862926829268293}, "OREB": {"AVG": 13.060975609756097, "STDEV": 3.4760114825124306}, "DREB": {"AVG": 35.5609756097561, "STDEV": 5.822683529171}, "REB": {"AVG": 48.6219512195122, "STDEV": 6.971972538959892}, "AST": {"AVG": 22.963414634146343, "STDEV": 4.665198504374202}, "BLK": {"AVG": 5.939024390243903, "STDEV": 2.8860993411185936}, "TOV": {"AVG": 15.475609756097562, "STDEV": 3.6387001130206147}, "PF": {"AVG": 20.621951219512194, "STDEV": 4.27926451481029}}