{"Team_ID": 1610612746, "Season": "2012-13", "FGM": {"AVG": 38.53658536585366, "STDEV": 5.033701536572204}, "FGA": {"AVG": 80.58536585365853, "STDEV": 5.604123745146818}, "FGP": {"AVG": 0.478, "STDEV": 0.05073484691371429}, "FG3M": {"AVG": 7.646341463414634, "STDEV": 3.1402286274379048}, "FG3A": {"AVG": 21.365853658536587, "STDEV": 5.5255013629220215}, "FG3P": {"AVG": 0.3543914938392783, "STDEV": 0.09911348934875079}, "FTM": {"AVG": 16.365853658536587, "STDEV": 5.804451665645396}, "FTA": {"AVG": 23.024390243902438, "STDEV": 23.024390243902438}, "FTP": {"AVG": 0.717329268292683, "STDEV": 0.717329268292683}, "OREB": {"AVG": 11.439024390243903, "STDEV": 3.131274189332593}, "DREB": {"AVG": 30.182926829268293, "STDEV": 4.51643924200013}, "REB": {"AVG": 41.6219512195122, "STDEV": 5.385486311597672}, "AST": {"AVG": 23.878048780487806, "STDEV": 5.692512396148746}, "BLK": {"AVG": 5.621951219512195, "STDEV": 2.6880634357522375}, "TOV": {"AVG": 13.804878048780488, "STDEV": 3.8918687770191953}, "PF": {"AVG": 20.926829268292682, "STDEV": 4.171568931853682}}