{"Team_ID": 1610612763, "Season": "2012-13", "FGM": {"AVG": 36.146341463414636, "STDEV": 4.366318762560088}, "FGA": {"AVG": 81.45121951219512, "STDEV": 7.182200974639208}, "FGP": {"AVG": 0.44602439024390245, "STDEV": 0.05653666473625899}, "FG3M": {"AVG": 4.658536585365853, "STDEV": 2.315911212796934}, "FG3A": {"AVG": 13.5, "STDEV": 4.32691832858239}, "FG3P": {"AVG": 0.3409199528457816, "STDEV": 0.11673570603926792}, "FTM": {"AVG": 16.451219512195124, "STDEV": 5.571427192700734}, "FTA": {"AVG": 21.29268292682927, "STDEV": 21.29268292682927}, "FTP": {"AVG": 0.7716219512195122, "STDEV": 0.7716219512195122}, "OREB": {"AVG": 12.914634146341463, "STDEV": 4.0160210623377735}, "DREB": {"AVG": 29.817073170731707, "STDEV": 4.748301967527641}, "REB": {"AVG": 42.73170731707317, "STDEV": 6.081846658497455}, "AST": {"AVG": 20.914634146341463, "STDEV": 4.976987088769931}, "BLK": {"AVG": 5.317073170731708, "STDEV": 2.4235370986749962}, "TOV": {"AVG": 13.158536585365853, "STDEV": 3.2564068367296044}, "PF": {"AVG": 20.24390243902439, "STDEV": 3.7632432020494977}}