{"Team_ID": 1610612762, "Season": "2012-13", "FGM": {"AVG": 37.146341463414636, "STDEV": 4.868954183900915}, "FGA": {"AVG": 81.82926829268293, "STDEV": 6.405639641057012}, "FGP": {"AVG": 0.454609756097561, "STDEV": 0.053559648552116146}, "FG3M": {"AVG": 6.182926829268292, "STDEV": 2.876589410492094}, "FG3A": {"AVG": 16.890243902439025, "STDEV": 4.65078274989176}, "FG3P": {"AVG": 0.3581462081809394, "STDEV": 0.1241336905762639}, "FTM": {"AVG": 17.548780487804876, "STDEV": 6.757076654455125}, "FTA": {"AVG": 22.963414634146343, "STDEV": 22.963414634146343}, "FTP": {"AVG": 0.7592317073170731, "STDEV": 0.7592317073170731}, "OREB": {"AVG": 12.060975609756097, "STDEV": 4.361298823916625}, "DREB": {"AVG": 29.963414634146343, "STDEV": 5.614014918484665}, "REB": {"AVG": 42.02439024390244, "STDEV": 7.058792975118526}, "AST": {"AVG": 22.670731707317074, "STDEV": 4.085671675286879}, "BLK": {"AVG": 6.280487804878049, "STDEV": 2.6353456457719067}, "TOV": {"AVG": 14.195121951219512, "STDEV": 3.497579495969078}, "PF": {"AVG": 21.341463414634145, "STDEV": 3.833637708351156}}