{"Team_ID": 1610612758, "Season": "2012-13", "FGM": {"AVG": 37.63414634146341, "STDEV": 4.57181973420032}, "FGA": {"AVG": 84.1951219512195, "STDEV": 5.589759208555916}, "FGP": {"AVG": 0.4480487804878049, "STDEV": 0.055115569362465554}, "FG3M": {"AVG": 7.439024390243903, "STDEV": 3.079592569555184}, "FG3A": {"AVG": 20.5, "STDEV": 5.089931964909493}, "FG3P": {"AVG": 0.3580019237776963, "STDEV": 0.11801311474122397}, "FTM": {"AVG": 17.524390243902438, "STDEV": 6.049641576478251}, "FTA": {"AVG": 22.79268292682927, "STDEV": 22.79268292682927}, "FTP": {"AVG": 0.7655853658536586, "STDEV": 0.7655853658536586}, "OREB": {"AVG": 11.5, "STDEV": 3.739181926769742}, "DREB": {"AVG": 29.085365853658537, "STDEV": 4.4892222635068215}, "REB": {"AVG": 40.58536585365854, "STDEV": 5.349399919068332}, "AST": {"AVG": 20.829268292682926, "STDEV": 4.77080855545571}, "BLK": {"AVG": 4.170731707317073, "STDEV": 2.5278931746494004}, "TOV": {"AVG": 14.048780487804878, "STDEV": 3.3807824319902755}, "PF": {"AVG": 20.9390243902439, "STDEV": 3.9794148120435184}}