{"Team_ID": 1610612747, "Season": "2012-13", "FGM": {"AVG": 37.08536585365854, "STDEV": 4.565574942529875}, "FGA": {"AVG": 80.97560975609755, "STDEV": 7.473369362182452}, "FGP": {"AVG": 0.45963414634146343, "STDEV": 0.05449238528639155}, "FG3M": {"AVG": 8.71951219512195, "STDEV": 3.1555336080766585}, "FG3A": {"AVG": 24.573170731707318, "STDEV": 5.319497070363131}, "FG3P": {"AVG": 0.3534427607091798, "STDEV": 0.09938643254262931}, "FTM": {"AVG": 19.317073170731707, "STDEV": 5.803102722204432}, "FTA": {"AVG": 27.914634146341463, "STDEV": 27.914634146341463}, "FTP": {"AVG": 0.6963536585365854, "STDEV": 0.6963536585365854}, "OREB": {"AVG": 11.487804878048781, "STDEV": 3.932278271676845}, "DREB": {"AVG": 33.31707317073171, "STDEV": 5.072019708213472}, "REB": {"AVG": 44.80487804878049, "STDEV": 6.530912295923369}, "AST": {"AVG": 22.170731707317074, "STDEV": 5.4451357340013375}, "BLK": {"AVG": 5.2317073170731705, "STDEV": 2.5400436493177883}, "TOV": {"AVG": 14.646341463414634, "STDEV": 3.6153716787891153}, "PF": {"AVG": 17.890243902439025, "STDEV": 3.7777977043950792}}