{"Team_ID": 1610612753, "Season": "2012-13", "FGM": {"AVG": 37.71951219512195, "STDEV": 4.929814536475686}, "FGA": {"AVG": 84.1951219512195, "STDEV": 6.5667306339998595}, "FGP": {"AVG": 0.4485, "STDEV": 0.05191975051776694}, "FG3M": {"AVG": 6.170731707317073, "STDEV": 2.9051035469477515}, "FG3A": {"AVG": 18.74390243902439, "STDEV": 5.494803326353239}, "FG3P": {"AVG": 0.3224085863760298, "STDEV": 0.11989632846030988}, "FTM": {"AVG": 12.512195121951219, "STDEV": 4.175897633788111}, "FTA": {"AVG": 16.573170731707318, "STDEV": 16.573170731707318}, "FTP": {"AVG": 0.7605487804878048, "STDEV": 0.7605487804878048}, "OREB": {"AVG": 10.853658536585366, "STDEV": 3.4359104000286433}, "DREB": {"AVG": 31.853658536585368, "STDEV": 4.527343404438894}, "REB": {"AVG": 42.707317073170735, "STDEV": 5.631673664959094}, "AST": {"AVG": 22.817073170731707, "STDEV": 5.4163174788427035}, "BLK": {"AVG": 4.365853658536586, "STDEV": 2.555614468509113}, "TOV": {"AVG": 13.987804878048781, "STDEV": 3.1524785562914057}, "PF": {"AVG": 19.402439024390244, "STDEV": 5.330693226402533}}