{"Team_ID": 1610612754, "Season": "2012-13", "FGM": {"AVG": 35.123456790123456, "STDEV": 4.38857242178303}, "FGA": {"AVG": 80.55555555555556, "STDEV": 7.19027120489902}, "FGP": {"AVG": 0.4375802469135803, "STDEV": 0.05384140233071824}, "FG3M": {"AVG": 6.851851851851852, "STDEV": 2.655706643772572}, "FG3A": {"AVG": 19.74074074074074, "STDEV": 4.5819694940543245}, "FG3P": {"AVG": 0.3491661825885522, "STDEV": 0.11703311807445142}, "FTM": {"AVG": 17.641975308641975, "STDEV": 5.882832315252808}, "FTA": {"AVG": 23.641975308641975, "STDEV": 23.641975308641975}, "FTP": {"AVG": 0.7495679012345678, "STDEV": 0.7495679012345678}, "OREB": {"AVG": 12.876543209876543, "STDEV": 3.9792672568243725}, "DREB": {"AVG": 32.97530864197531, "STDEV": 5.51809593211729}, "REB": {"AVG": 45.851851851851855, "STDEV": 7.185247231499956}, "AST": {"AVG": 20.308641975308642, "STDEV": 4.471135133578055}, "BLK": {"AVG": 6.333333333333333, "STDEV": 2.806243040080456}, "TOV": {"AVG": 14.54320987654321, "STDEV": 3.914873505989847}, "PF": {"AVG": 20.037037037037038, "STDEV": 4.124452825661983}}