{"Team_ID": 1610612761, "Season": "2012-13", "FGM": {"AVG": 36.329268292682926, "STDEV": 5.120896136007091}, "FGA": {"AVG": 81.52439024390245, "STDEV": 7.591785049702823}, "FGP": {"AVG": 0.4457926829268293, "STDEV": 0.04950389379993269}, "FG3M": {"AVG": 6.963414634146342, "STDEV": 3.120798892461769}, "FG3A": {"AVG": 20.304878048780488, "STDEV": 5.872490847193922}, "FG3P": {"AVG": 0.3365575953036193, "STDEV": 0.10836499513818086}, "FTM": {"AVG": 17.585365853658537, "STDEV": 5.3953597335694035}, "FTA": {"AVG": 22.329268292682926, "STDEV": 22.329268292682926}, "FTP": {"AVG": 0.7853048780487805, "STDEV": 0.7853048780487805}, "OREB": {"AVG": 10.621951219512194, "STDEV": 3.7602214404927943}, "DREB": {"AVG": 29.585365853658537, "STDEV": 4.76600932922157}, "REB": {"AVG": 40.207317073170735, "STDEV": 5.859966301841441}, "AST": {"AVG": 21.524390243902438, "STDEV": 5.183605708589906}, "BLK": {"AVG": 4.780487804878049, "STDEV": 2.479667392291283}, "TOV": {"AVG": 13.21951219512195, "STDEV": 3.197315194106882}, "PF": {"AVG": 22.390243902439025, "STDEV": 4.017726454812858}}