{"Team_ID": 1610612756, "Season": "2012-13", "FGM": {"AVG": 37.329268292682926, "STDEV": 4.502550383040898}, "FGA": {"AVG": 84.35365853658537, "STDEV": 7.0279371105688915}, "FGP": {"AVG": 0.4436219512195122, "STDEV": 0.05048252117608516}, "FG3M": {"AVG": 5.853658536585366, "STDEV": 2.5777871226818747}, "FG3A": {"AVG": 17.74390243902439, "STDEV": 4.4327929929965615}, "FG3P": {"AVG": 0.3282838093568988, "STDEV": 0.10842640746487721}, "FTM": {"AVG": 14.670731707317072, "STDEV": 4.853546184915283}, "FTA": {"AVG": 19.73170731707317, "STDEV": 19.73170731707317}, "FTP": {"AVG": 0.7455975609756097, "STDEV": 0.7455975609756097}, "OREB": {"AVG": 11.695121951219512, "STDEV": 4.020592132516727}, "DREB": {"AVG": 29.926829268292682, "STDEV": 4.32843166592014}, "REB": {"AVG": 41.6219512195122, "STDEV": 6.02390350434748}, "AST": {"AVG": 22.621951219512194, "STDEV": 4.5260296390862695}, "BLK": {"AVG": 5.2926829268292686, "STDEV": 2.7374305555340714}, "TOV": {"AVG": 14.939024390243903, "STDEV": 4.226160622164762}, "PF": {"AVG": 20.585365853658537, "STDEV": 3.784148939699913}}