{"Team_ID": 1610612749, "Season": "1999-00", "FGM": {"AVG": 38.707317073170735, "STDEV": 5.215096331811646}, "FGA": {"AVG": 83.2560975609756, "STDEV": 6.300717136549521}, "FGP": {"AVG": 0.4651585365853659, "STDEV": 0.05435172819999201}, "FG3M": {"AVG": 4.804878048780488, "STDEV": 2.668698412993157}, "FG3A": {"AVG": 13.036585365853659, "STDEV": 4.205948526924839}, "FG3P": {"AVG": 0.3599930468965464, "STDEV": 0.14278399558794785}, "FTM": {"AVG": 19, "STDEV": 6.36735501417529}, "FTA": {"AVG": 24.170731707317074, "STDEV": 24.170731707317074}, "FTP": {"AVG": 0.7879390243902439, "STDEV": 0.7879390243902439}, "OREB": {"AVG": 12.390243902439025, "STDEV": 3.512784754279805}, "DREB": {"AVG": 28.9390243902439, "STDEV": 4.967418687724124}, "REB": {"AVG": 41.329268292682926, "STDEV": 5.773620038319414}, "AST": {"AVG": 22.585365853658537, "STDEV": 5.047799225899587}, "BLK": {"AVG": 4.646341463414634, "STDEV": 2.415852742729957}, "TOV": {"AVG": 14.426829268292684, "STDEV": 3.5660625580634}, "PF": {"AVG": 24.634146341463413, "STDEV": 4.585301786376437}}