{"Team_ID": 1610612739, "Season": "1999-00", "FGM": {"AVG": 36.30487804878049, "STDEV": 4.553357259278401}, "FGA": {"AVG": 82.1219512195122, "STDEV": 6.916414977843596}, "FGP": {"AVG": 0.4429268292682927, "STDEV": 0.04896554104240481}, "FG3M": {"AVG": 4.182926829268292, "STDEV": 1.9696966538429699}, "FG3A": {"AVG": 11.207317073170731, "STDEV": 3.4488781675021243}, "FG3P": {"AVG": 0.37007669623202355, "STDEV": 0.15321356448649653}, "FTM": {"AVG": 20.158536585365855, "STDEV": 7.315583758881645}, "FTA": {"AVG": 26.890243902439025, "STDEV": 26.890243902439025}, "FTP": {"AVG": 0.7493414634146341, "STDEV": 0.7493414634146341}, "OREB": {"AVG": 12.317073170731707, "STDEV": 4.09720786823998}, "DREB": {"AVG": 30.475609756097562, "STDEV": 4.782234638965958}, "REB": {"AVG": 42.792682926829265, "STDEV": 6.316229936779757}, "AST": {"AVG": 23.670731707317074, "STDEV": 5.347330886165801}, "BLK": {"AVG": 4.426829268292683, "STDEV": 2.4038574340179593}, "TOV": {"AVG": 16.853658536585368, "STDEV": 4.0858743453407715}, "PF": {"AVG": 27.0609756097561, "STDEV": 4.761853464686924}}