{"Team_ID": 1610612763, "Season": "1999-00", "FGM": {"AVG": 35.26829268292683, "STDEV": 4.584053897534512}, "FGA": {"AVG": 78.54878048780488, "STDEV": 6.659537742131494}, "FGP": {"AVG": 0.44958536585365855, "STDEV": 0.050320197260480155}, "FG3M": {"AVG": 3.951219512195122, "STDEV": 2.464074909798007}, "FG3A": {"AVG": 10.951219512195122, "STDEV": 3.8965082153393658}, "FG3P": {"AVG": 0.3461150609691348, "STDEV": 0.16248664659492995}, "FTM": {"AVG": 19.4390243902439, "STDEV": 6.379166633477242}, "FTA": {"AVG": 25.121951219512194, "STDEV": 25.121951219512194}, "FTP": {"AVG": 0.7791707317073171, "STDEV": 0.7791707317073171}, "OREB": {"AVG": 12.25609756097561, "STDEV": 3.409539904552331}, "DREB": {"AVG": 28.341463414634145, "STDEV": 5.338468620746437}, "REB": {"AVG": 40.59756097560975, "STDEV": 6.908323403643064}, "AST": {"AVG": 20.73170731707317, "STDEV": 4.51348809978041}, "BLK": {"AVG": 4.219512195121951, "STDEV": 2.1489267504644705}, "TOV": {"AVG": 15.951219512195122, "STDEV": 4.303034929621243}, "PF": {"AVG": 22.9390243902439, "STDEV": 4.044040153711369}}