{"Team_ID": 1610612737, "Season": "1999-00", "FGM": {"AVG": 36.58536585365854, "STDEV": 4.941512787591543}, "FGA": {"AVG": 83.01219512195122, "STDEV": 7.30380232860149}, "FGP": {"AVG": 0.4424390243902439, "STDEV": 0.059285477488266417}, "FG3M": {"AVG": 3.1463414634146343, "STDEV": 1.969658435135155}, "FG3A": {"AVG": 9.926829268292684, "STDEV": 3.6776954935571164}, "FG3P": {"AVG": 0.32501757112353274, "STDEV": 0.1826002663429216}, "FTM": {"AVG": 18.01219512195122, "STDEV": 6.722899694859087}, "FTA": {"AVG": 24.23170731707317, "STDEV": 24.23170731707317}, "FTP": {"AVG": 0.7452682926829268, "STDEV": 0.7452682926829268}, "OREB": {"AVG": 13.975609756097562, "STDEV": 3.9471058619367865}, "DREB": {"AVG": 31.341463414634145, "STDEV": 5.247502668101409}, "REB": {"AVG": 45.31707317073171, "STDEV": 7.628533261576239}, "AST": {"AVG": 18.878048780487806, "STDEV": 4.22043893306307}, "BLK": {"AVG": 5.621951219512195, "STDEV": 2.733605424137697}, "TOV": {"AVG": 14.865853658536585, "STDEV": 3.8450294838149426}, "PF": {"AVG": 20.951219512195124, "STDEV": 4.739907898840558}}