{"Team_ID": 1610612762, "Season": "1999-00", "FGM": {"AVG": 36.1219512195122, "STDEV": 5.2101284169440465}, "FGA": {"AVG": 77.8048780487805, "STDEV": 6.056195734540599}, "FGP": {"AVG": 0.4650487804878049, "STDEV": 0.062180720770440304}, "FG3M": {"AVG": 4.012195121951219, "STDEV": 2.0214522492567797}, "FG3A": {"AVG": 10.414634146341463, "STDEV": 3.1425051715768957}, "FG3P": {"AVG": 0.3882285327855629, "STDEV": 0.16761597669161707}, "FTM": {"AVG": 20.25609756097561, "STDEV": 5.7859151577418215}, "FTA": {"AVG": 26.21951219512195, "STDEV": 26.21951219512195}, "FTP": {"AVG": 0.7723292682926829, "STDEV": 0.7723292682926829}, "OREB": {"AVG": 11.414634146341463, "STDEV": 3.193168709559287}, "DREB": {"AVG": 29.585365853658537, "STDEV": 4.41364668103287}, "REB": {"AVG": 41, "STDEV": 5.5444333110554}, "AST": {"AVG": 24.890243902439025, "STDEV": 5.1255980622101776}, "BLK": {"AVG": 5.439024390243903, "STDEV": 2.524436428858605}, "TOV": {"AVG": 14.146341463414634, "STDEV": 3.496460118955276}, "PF": {"AVG": 24.548780487804876, "STDEV": 4.605826795455734}}