{"Team_ID": 1610612752, "Season": "1999-00", "FGM": {"AVG": 35.329268292682926, "STDEV": 4.658868823786933}, "FGA": {"AVG": 77.73170731707317, "STDEV": 6.8151044673529}, "FGP": {"AVG": 0.4557926829268293, "STDEV": 0.05716679900748704}, "FG3M": {"AVG": 4.280487804878049, "STDEV": 2.3268395894771268}, "FG3A": {"AVG": 11.426829268292684, "STDEV": 3.8810412495060342}, "FG3P": {"AVG": 0.36768387618280013, "STDEV": 0.16147957409169172}, "FTM": {"AVG": 17.195121951219512, "STDEV": 6.81037520836932}, "FTA": {"AVG": 22.01219512195122, "STDEV": 22.01219512195122}, "FTP": {"AVG": 0.7850853658536585, "STDEV": 0.7850853658536585}, "OREB": {"AVG": 9.78048780487805, "STDEV": 3.849080025546276}, "DREB": {"AVG": 30.74390243902439, "STDEV": 4.534670215756929}, "REB": {"AVG": 40.52439024390244, "STDEV": 6.220685543889277}, "AST": {"AVG": 19.365853658536587, "STDEV": 4.4012125016286845}, "BLK": {"AVG": 4.2560975609756095, "STDEV": 2.45860030243927}, "TOV": {"AVG": 14.109756097560975, "STDEV": 3.262227132758095}, "PF": {"AVG": 24.182926829268293, "STDEV": 4.838446972499653}}