{"Team_ID": 1610612747, "Season": "1999-00", "FGM": {"AVG": 38.25609756097561, "STDEV": 5.929234904965866}, "FGA": {"AVG": 83.36585365853658, "STDEV": 8.678783830033057}, "FGP": {"AVG": 0.4597926829268293, "STDEV": 0.05962221348508613}, "FG3M": {"AVG": 4.195121951219512, "STDEV": 2.364547952988336}, "FG3A": {"AVG": 12.768292682926829, "STDEV": 4.445274312767241}, "FG3P": {"AVG": 0.32274224728642403, "STDEV": 0.13746357002895807}, "FTM": {"AVG": 20.109756097560975, "STDEV": 6.849359882790122}, "FTA": {"AVG": 28.878048780487806, "STDEV": 28.878048780487806}, "FTP": {"AVG": 0.6951829268292683, "STDEV": 0.6951829268292683}, "OREB": {"AVG": 13.621951219512194, "STDEV": 4.631188536094201}, "DREB": {"AVG": 33.390243902439025, "STDEV": 4.96843393256329}, "REB": {"AVG": 47.01219512195122, "STDEV": 6.916600004032211}, "AST": {"AVG": 23.426829268292682, "STDEV": 5.291573753176424}, "BLK": {"AVG": 6.512195121951219, "STDEV": 2.986570362365271}, "TOV": {"AVG": 13.487804878048781, "STDEV": 3.9821946379222726}, "PF": {"AVG": 22.451219512195124, "STDEV": 4.283624976450883}}