{"Team_ID": 1610612743, "Season": "1999-00", "FGM": {"AVG": 37.28048780487805, "STDEV": 5.882122717212152}, "FGA": {"AVG": 84.28048780487805, "STDEV": 8.341883599123816}, "FGP": {"AVG": 0.44258536585365854, "STDEV": 0.0560046186850873}, "FG3M": {"AVG": 5.7317073170731705, "STDEV": 2.824272136049272}, "FG3A": {"AVG": 17.036585365853657, "STDEV": 5.002333090116506}, "FG3P": {"AVG": 0.3315917138119398, "STDEV": 0.12329003322886331}, "FTM": {"AVG": 18.670731707317074, "STDEV": 6.075766228259915}, "FTA": {"AVG": 25.804878048780488, "STDEV": 25.804878048780488}, "FTP": {"AVG": 0.7231585365853659, "STDEV": 0.7231585365853659}, "OREB": {"AVG": 13.085365853658537, "STDEV": 4.160962672065901}, "DREB": {"AVG": 31.585365853658537, "STDEV": 5.490623251659063}, "REB": {"AVG": 44.670731707317074, "STDEV": 7.025623083037416}, "AST": {"AVG": 23.304878048780488, "STDEV": 5.490033673670018}, "BLK": {"AVG": 7.536585365853658, "STDEV": 3.922694721150086}, "TOV": {"AVG": 15.060975609756097, "STDEV": 4.428715392084834}, "PF": {"AVG": 23.926829268292682, "STDEV": 4.47152993345672}}