{"Team_ID": 1610612754, "Season": "1999-00", "FGM": {"AVG": 37.15853658536585, "STDEV": 5.007326760734558}, "FGA": {"AVG": 80.97560975609755, "STDEV": 6.4059686862169825}, "FGP": {"AVG": 0.4599756097560976, "STDEV": 0.05896577279010865}, "FG3M": {"AVG": 7.109756097560975, "STDEV": 2.3360095634474436}, "FG3A": {"AVG": 18.134146341463413, "STDEV": 4.0146712274779786}, "FG3P": {"AVG": 0.3923680494693443, "STDEV": 0.09926502765522512}, "FTM": {"AVG": 19.865853658536587, "STDEV": 6.4554736944933095}, "FTA": {"AVG": 24.48780487804878, "STDEV": 24.48780487804878}, "FTP": {"AVG": 0.813719512195122, "STDEV": 0.813719512195122}, "OREB": {"AVG": 10.268292682926829, "STDEV": 3.3958899649458423}, "DREB": {"AVG": 31.853658536585368, "STDEV": 4.817975475698522}, "REB": {"AVG": 42.1219512195122, "STDEV": 5.4373882708031465}, "AST": {"AVG": 22.646341463414632, "STDEV": 5.240798994827553}, "BLK": {"AVG": 5.146341463414634, "STDEV": 2.634631425106896}, "TOV": {"AVG": 13.573170731707316, "STDEV": 4.106695790555934}, "PF": {"AVG": 21.78048780487805, "STDEV": 4.204713375953647}}