{"Team_ID": 1610612765, "Season": "1999-00", "FGM": {"AVG": 37.1219512195122, "STDEV": 5.021903244301104}, "FGA": {"AVG": 80.91463414634147, "STDEV": 6.937465327707276}, "FGP": {"AVG": 0.46008536585365856, "STDEV": 0.059754890542044005}, "FG3M": {"AVG": 5.353658536585366, "STDEV": 2.3220465176458918}, "FG3A": {"AVG": 14.914634146341463, "STDEV": 4.216959350147325}, "FG3P": {"AVG": 0.36000972906967954, "STDEV": 0.1205959085845464}, "FTM": {"AVG": 23.853658536585368, "STDEV": 6.4485082038253445}, "FTA": {"AVG": 30.5609756097561, "STDEV": 30.5609756097561}, "FTP": {"AVG": 0.7829146341463414, "STDEV": 0.7829146341463414}, "OREB": {"AVG": 11.182926829268293, "STDEV": 3.528116514902547}, "DREB": {"AVG": 29.975609756097562, "STDEV": 5.081983693950883}, "REB": {"AVG": 41.15853658536585, "STDEV": 6.59492792797527}, "AST": {"AVG": 20.817073170731707, "STDEV": 4.5761810828705105}, "BLK": {"AVG": 3.3292682926829267, "STDEV": 1.9184283565536524}, "TOV": {"AVG": 15.24390243902439, "STDEV": 3.455398265837027}, "PF": {"AVG": 24.524390243902438, "STDEV": 4.991908538642835}}