{"Team_ID": 1610612761, "Season": "1999-00", "FGM": {"AVG": 36.34146341463415, "STDEV": 4.685726980752417}, "FGA": {"AVG": 83.92682926829268, "STDEV": 7.154003433811353}, "FGP": {"AVG": 0.43414634146341463, "STDEV": 0.05278096410293251}, "FG3M": {"AVG": 5.182926829268292, "STDEV": 2.5147861445070507}, "FG3A": {"AVG": 14.28048780487805, "STDEV": 4.329840159693129}, "FG3P": {"AVG": 0.3563306026318069, "STDEV": 0.12326461957393196}, "FTM": {"AVG": 19.304878048780488, "STDEV": 6.2334997489970885}, "FTA": {"AVG": 25.21951219512195, "STDEV": 25.21951219512195}, "FTP": {"AVG": 0.764280487804878, "STDEV": 0.764280487804878}, "OREB": {"AVG": 13.390243902439025, "STDEV": 4.045287145299493}, "DREB": {"AVG": 29.865853658536587, "STDEV": 4.2968900471253875}, "REB": {"AVG": 43.25609756097561, "STDEV": 5.738780736013823}, "AST": {"AVG": 23.74390243902439, "STDEV": 5.199266272094758}, "BLK": {"AVG": 6.634146341463414, "STDEV": 3.6362787759390063}, "TOV": {"AVG": 13.231707317073171, "STDEV": 4.202582335142228}, "PF": {"AVG": 24.25609756097561, "STDEV": 4.460556837324946}}