{"Team_ID": 1610612757, "Season": "1999-00", "FGM": {"AVG": 36.84146341463415, "STDEV": 4.454071551685477}, "FGA": {"AVG": 78.41463414634147, "STDEV": 7.246883058393416}, "FGP": {"AVG": 0.47256097560975613, "STDEV": 0.06255369990556867}, "FG3M": {"AVG": 4.963414634146342, "STDEV": 2.263206083540189}, "FG3A": {"AVG": 13.75609756097561, "STDEV": 3.9049224257158013}, "FG3P": {"AVG": 0.35934819157467135, "STDEV": 0.1422352716265307}, "FTM": {"AVG": 18.804878048780488, "STDEV": 6.513876971114886}, "FTA": {"AVG": 24.74390243902439, "STDEV": 24.74390243902439}, "FTP": {"AVG": 0.7603292682926829, "STDEV": 0.7603292682926829}, "OREB": {"AVG": 11.78048780487805, "STDEV": 3.8265621041460283}, "DREB": {"AVG": 31.21951219512195, "STDEV": 4.7454315659129485}, "REB": {"AVG": 43, "STDEV": 6.087834458578989}, "AST": {"AVG": 23.475609756097562, "STDEV": 4.414414127915861}, "BLK": {"AVG": 4.829268292682927, "STDEV": 2.4384010043457947}, "TOV": {"AVG": 14.573170731707316, "STDEV": 3.600516039162802}, "PF": {"AVG": 22.74390243902439, "STDEV": 4.631643645031629}}