{"Team_ID": 1610612744, "Season": "1999-00", "FGM": {"AVG": 36.53658536585366, "STDEV": 4.853902901945155}, "FGA": {"AVG": 87.07317073170732, "STDEV": 7.366558550915825}, "FGP": {"AVG": 0.42086585365853657, "STDEV": 0.05356748649839843}, "FG3M": {"AVG": 4.2073170731707314, "STDEV": 2.3292970638807913}, "FG3A": {"AVG": 13.036585365853659, "STDEV": 3.979717472294908}, "FG3P": {"AVG": 0.31339216166341816, "STDEV": 0.1397659408109784}, "FTM": {"AVG": 18.25609756097561, "STDEV": 6.632897762750839}, "FTA": {"AVG": 26.182926829268293, "STDEV": 26.182926829268293}, "FTP": {"AVG": 0.6931829268292683, "STDEV": 0.6931829268292683}, "OREB": {"AVG": 15.853658536585366, "STDEV": 4.693367927112386}, "DREB": {"AVG": 29.73170731707317, "STDEV": 5.074868557533495}, "REB": {"AVG": 45.58536585365854, "STDEV": 7.069236464108857}, "AST": {"AVG": 22.573170731707318, "STDEV": 4.911640212335294}, "BLK": {"AVG": 4.341463414634147, "STDEV": 2.4656630200160397}, "TOV": {"AVG": 15.304878048780488, "STDEV": 3.939947434600293}, "PF": {"AVG": 24.914634146341463, "STDEV": 4.266438707776627}}