{"Team_ID": 1610612764, "Season": "1999-00", "FGM": {"AVG": 36.707317073170735, "STDEV": 4.847012074089725}, "FGA": {"AVG": 81.47560975609755, "STDEV": 6.988925295358448}, "FGP": {"AVG": 0.4523536585365854, "STDEV": 0.060617679031295994}, "FG3M": {"AVG": 4.085365853658536, "STDEV": 2.3841100496193914}, "FG3A": {"AVG": 10.853658536585366, "STDEV": 4.028055779584581}, "FG3P": {"AVG": 0.37051177047434297, "STDEV": 0.17140398038802748}, "FTM": {"AVG": 19.097560975609756, "STDEV": 5.510057596655256}, "FTA": {"AVG": 25.695121951219512, "STDEV": 25.695121951219512}, "FTP": {"AVG": 0.7457317073170732, "STDEV": 0.7457317073170732}, "OREB": {"AVG": 12.975609756097562, "STDEV": 4.079383909415425}, "DREB": {"AVG": 29.73170731707317, "STDEV": 4.843345391353563}, "REB": {"AVG": 42.707317073170735, "STDEV": 6.266682042688089}, "AST": {"AVG": 21.597560975609756, "STDEV": 4.518438920026899}, "BLK": {"AVG": 4.670731707317073, "STDEV": 2.1776353584314516}, "TOV": {"AVG": 15.451219512195122, "STDEV": 4.222667926839064}, "PF": {"AVG": 26.20731707317073, "STDEV": 4.244787085873244}}