{"Team_ID": 1610612741, "Season": "1991-92", "FGM": {"AVG": 44.426829268292686, "STDEV": 5.10151390700156}, "FGA": {"AVG": 87.41463414634147, "STDEV": 8.179998520196968}, "FGP": {"AVG": 0.509280487804878, "STDEV": 0.04802886847684959}, "FG3M": {"AVG": 1.6829268292682926, "STDEV": 1.3041060395846575}, "FG3A": {"AVG": 5.536585365853658, "STDEV": 2.358044397697294}, "FG3P": {"AVG": 0.2934730581072044, "STDEV": 0.20811585335590418}, "FTM": {"AVG": 19.353658536585368, "STDEV": 6.553430825580366}, "FTA": {"AVG": 26, "STDEV": 26}, "FTP": {"AVG": 0.742109756097561, "STDEV": 0.742109756097561}, "OREB": {"AVG": 14.304878048780488, "STDEV": 3.487859099226258}, "DREB": {"AVG": 29.74390243902439, "STDEV": 5.328263737794907}, "REB": {"AVG": 44.048780487804876, "STDEV": 6.224012518284545}, "AST": {"AVG": 27.79268292682927, "STDEV": 6.1075500834360925}, "BLK": {"AVG": 5.853658536585366, "STDEV": 2.643986660747398}, "TOV": {"AVG": 12.804878048780488, "STDEV": 3.706647429973544}, "PF": {"AVG": 20.646341463414632, "STDEV": 4.176276181739038}}