{"Team_ID": 1610612748, "Season": "1991-92", "FGM": {"AVG": 39.707317073170735, "STDEV": 5.162753129245293}, "FGA": {"AVG": 86.10975609756098, "STDEV": 7.820527116775545}, "FGP": {"AVG": 0.4623536585365854, "STDEV": 0.05488447394552511}, "FG3M": {"AVG": 3.1341463414634148, "STDEV": 2.071334007569126}, "FG3A": {"AVG": 9.158536585365853, "STDEV": 3.9828940163602855}, "FG3P": {"AVG": 0.345652991418207, "STDEV": 0.17751670967064567}, "FTM": {"AVG": 22.426829268292682, "STDEV": 6.872795696551746}, "FTA": {"AVG": 28.402439024390244, "STDEV": 28.402439024390244}, "FTP": {"AVG": 0.7907804878048781, "STDEV": 0.7907804878048781}, "OREB": {"AVG": 14.475609756097562, "STDEV": 4.009943227196084}, "DREB": {"AVG": 28.853658536585368, "STDEV": 4.815412373453358}, "REB": {"AVG": 43.329268292682926, "STDEV": 6.114251472006435}, "AST": {"AVG": 21.329268292682926, "STDEV": 4.497063178983853}, "BLK": {"AVG": 4.548780487804878, "STDEV": 2.1090776114151413}, "TOV": {"AVG": 16.24390243902439, "STDEV": 4.4626321624714755}, "PF": {"AVG": 22.182926829268293, "STDEV": 3.9475826288836435}}