{"Team_ID": 1610612762, "Season": "1991-92", "FGM": {"AVG": 41.207317073170735, "STDEV": 4.8374511319267075}, "FGA": {"AVG": 83.73170731707317, "STDEV": 6.92472539097686}, "FGP": {"AVG": 0.4932560975609756, "STDEV": 0.05201633432331434}, "FG3M": {"AVG": 1.9268292682926829, "STDEV": 1.577468575374256}, "FG3A": {"AVG": 5.585365853658536, "STDEV": 3.2239505690853965}, "FG3P": {"AVG": 0.3523433544775008, "STDEV": 0.23757530557538228}, "FTM": {"AVG": 23.914634146341463, "STDEV": 6.856917241882791}, "FTA": {"AVG": 30.365853658536587, "STDEV": 30.365853658536587}, "FTP": {"AVG": 0.7878658536585366, "STDEV": 0.7878658536585366}, "OREB": {"AVG": 13.378048780487806, "STDEV": 3.949184144225044}, "DREB": {"AVG": 31.01219512195122, "STDEV": 5.55220766333231}, "REB": {"AVG": 44.390243902439025, "STDEV": 7.2106849686805035}, "AST": {"AVG": 26.682926829268293, "STDEV": 4.721576553977894}, "BLK": {"AVG": 5.463414634146342, "STDEV": 2.8423391599227057}, "TOV": {"AVG": 15.170731707317072, "STDEV": 3.8643827164221496}, "PF": {"AVG": 21.29268292682927, "STDEV": 4.9428531893340555}}