{"Team_ID": 1610612747, "Season": "1991-92", "FGM": {"AVG": 38.81707317073171, "STDEV": 5.133112185665664}, "FGA": {"AVG": 85.08536585365853, "STDEV": 7.776509768880015}, "FGP": {"AVG": 0.45746341463414636, "STDEV": 0.05745297489250488}, "FG3M": {"AVG": 1.451219512195122, "STDEV": 1.258574924312574}, "FG3A": {"AVG": 5.426829268292683, "STDEV": 2.7217935617370097}, "FG3P": {"AVG": 0.28992494632738536, "STDEV": 0.25566867459142456}, "FTM": {"AVG": 21.26829268292683, "STDEV": 6.293341141881151}, "FTA": {"AVG": 27.78048780487805, "STDEV": 27.78048780487805}, "FTP": {"AVG": 0.7677317073170732, "STDEV": 0.7677317073170732}, "OREB": {"AVG": 14.097560975609756, "STDEV": 4.159207415289188}, "DREB": {"AVG": 26.78048780487805, "STDEV": 5.6064874024362705}, "REB": {"AVG": 40.8780487804878, "STDEV": 6.682186091434004}, "AST": {"AVG": 21.98780487804878, "STDEV": 5.538850222620024}, "BLK": {"AVG": 4.878048780487805, "STDEV": 2.421050908957498}, "TOV": {"AVG": 12.731707317073171, "STDEV": 4.100733991775597}, "PF": {"AVG": 18.817073170731707, "STDEV": 3.8365624041581414}}