{"Team_ID": 1610612742, "Season": "1991-92", "FGM": {"AVG": 38.048780487804876, "STDEV": 4.591732879873175}, "FGA": {"AVG": 86.63414634146342, "STDEV": 7.137991201876959}, "FGP": {"AVG": 0.44484146341463415, "STDEV": 0.05881682582646835}, "FG3M": {"AVG": 3.268292682926829, "STDEV": 2.2935700808452024}, "FG3A": {"AVG": 9.71951219512195, "STDEV": 4.341230383265807}, "FG3P": {"AVG": 0.3264913372116234, "STDEV": 0.1704335379420776}, "FTM": {"AVG": 18.28048780487805, "STDEV": 6.435385184676834}, "FTA": {"AVG": 24.378048780487806, "STDEV": 24.378048780487806}, "FTP": {"AVG": 0.7538170731707317, "STDEV": 0.7538170731707317}, "OREB": {"AVG": 14.560975609756097, "STDEV": 4.391623791977401}, "DREB": {"AVG": 29.74390243902439, "STDEV": 5.1419623856607055}, "REB": {"AVG": 44.30487804878049, "STDEV": 7.356342731276597}, "AST": {"AVG": 19.878048780487806, "STDEV": 4.21165415408726}, "BLK": {"AVG": 4.2560975609756095, "STDEV": 2.065656716247086}, "TOV": {"AVG": 14.158536585365853, "STDEV": 4.114021528944677}, "PF": {"AVG": 22.76829268292683, "STDEV": 4.541438235472598}}