{"Team_ID": 1610612743, "Season": "1991-92", "FGM": {"AVG": 39.78048780487805, "STDEV": 4.32341997184357}, "FGA": {"AVG": 90, "STDEV": 6.956655929999346}, "FGP": {"AVG": 0.4498170731707317, "STDEV": 0.076246858352406}, "FG3M": {"AVG": 1.5365853658536586, "STDEV": 1.3535059363679192}, "FG3A": {"AVG": 5.097560975609756, "STDEV": 2.6970937998838447}, "FG3P": {"AVG": 0.28527214655263433, "STDEV": 0.21690841500437316}, "FTM": {"AVG": 18.609756097560975, "STDEV": 6.300609607114113}, "FTA": {"AVG": 25.20731707317073, "STDEV": 25.20731707317073}, "FTP": {"AVG": 0.7384634146341463, "STDEV": 0.7384634146341463}, "OREB": {"AVG": 16.463414634146343, "STDEV": 4.994305700584848}, "DREB": {"AVG": 28.682926829268293, "STDEV": 5.0231023043545555}, "REB": {"AVG": 45.146341463414636, "STDEV": 7.291330809144721}, "AST": {"AVG": 18.9390243902439, "STDEV": 4.670230282147409}, "BLK": {"AVG": 5.621951219512195, "STDEV": 2.6603640514937004}, "TOV": {"AVG": 17, "STDEV": 4.0490815907307995}, "PF": {"AVG": 24.195121951219512, "STDEV": 4.258438316862714}}