{"Team_ID": 1610612759, "Season": "1991-92", "FGM": {"AVG": 41.18292682926829, "STDEV": 4.838446972499653}, "FGA": {"AVG": 86.46341463414635, "STDEV": 7.483636671161691}, "FGP": {"AVG": 0.47723170731707315, "STDEV": 0.047244909264068546}, "FG3M": {"AVG": 1.4390243902439024, "STDEV": 1.4748723399504304}, "FG3A": {"AVG": 4.926829268292683, "STDEV": 2.711568667239958}, "FG3P": {"AVG": 0.24972117990410672, "STDEV": 0.22139952274470756}, "FTM": {"AVG": 20.146341463414632, "STDEV": 6.194625211551777}, "FTA": {"AVG": 27.390243902439025, "STDEV": 27.390243902439025}, "FTP": {"AVG": 0.7332804878048781, "STDEV": 0.7332804878048781}, "OREB": {"AVG": 14.987804878048781, "STDEV": 4.409568446841858}, "DREB": {"AVG": 31.121951219512194, "STDEV": 5.304063766776897}, "REB": {"AVG": 46.109756097560975, "STDEV": 7.316489236962766}, "AST": {"AVG": 24.51219512195122, "STDEV": 4.717301756586275}, "BLK": {"AVG": 7.414634146341464, "STDEV": 2.84995654942921}, "TOV": {"AVG": 15.585365853658537, "STDEV": 4.396831686208187}, "PF": {"AVG": 21.9390243902439, "STDEV": 4.557851890008013}}