{"Team_ID": 1610612757, "Season": "1991-92", "FGM": {"AVG": 42.390243902439025, "STDEV": 5.616897121463994}, "FGA": {"AVG": 89.65853658536585, "STDEV": 8.127410582113464}, "FGP": {"AVG": 0.4740365853658537, "STDEV": 0.05741949708057752}, "FG3M": {"AVG": 3.9634146341463414, "STDEV": 2.4213307327405857}, "FG3A": {"AVG": 11.512195121951219, "STDEV": 4.158121318543868}, "FG3P": {"AVG": 0.3334758350587468, "STDEV": 0.15949700444889242}, "FTM": {"AVG": 22.658536585365855, "STDEV": 6.985380699073649}, "FTA": {"AVG": 30.036585365853657, "STDEV": 30.036585365853657}, "FTP": {"AVG": 0.7533658536585366, "STDEV": 0.7533658536585366}, "OREB": {"AVG": 15.78048780487805, "STDEV": 4.7610155318914025}, "DREB": {"AVG": 31.085365853658537, "STDEV": 4.570979902811437}, "REB": {"AVG": 46.86585365853659, "STDEV": 7.091574195544482}, "AST": {"AVG": 25.182926829268293, "STDEV": 5.202392727711488}, "BLK": {"AVG": 5, "STDEV": 2.5482988758177143}, "TOV": {"AVG": 15.841463414634147, "STDEV": 3.8472998779009724}, "PF": {"AVG": 24.182926829268293, "STDEV": 4.807730525871304}}