{"Team_ID": 1610612749, "Season": "2019-20", "FGM": {"AVG": 43.28767123287671, "STDEV": 4.706613113643617}, "FGA": {"AVG": 90.93150684931507, "STDEV": 6.325277260333442}, "FGP": {"AVG": 0.477013698630137, "STDEV": 0.05065610996126642}, "FG3M": {"AVG": 13.794520547945206, "STDEV": 3.153300317434581}, "FG3A": {"AVG": 38.9041095890411, "STDEV": 5.4420287872407265}, "FG3P": {"AVG": 0.35534567229665787, "STDEV": 0.07129840274947391}, "FTM": {"AVG": 18.301369863013697, "STDEV": 6.759119213466865}, "FTA": {"AVG": 24.65753424657534, "STDEV": 24.65753424657534}, "FTP": {"AVG": 0.7373013698630138, "STDEV": 0.7373013698630138}, "OREB": {"AVG": 9.465753424657533, "STDEV": 3.440293074485975}, "DREB": {"AVG": 42.23287671232877, "STDEV": 5.425046205500121}, "REB": {"AVG": 51.6986301369863, "STDEV": 6.371998054654724}, "AST": {"AVG": 25.876712328767123, "STDEV": 4.533655642584727}, "BLK": {"AVG": 5.876712328767123, "STDEV": 2.753508900170492}, "TOV": {"AVG": 14.643835616438356, "STDEV": 3.8921925519546985}, "PF": {"AVG": 19.602739726027398, "STDEV": 5.1390112700882815}}