{"Team_ID": 1610612741, "Season": "2019-20", "FGM": {"AVG": 39.58461538461538, "STDEV": 5.021492269772464}, "FGA": {"AVG": 88.64615384615385, "STDEV": 6.541766698565574}, "FGP": {"AVG": 0.4478923076923077, "STDEV": 0.05624614516705875}, "FG3M": {"AVG": 12.2, "STDEV": 3.4604912945996555}, "FG3A": {"AVG": 35.10769230769231, "STDEV": 5.247389460850619}, "FG3P": {"AVG": 0.3479768392172908, "STDEV": 0.08592107778147524}, "FTM": {"AVG": 15.476923076923077, "STDEV": 5.879274222607361}, "FTA": {"AVG": 20.49230769230769, "STDEV": 20.49230769230769}, "FTP": {"AVG": 0.7518923076923077, "STDEV": 0.7518923076923077}, "OREB": {"AVG": 10.461538461538462, "STDEV": 3.4779525365010153}, "DREB": {"AVG": 31.4, "STDEV": 4.917443441464274}, "REB": {"AVG": 41.86153846153846, "STDEV": 6.020477875231654}, "AST": {"AVG": 23.23076923076923, "STDEV": 3.385489397640829}, "BLK": {"AVG": 4.076923076923077, "STDEV": 2.306971041130639}, "TOV": {"AVG": 14.63076923076923, "STDEV": 3.9590451451755966}, "PF": {"AVG": 21.8, "STDEV": 3.9496835316262997}}