{"Team_ID": 1610612747, "Season": "2019-20", "FGM": {"AVG": 42.33802816901409, "STDEV": 5.184988392249938}, "FGA": {"AVG": 88.29577464788733, "STDEV": 5.504269423942481}, "FGP": {"AVG": 0.479112676056338, "STDEV": 0.04752880308545986}, "FG3M": {"AVG": 11.014084507042254, "STDEV": 3.470253007435291}, "FG3A": {"AVG": 31.577464788732396, "STDEV": 5.523099471003541}, "FG3P": {"AVG": 0.34769408449171646, "STDEV": 0.09071348574843012}, "FTM": {"AVG": 17.746478873239436, "STDEV": 6.032574219208709}, "FTA": {"AVG": 24.338028169014084, "STDEV": 24.338028169014084}, "FTP": {"AVG": 0.7284788732394366, "STDEV": 0.7284788732394366}, "OREB": {"AVG": 10.661971830985916, "STDEV": 3.093512391033998}, "DREB": {"AVG": 35.070422535211264, "STDEV": 4.975149512934896}, "REB": {"AVG": 45.732394366197184, "STDEV": 5.732009736007266}, "AST": {"AVG": 25.3943661971831, "STDEV": 4.716169369427561}, "BLK": {"AVG": 6.591549295774648, "STDEV": 3.361876452173409}, "TOV": {"AVG": 14.661971830985916, "STDEV": 3.4844292911335506}, "PF": {"AVG": 20.718309859154928, "STDEV": 3.6378294100880275}}