{"Team_ID": 1610612740, "Season": "2019-20", "FGM": {"AVG": 42.56944444444444, "STDEV": 4.433630721784551}, "FGA": {"AVG": 91.63888888888889, "STDEV": 7.144988503830835}, "FGP": {"AVG": 0.4661527777777778, "STDEV": 0.05061916903570638}, "FG3M": {"AVG": 13.63888888888889, "STDEV": 3.4977077224125086}, "FG3A": {"AVG": 36.888888888888886, "STDEV": 6.334692218932756}, "FG3P": {"AVG": 0.3698786777068899, "STDEV": 0.07445796538421853}, "FTM": {"AVG": 17.069444444444443, "STDEV": 5.797829581492115}, "FTA": {"AVG": 23.430555555555557, "STDEV": 23.430555555555557}, "FTP": {"AVG": 0.7269583333333334, "STDEV": 0.7269583333333334}, "OREB": {"AVG": 11.069444444444445, "STDEV": 3.7353521955819806}, "DREB": {"AVG": 35.43055555555556, "STDEV": 4.5154707111605745}, "REB": {"AVG": 46.5, "STDEV": 6.467687833800651}, "AST": {"AVG": 26.833333333333332, "STDEV": 5.015469028661705}, "BLK": {"AVG": 4.972222222222222, "STDEV": 2.2578328274436785}, "TOV": {"AVG": 15.875, "STDEV": 3.845383183895451}, "PF": {"AVG": 21.166666666666668, "STDEV": 4.324838187968734}}