{"Team_ID": 1610612760, "Season": "2019-20", "FGM": {"AVG": 39.986111111111114, "STDEV": 4.868678438134862}, "FGA": {"AVG": 85.5, "STDEV": 6.549916675096274}, "FGP": {"AVG": 0.46931944444444446, "STDEV": 0.06017739653065873}, "FG3M": {"AVG": 10.694444444444445, "STDEV": 3.3425927732187684}, "FG3A": {"AVG": 30.15277777777778, "STDEV": 6.165921157829513}, "FG3P": {"AVG": 0.3539266915306412, "STDEV": 0.08378912540830571}, "FTM": {"AVG": 19.75, "STDEV": 5.671152601630987}, "FTA": {"AVG": 24.819444444444443, "STDEV": 24.819444444444443}, "FTP": {"AVG": 0.7971805555555556, "STDEV": 0.7971805555555556}, "OREB": {"AVG": 8.23611111111111, "STDEV": 3.64824115660906}, "DREB": {"AVG": 34.65277777777778, "STDEV": 5.323770035091812}, "REB": {"AVG": 42.888888888888886, "STDEV": 6.177094343029877}, "AST": {"AVG": 21.694444444444443, "STDEV": 4.616684039220885}, "BLK": {"AVG": 4.902777777777778, "STDEV": 2.2464978830735958}, "TOV": {"AVG": 12.98611111111111, "STDEV": 3.8143282706781445}, "PF": {"AVG": 19.305555555555557, "STDEV": 3.938394928976577}}