{"Team_ID": 1610612750, "Season": "2019-20", "FGM": {"AVG": 40.40625, "STDEV": 4.9335867052052285}, "FGA": {"AVG": 91.640625, "STDEV": 6.191051369799161}, "FGP": {"AVG": 0.44165625000000003, "STDEV": 0.050460174064966}, "FG3M": {"AVG": 13.328125, "STDEV": 3.563726814659593}, "FG3A": {"AVG": 39.6875, "STDEV": 5.178940873521205}, "FG3P": {"AVG": 0.3365174552890296, "STDEV": 0.07952530138234791}, "FTM": {"AVG": 19.109375, "STDEV": 5.7296698913194}, "FTA": {"AVG": 25.375, "STDEV": 25.375}, "FTP": {"AVG": 0.748078125, "STDEV": 0.748078125}, "OREB": {"AVG": 10.546875, "STDEV": 3.4083449761123763}, "DREB": {"AVG": 34.265625, "STDEV": 6.154730243079657}, "REB": {"AVG": 44.8125, "STDEV": 7.166666666666667}, "AST": {"AVG": 23.828125, "STDEV": 5.308138966315246}, "BLK": {"AVG": 5.65625, "STDEV": 2.5771816155182155}, "TOV": {"AVG": 14.734375, "STDEV": 3.2671631668360486}, "PF": {"AVG": 21.40625, "STDEV": 3.9549797824217863}}