{"Team_ID": 1610612764, "Season": "2019-20", "FGM": {"AVG": 41.52777777777778, "STDEV": 5.59419271881778}, "FGA": {"AVG": 90.88888888888889, "STDEV": 7.196547598647085}, "FGP": {"AVG": 0.4580972222222222, "STDEV": 0.05966671748365135}, "FG3M": {"AVG": 12, "STDEV": 3.6269725085068933}, "FG3A": {"AVG": 32.56944444444444, "STDEV": 6.081202598098803}, "FG3P": {"AVG": 0.3684837104357728, "STDEV": 0.08742661046505147}, "FTM": {"AVG": 19.36111111111111, "STDEV": 6.612633141034135}, "FTA": {"AVG": 24.583333333333332, "STDEV": 24.583333333333332}, "FTP": {"AVG": 0.7819166666666667, "STDEV": 0.7819166666666667}, "OREB": {"AVG": 10.166666666666666, "STDEV": 4.1077048867487695}, "DREB": {"AVG": 31.875, "STDEV": 4.086864909528133}, "REB": {"AVG": 42.041666666666664, "STDEV": 6.050113489798074}, "AST": {"AVG": 25.01388888888889, "STDEV": 4.610132916587894}, "BLK": {"AVG": 4.291666666666667, "STDEV": 1.8946737799405908}, "TOV": {"AVG": 13.541666666666666, "STDEV": 3.752698559553277}, "PF": {"AVG": 22.694444444444443, "STDEV": 4.092724182779329}}