{"Team_ID": 1610612755, "Season": "2006-07", "FGM": {"AVG": 35.75609756097561, "STDEV": 4.4626321624714755}, "FGA": {"AVG": 78.14634146341463, "STDEV": 7.004622726191915}, "FGP": {"AVG": 0.45863414634146343, "STDEV": 0.050495449543210454}, "FG3M": {"AVG": 3.4634146341463414, "STDEV": 2.178430298792408}, "FG3A": {"AVG": 10.036585365853659, "STDEV": 3.581313373648978}, "FG3P": {"AVG": 0.3374160979702587, "STDEV": 0.1887477451507847}, "FTM": {"AVG": 19.963414634146343, "STDEV": 5.603008719861582}, "FTA": {"AVG": 26.036585365853657, "STDEV": 26.036585365853657}, "FTP": {"AVG": 0.7671341463414634, "STDEV": 0.7671341463414634}, "OREB": {"AVG": 10.963414634146341, "STDEV": 4.0075395670550265}, "DREB": {"AVG": 28.695121951219512, "STDEV": 5.444873054308694}, "REB": {"AVG": 39.65853658536585, "STDEV": 6.9694563122792035}, "AST": {"AVG": 20.353658536585368, "STDEV": 4.70190912426298}, "BLK": {"AVG": 4.7560975609756095, "STDEV": 2.5413177082112446}, "TOV": {"AVG": 14.71951219512195, "STDEV": 3.5321255456480896}, "PF": {"AVG": 20.378048780487806, "STDEV": 4.218244453465924}}