{"Team_ID": 1610612741, "Season": "2006-07", "FGM": {"AVG": 37.146341463414636, "STDEV": 4.874022728811963}, "FGA": {"AVG": 81.2560975609756, "STDEV": 6.771054909167178}, "FGP": {"AVG": 0.4581219512195122, "STDEV": 0.05578273334424924}, "FG3M": {"AVG": 5.853658536585366, "STDEV": 2.4551379796759316}, "FG3A": {"AVG": 15.085365853658537, "STDEV": 4.884344401746156}, "FG3P": {"AVG": 0.38933023658573085, "STDEV": 0.12534059600797376}, "FTM": {"AVG": 18.634146341463413, "STDEV": 6.231168558781684}, "FTA": {"AVG": 25.402439024390244, "STDEV": 25.402439024390244}, "FTP": {"AVG": 0.7346951219512196, "STDEV": 0.7346951219512196}, "OREB": {"AVG": 12, "STDEV": 4.148478822798771}, "DREB": {"AVG": 31.670731707317074, "STDEV": 5.2258967640835365}, "REB": {"AVG": 43.670731707317074, "STDEV": 6.408048330701935}, "AST": {"AVG": 22.341463414634145, "STDEV": 4.792534091392935}, "BLK": {"AVG": 5.426829268292683, "STDEV": 2.7081517901770136}, "TOV": {"AVG": 15.402439024390244, "STDEV": 3.905866926413822}, "PF": {"AVG": 23.26829268292683, "STDEV": 4.931753451948911}}