{"Team_ID": 1610612739, "Season": "2006-07", "FGM": {"AVG": 36.31707317073171, "STDEV": 5.0231023043545555}, "FGA": {"AVG": 81.1951219512195, "STDEV": 6.815811364235774}, "FGP": {"AVG": 0.4478048780487805, "STDEV": 0.05511322554733898}, "FG3M": {"AVG": 6.024390243902439, "STDEV": 2.784328319632687}, "FG3A": {"AVG": 17.121951219512194, "STDEV": 4.606464174952623}, "FG3P": {"AVG": 0.346042470331619, "STDEV": 0.12216636776410096}, "FTM": {"AVG": 18.097560975609756, "STDEV": 6.850447865141826}, "FTA": {"AVG": 26.01219512195122, "STDEV": 26.01219512195122}, "FTP": {"AVG": 0.6934390243902439, "STDEV": 0.6934390243902439}, "OREB": {"AVG": 12.670731707317072, "STDEV": 3.9785066931422013}, "DREB": {"AVG": 30.841463414634145, "STDEV": 5.205575150431807}, "REB": {"AVG": 43.51219512195122, "STDEV": 5.869451995449787}, "AST": {"AVG": 20.829268292682926, "STDEV": 5.5283888619209725}, "BLK": {"AVG": 4.304878048780488, "STDEV": 2.692875943882641}, "TOV": {"AVG": 13.74390243902439, "STDEV": 3.6777978368360533}, "PF": {"AVG": 21.71951219512195, "STDEV": 4.040762641144821}}