{"Team_ID": 1610612738, "Season": "2006-07", "FGM": {"AVG": 34.853658536585364, "STDEV": 4.9693429310034425}, "FGA": {"AVG": 78.70731707317073, "STDEV": 7.056190356181434}, "FGP": {"AVG": 0.4443048780487805, "STDEV": 0.061681117230676444}, "FG3M": {"AVG": 5.7439024390243905, "STDEV": 2.670418544019063}, "FG3A": {"AVG": 15.646341463414634, "STDEV": 4.330118326497492}, "FG3P": {"AVG": 0.36586535715134005, "STDEV": 0.13424364140158565}, "FTM": {"AVG": 20.365853658536587, "STDEV": 6.636063452918401}, "FTA": {"AVG": 26.5609756097561, "STDEV": 26.5609756097561}, "FTP": {"AVG": 0.7679878048780487, "STDEV": 0.7679878048780487}, "OREB": {"AVG": 11.195121951219512, "STDEV": 3.2902363020330165}, "DREB": {"AVG": 29.158536585365855, "STDEV": 5.320515876304008}, "REB": {"AVG": 40.353658536585364, "STDEV": 6.1430919773723955}, "AST": {"AVG": 19.878048780487806, "STDEV": 4.5660860509578205}, "BLK": {"AVG": 4.658536585365853, "STDEV": 2.3945386018874153}, "TOV": {"AVG": 15.670731707317072, "STDEV": 3.6651676331352476}, "PF": {"AVG": 24.036585365853657, "STDEV": 4.957710348540958}}