{"Team_ID": 1610612763, "Season": "2006-07", "FGM": {"AVG": 36.5609756097561, "STDEV": 6.0514207310015475}, "FGA": {"AVG": 78.63414634146342, "STDEV": 7.5055735588598145}, "FGP": {"AVG": 0.46408536585365856, "STDEV": 0.05738029971639667}, "FG3M": {"AVG": 6.097560975609756, "STDEV": 3.2833653169999297}, "FG3A": {"AVG": 16.609756097560975, "STDEV": 5.768702482780586}, "FG3P": {"AVG": 0.3544497425756885, "STDEV": 0.12708247168859585}, "FTM": {"AVG": 22.378048780487806, "STDEV": 6.918645846064828}, "FTA": {"AVG": 29.390243902439025, "STDEV": 29.390243902439025}, "FTP": {"AVG": 0.7618536585365854, "STDEV": 0.7618536585365854}, "OREB": {"AVG": 10.560975609756097, "STDEV": 3.5280098295529823}, "DREB": {"AVG": 28.963414634146343, "STDEV": 5.2433264390979595}, "REB": {"AVG": 39.52439024390244, "STDEV": 6.496391419508156}, "AST": {"AVG": 20.48780487804878, "STDEV": 5.700863920752615}, "BLK": {"AVG": 4.963414634146342, "STDEV": 2.471792082186723}, "TOV": {"AVG": 15.75609756097561, "STDEV": 4.1501479242110735}, "PF": {"AVG": 22.28048780487805, "STDEV": 4.32127778954528}}