{"Team_ID": 1610612766, "Season": "2006-07", "FGM": {"AVG": 36.09756097560975, "STDEV": 5.189280870508572}, "FGA": {"AVG": 81.01219512195122, "STDEV": 7.890444138462557}, "FGP": {"AVG": 0.4469878048780488, "STDEV": 0.059900636634313206}, "FG3M": {"AVG": 5.573170731707317, "STDEV": 2.459702319662892}, "FG3A": {"AVG": 15.609756097560975, "STDEV": 4.141795690846598}, "FG3P": {"AVG": 0.36000837521345486, "STDEV": 0.13465700022006935}, "FTM": {"AVG": 19.121951219512194, "STDEV": 5.737875556233828}, "FTA": {"AVG": 26.048780487804876, "STDEV": 26.048780487804876}, "FTP": {"AVG": 0.7329878048780488, "STDEV": 0.7329878048780488}, "OREB": {"AVG": 11.21951219512195, "STDEV": 4.103670113579308}, "DREB": {"AVG": 28.609756097560975, "STDEV": 5.124995868859463}, "REB": {"AVG": 39.829268292682926, "STDEV": 7.171281680388525}, "AST": {"AVG": 22.390243902439025, "STDEV": 5.1032695826895464}, "BLK": {"AVG": 4.5, "STDEV": 2.785544697049261}, "TOV": {"AVG": 14.304878048780488, "STDEV": 3.914799474202465}, "PF": {"AVG": 24.20731707317073, "STDEV": 4.721209838872646}}