{"Team_ID": 1610612752, "Season": "2006-07", "FGM": {"AVG": 35.40243902439025, "STDEV": 4.488283116709801}, "FGA": {"AVG": 77.51219512195122, "STDEV": 8.213574885876541}, "FGP": {"AVG": 0.4582439024390244, "STDEV": 0.04717201539509213}, "FG3M": {"AVG": 5.780487804878049, "STDEV": 2.5240785642714996}, "FG3A": {"AVG": 16.70731707317073, "STDEV": 4.1618128910606655}, "FG3P": {"AVG": 0.33943694167335287, "STDEV": 0.11190415894304075}, "FTM": {"AVG": 20.902439024390244, "STDEV": 7.086084008132429}, "FTA": {"AVG": 29.21951219512195, "STDEV": 29.21951219512195}, "FTP": {"AVG": 0.7149024390243902, "STDEV": 0.7149024390243902}, "OREB": {"AVG": 12.585365853658537, "STDEV": 4.160220849765026}, "DREB": {"AVG": 30.682926829268293, "STDEV": 4.551157901182239}, "REB": {"AVG": 43.26829268292683, "STDEV": 6.071688561459094}, "AST": {"AVG": 18.682926829268293, "STDEV": 4.438546221735353}, "BLK": {"AVG": 3.1707317073170733, "STDEV": 2.083473346695283}, "TOV": {"AVG": 16.25609756097561, "STDEV": 4.017895080667642}, "PF": {"AVG": 23.5609756097561, "STDEV": 5.207064434409193}}