{"Team_ID": 1610612742, "Season": "2006-07", "FGM": {"AVG": 36.707317073170735, "STDEV": 4.660015908620248}, "FGA": {"AVG": 78.5609756097561, "STDEV": 7.503246311382449}, "FGP": {"AVG": 0.46895121951219515, "STDEV": 0.05633364068270845}, "FG3M": {"AVG": 6.524390243902439, "STDEV": 2.7631866098566884}, "FG3A": {"AVG": 17.121951219512194, "STDEV": 5.31104194260501}, "FG3P": {"AVG": 0.3817445239909405, "STDEV": 0.11009714111425356}, "FTM": {"AVG": 20.073170731707318, "STDEV": 6.121769468648827}, "FTA": {"AVG": 24.9390243902439, "STDEV": 24.9390243902439}, "FTP": {"AVG": 0.807609756097561, "STDEV": 0.807609756097561}, "OREB": {"AVG": 11.21951219512195, "STDEV": 4.391418090495194}, "DREB": {"AVG": 30.670731707317074, "STDEV": 5.291630657325786}, "REB": {"AVG": 41.890243902439025, "STDEV": 6.550857257182048}, "AST": {"AVG": 19.902439024390244, "STDEV": 4.6946508990698455}, "BLK": {"AVG": 4.975609756097561, "STDEV": 2.222086716735818}, "TOV": {"AVG": 13.109756097560975, "STDEV": 3.9534516800753687}, "PF": {"AVG": 22.402439024390244, "STDEV": 3.8645580332726754}}