{"Team_ID": 1610612754, "Season": "2006-07", "FGM": {"AVG": 35.02439024390244, "STDEV": 4.505074257773316}, "FGA": {"AVG": 80.01219512195122, "STDEV": 7.143146421638266}, "FGP": {"AVG": 0.43928048780487805, "STDEV": 0.05520025818293618}, "FG3M": {"AVG": 5.865853658536586, "STDEV": 2.702363826342545}, "FG3A": {"AVG": 16.9390243902439, "STDEV": 4.595616701118067}, "FG3P": {"AVG": 0.33728451648694174, "STDEV": 0.1280269758736512}, "FTM": {"AVG": 19.695121951219512, "STDEV": 6.8577954640627485}, "FTA": {"AVG": 25.914634146341463, "STDEV": 25.914634146341463}, "FTP": {"AVG": 0.756390243902439, "STDEV": 0.756390243902439}, "OREB": {"AVG": 12.073170731707316, "STDEV": 4.586024093137376}, "DREB": {"AVG": 29.76829268292683, "STDEV": 4.678025278455828}, "REB": {"AVG": 41.84146341463415, "STDEV": 6.886145532960665}, "AST": {"AVG": 20.48780487804878, "STDEV": 4.30974750037783}, "BLK": {"AVG": 5.451219512195122, "STDEV": 2.1894947780979694}, "TOV": {"AVG": 15.890243902439025, "STDEV": 4.030764708750443}, "PF": {"AVG": 23.317073170731707, "STDEV": 4.923809748459458}}