{"Team_ID": 1610612764, "Season": "2006-07", "FGM": {"AVG": 37.4390243902439, "STDEV": 6.138519467970842}, "FGA": {"AVG": 83.17073170731707, "STDEV": 8.154079306367935}, "FGP": {"AVG": 0.4503170731707317, "STDEV": 0.06004789817536107}, "FG3M": {"AVG": 6.841463414634147, "STDEV": 2.890894654955866}, "FG3A": {"AVG": 19.682926829268293, "STDEV": 5.5973495685110475}, "FG3P": {"AVG": 0.3456352168828649, "STDEV": 0.11895093046661015}, "FTM": {"AVG": 22.621951219512194, "STDEV": 7.5172891158922495}, "FTA": {"AVG": 29.573170731707318, "STDEV": 29.573170731707318}, "FTP": {"AVG": 0.7609634146341463, "STDEV": 0.7609634146341463}, "OREB": {"AVG": 12.170731707317072, "STDEV": 4.124018410853219}, "DREB": {"AVG": 29.01219512195122, "STDEV": 4.229508048441067}, "REB": {"AVG": 41.18292682926829, "STDEV": 5.326681149520216}, "AST": {"AVG": 20.24390243902439, "STDEV": 5.594443838926937}, "BLK": {"AVG": 4.573170731707317, "STDEV": 2.3361384609569744}, "TOV": {"AVG": 13.231707317073171, "STDEV": 3.679434942151586}, "PF": {"AVG": 22.23170731707317, "STDEV": 3.900929868531996}}