{"Team_ID": 1610612755, "Season": "1993-94", "FGM": {"AVG": 37.84146341463415, "STDEV": 5.327472502423366}, "FGA": {"AVG": 83.15853658536585, "STDEV": 7.181026977338427}, "FGP": {"AVG": 0.45602439024390246, "STDEV": 0.058548065219797246}, "FG3M": {"AVG": 3.8780487804878048, "STDEV": 2.0631406234571092}, "FG3A": {"AVG": 11.487804878048781, "STDEV": 3.7818406337048818}, "FG3P": {"AVG": 0.33998604516000497, "STDEV": 0.1362026863143402}, "FTM": {"AVG": 18.402439024390244, "STDEV": 4.613077910124438}, "FTA": {"AVG": 25.75609756097561, "STDEV": 25.75609756097561}, "FTP": {"AVG": 0.7126829268292683, "STDEV": 0.7126829268292683}, "OREB": {"AVG": 12.341463414634147, "STDEV": 3.5144130472308204}, "DREB": {"AVG": 29.195121951219512, "STDEV": 4.782785552297456}, "REB": {"AVG": 41.53658536585366, "STDEV": 6.0841731981402685}, "AST": {"AVG": 22.28048780487805, "STDEV": 5.07055014485158}, "BLK": {"AVG": 6.402439024390244, "STDEV": 3.153910980282214}, "TOV": {"AVG": 16.024390243902438, "STDEV": 4.804770288457286}, "PF": {"AVG": 18.146341463414632, "STDEV": 3.446672939386484}}