{"Team_ID": 1610612749, "Season": "1993-94", "FGM": {"AVG": 37.1219512195122, "STDEV": 4.651802369140557}, "FGA": {"AVG": 83.01219512195122, "STDEV": 7.269917557633699}, "FGP": {"AVG": 0.4487317073170732, "STDEV": 0.05519483979738467}, "FG3M": {"AVG": 4.036585365853658, "STDEV": 2.3277452766292144}, "FG3A": {"AVG": 12.426829268292684, "STDEV": 3.9316081835252126}, "FG3P": {"AVG": 0.31818734812344646, "STDEV": 0.15999990677407555}, "FTM": {"AVG": 18.658536585365855, "STDEV": 5.765413077606418}, "FTA": {"AVG": 26.597560975609756, "STDEV": 26.597560975609756}, "FTP": {"AVG": 0.7015853658536585, "STDEV": 0.7015853658536585}, "OREB": {"AVG": 13.731707317073171, "STDEV": 4.51348809978041}, "DREB": {"AVG": 26.26829268292683, "STDEV": 4.761078777247408}, "REB": {"AVG": 40, "STDEV": 6.5149400952306875}, "AST": {"AVG": 23.73170731707317, "STDEV": 4.475030258502583}, "BLK": {"AVG": 4.963414634146342, "STDEV": 2.6031563080667364}, "TOV": {"AVG": 15.841463414634147, "STDEV": 3.7034168813962083}, "PF": {"AVG": 22.20731707317073, "STDEV": 4.620773824558999}}