{"Team_ID": 1610612739, "Season": "1993-94", "FGM": {"AVG": 38.207317073170735, "STDEV": 5.269848557990007}, "FGA": {"AVG": 82.08536585365853, "STDEV": 7.046934749993893}, "FGP": {"AVG": 0.4660487804878049, "STDEV": 0.05566143298506803}, "FG3M": {"AVG": 3.5853658536585367, "STDEV": 1.8254119745537782}, "FG3A": {"AVG": 9.914634146341463, "STDEV": 3.794737159726906}, "FG3P": {"AVG": 0.37342129713901595, "STDEV": 0.1761575800578355}, "FTM": {"AVG": 21.170731707317074, "STDEV": 6.209918148302107}, "FTA": {"AVG": 27.48780487804878, "STDEV": 27.48780487804878}, "FTP": {"AVG": 0.7713170731707317, "STDEV": 0.7713170731707317}, "OREB": {"AVG": 13.292682926829269, "STDEV": 3.9393168702703094}, "DREB": {"AVG": 28.695121951219512, "STDEV": 5.485534342430219}, "REB": {"AVG": 41.98780487804878, "STDEV": 6.961080344773767}, "AST": {"AVG": 24.98780487804878, "STDEV": 6.033842627243959}, "BLK": {"AVG": 5.195121951219512, "STDEV": 2.5600878861758427}, "TOV": {"AVG": 13.402439024390244, "STDEV": 3.5515941685687262}, "PF": {"AVG": 20.74390243902439, "STDEV": 4.168698691496881}}