{"Team_ID": 1610612738, "Season": "1993-94", "FGM": {"AVG": 40.646341463414636, "STDEV": 6.181158050472923}, "FGA": {"AVG": 86.0609756097561, "STDEV": 7.890215163905931}, "FGP": {"AVG": 0.47263414634146345, "STDEV": 0.060392238932965095}, "FG3M": {"AVG": 1.6829268292682926, "STDEV": 1.4131485621750732}, "FG3A": {"AVG": 5.817073170731708, "STDEV": 2.7312912370782505}, "FG3P": {"AVG": 0.2676913872035823, "STDEV": 0.20417525020041805}, "FTM": {"AVG": 17.841463414634145, "STDEV": 6.766784367148438}, "FTA": {"AVG": 24.426829268292682, "STDEV": 24.426829268292682}, "FTP": {"AVG": 0.7290609756097561, "STDEV": 0.7290609756097561}, "OREB": {"AVG": 12.646341463414634, "STDEV": 4.3980128824347515}, "DREB": {"AVG": 29.024390243902438, "STDEV": 5.397703237571633}, "REB": {"AVG": 41.670731707317074, "STDEV": 7.461927858082598}, "AST": {"AVG": 23.51219512195122, "STDEV": 5.352382421976873}, "BLK": {"AVG": 5.365853658536586, "STDEV": 2.7057880124731204}, "TOV": {"AVG": 14.512195121951219, "STDEV": 3.975989363447482}, "PF": {"AVG": 22.548780487804876, "STDEV": 4.034274267424038}}