{"Team_ID": 1610612737, "Season": "1993-94", "FGM": {"AVG": 39.59756097560975, "STDEV": 6.537375461783944}, "FGA": {"AVG": 85.84146341463415, "STDEV": 7.003472705075943}, "FGP": {"AVG": 0.46134146341463417, "STDEV": 0.06638853454339562}, "FG3M": {"AVG": 3.268292682926829, "STDEV": 2.0670775009081335}, "FG3A": {"AVG": 10.121951219512194, "STDEV": 4.179285318732004}, "FG3P": {"AVG": 0.3247341481649229, "STDEV": 0.1694478679184255}, "FTM": {"AVG": 18.975609756097562, "STDEV": 5.599769858048947}, "FTA": {"AVG": 25.24390243902439, "STDEV": 25.24390243902439}, "FTP": {"AVG": 0.7498048780487805, "STDEV": 0.7498048780487805}, "OREB": {"AVG": 15.24390243902439, "STDEV": 4.141214039235283}, "DREB": {"AVG": 29.548780487804876, "STDEV": 4.909432692137343}, "REB": {"AVG": 44.792682926829265, "STDEV": 6.091357579184026}, "AST": {"AVG": 25.073170731707318, "STDEV": 5.695526699985165}, "BLK": {"AVG": 5.475609756097561, "STDEV": 2.4048593283265958}, "TOV": {"AVG": 14.695121951219512, "STDEV": 3.9742660612602467}, "PF": {"AVG": 19.817073170731707, "STDEV": 4.109993988702725}}