{"Team_ID": 1610612762, "Season": "1993-94", "FGM": {"AVG": 39.109756097560975, "STDEV": 5.033237913152374}, "FGA": {"AVG": 82.0609756097561, "STDEV": 8.24523440506451}, "FGP": {"AVG": 0.4789024390243902, "STDEV": 0.06037283539173042}, "FG3M": {"AVG": 2.182926829268293, "STDEV": 1.6187790611757162}, "FG3A": {"AVG": 6.817073170731708, "STDEV": 3.131394391335291}, "FG3P": {"AVG": 0.30659777214655265, "STDEV": 0.18833886472130199}, "FTM": {"AVG": 21.475609756097562, "STDEV": 5.694323813911659}, "FTA": {"AVG": 29.01219512195122, "STDEV": 29.01219512195122}, "FTP": {"AVG": 0.7307560975609756, "STDEV": 0.7307560975609756}, "OREB": {"AVG": 12.914634146341463, "STDEV": 4.96705496745142}, "DREB": {"AVG": 29.085365853658537, "STDEV": 4.779589371050266}, "REB": {"AVG": 42, "STDEV": 7.098947931094795}, "AST": {"AVG": 26.573170731707318, "STDEV": 4.565113247023028}, "BLK": {"AVG": 4.439024390243903, "STDEV": 2.4246550523434385}, "TOV": {"AVG": 13.926829268292684, "STDEV": 3.459752677255235}, "PF": {"AVG": 24.24390243902439, "STDEV": 4.035524276707453}}