{"Team_ID": 1610612752, "Season": "1993-94", "FGM": {"AVG": 37.78048780487805, "STDEV": 5.573359007215149}, "FGA": {"AVG": 82.13414634146342, "STDEV": 8.423603221756059}, "FGP": {"AVG": 0.46170731707317075, "STDEV": 0.06191780449677373}, "FG3M": {"AVG": 3.8536585365853657, "STDEV": 2.0853513261722116}, "FG3A": {"AVG": 11.073170731707316, "STDEV": 4.093899369130229}, "FG3P": {"AVG": 0.34978299657824774, "STDEV": 0.14843830911402622}, "FTM": {"AVG": 19.073170731707318, "STDEV": 6.107636361237307}, "FTA": {"AVG": 25.573170731707318, "STDEV": 25.573170731707318}, "FTP": {"AVG": 0.7446951219512195, "STDEV": 0.7446951219512195}, "OREB": {"AVG": 14.329268292682928, "STDEV": 5.091883830123784}, "DREB": {"AVG": 31, "STDEV": 5.265775827143461}, "REB": {"AVG": 45.329268292682926, "STDEV": 7.757202750974282}, "AST": {"AVG": 25.20731707317073, "STDEV": 5.0716783324753525}, "BLK": {"AVG": 4.695121951219512, "STDEV": 2.34488686920899}, "TOV": {"AVG": 16.20731707317073, "STDEV": 4.054376708054645}, "PF": {"AVG": 24.402439024390244, "STDEV": 4.215959554522775}}