{"Team_ID": 1610612747, "Season": "1993-94", "FGM": {"AVG": 40.13414634146341, "STDEV": 5.7943399268766}, "FGA": {"AVG": 89.21951219512195, "STDEV": 8.750343048293159}, "FGP": {"AVG": 0.451, "STDEV": 0.057460023677228446}, "FG3M": {"AVG": 2.9390243902439024, "STDEV": 2.0807617371542517}, "FG3A": {"AVG": 9.792682926829269, "STDEV": 3.851367577784686}, "FG3P": {"AVG": 0.29526629824947803, "STDEV": 0.16870812500326277}, "FTM": {"AVG": 17.195121951219512, "STDEV": 5.426134800558606}, "FTA": {"AVG": 23.98780487804878, "STDEV": 23.98780487804878}, "FTP": {"AVG": 0.7172682926829268, "STDEV": 0.7172682926829268}, "OREB": {"AVG": 15.365853658536585, "STDEV": 5.177139195533062}, "DREB": {"AVG": 26.878048780487806, "STDEV": 4.670343112418459}, "REB": {"AVG": 42.24390243902439, "STDEV": 7.580939346352825}, "AST": {"AVG": 24.182926829268293, "STDEV": 5.82274817128346}, "BLK": {"AVG": 5.621951219512195, "STDEV": 2.831220318417175}, "TOV": {"AVG": 13.951219512195122, "STDEV": 3.956249748774248}, "PF": {"AVG": 22.890243902439025, "STDEV": 4.198783179290252}}