{"Team_ID": 1610612753, "Season": "1993-94", "FGM": {"AVG": 40.74390243902439, "STDEV": 5.8008321574373625}, "FGA": {"AVG": 83.9390243902439, "STDEV": 7.7065749721823185}, "FGP": {"AVG": 0.4860853658536585, "STDEV": 0.05714162635251274}, "FG3M": {"AVG": 4.804878048780488, "STDEV": 2.4617519827249996}, "FG3A": {"AVG": 13.865853658536585, "STDEV": 4.396300900524145}, "FG3P": {"AVG": 0.33964560271095473, "STDEV": 0.12493954631869948}, "FTM": {"AVG": 19.390243902439025, "STDEV": 6.19788115439258}, "FTA": {"AVG": 28.609756097560975, "STDEV": 28.609756097560975}, "FTP": {"AVG": 0.6770243902439025, "STDEV": 0.6770243902439025}, "OREB": {"AVG": 14.353658536585366, "STDEV": 4.782612414945716}, "DREB": {"AVG": 28.73170731707317, "STDEV": 4.981567953095071}, "REB": {"AVG": 43.08536585365854, "STDEV": 7.3066876512137755}, "AST": {"AVG": 25.24390243902439, "STDEV": 5.4355050774656135}, "BLK": {"AVG": 5.560975609756097, "STDEV": 2.965220458881286}, "TOV": {"AVG": 15.74390243902439, "STDEV": 4.066760702038946}, "PF": {"AVG": 20.890243902439025, "STDEV": 4.070387179572605}}