{"Team_ID": 1610612742, "Season": "1993-94", "FGM": {"AVG": 37.25609756097561, "STDEV": 4.311371629040773}, "FGA": {"AVG": 86.21951219512195, "STDEV": 7.686808309131361}, "FGP": {"AVG": 0.4340609756097561, "STDEV": 0.05172060447666381}, "FG3M": {"AVG": 2.9390243902439024, "STDEV": 1.7094332392339198}, "FG3A": {"AVG": 9.426829268292684, "STDEV": 3.27742178030939}, "FG3P": {"AVG": 0.30315076482580067, "STDEV": 0.13789165307639922}, "FTM": {"AVG": 17.682926829268293, "STDEV": 5.216020073004643}, "FTA": {"AVG": 23.682926829268293, "STDEV": 23.682926829268293}, "FTP": {"AVG": 0.7449024390243902, "STDEV": 0.7449024390243902}, "OREB": {"AVG": 15.5, "STDEV": 4.576510072581994}, "DREB": {"AVG": 26.21951219512195, "STDEV": 4.645519254273386}, "REB": {"AVG": 41.71951219512195, "STDEV": 6.293783706114758}, "AST": {"AVG": 19.865853658536587, "STDEV": 4.482509755339618}, "BLK": {"AVG": 3.6463414634146343, "STDEV": 2.0145884683423754}, "TOV": {"AVG": 16.195121951219512, "STDEV": 4.552679374952417}, "PF": {"AVG": 24.475609756097562, "STDEV": 3.9133377807915215}}