{"Team_ID": 1610612751, "Season": "1993-94", "FGM": {"AVG": 38.646341463414636, "STDEV": 5.534118532462598}, "FGA": {"AVG": 86.76829268292683, "STDEV": 6.842674339087751}, "FGP": {"AVG": 0.4454878048780488, "STDEV": 0.05299108797711644}, "FG3M": {"AVG": 2.7195121951219514, "STDEV": 1.8610656063684234}, "FG3A": {"AVG": 8.329268292682928, "STDEV": 3.3630338964778184}, "FG3P": {"AVG": 0.31695008323415785, "STDEV": 0.1854657552693919}, "FTM": {"AVG": 23.170731707317074, "STDEV": 6.032432668703317}, "FTA": {"AVG": 30.426829268292682, "STDEV": 30.426829268292682}, "FTP": {"AVG": 0.768670731707317, "STDEV": 0.768670731707317}, "OREB": {"AVG": 15.853658536585366, "STDEV": 4.450334849988818}, "DREB": {"AVG": 31.170731707317074, "STDEV": 4.61828057910921}, "REB": {"AVG": 47.02439024390244, "STDEV": 6.158353976322035}, "AST": {"AVG": 23.170731707317074, "STDEV": 5.736615938073381}, "BLK": {"AVG": 7.024390243902439, "STDEV": 3.2048405124166632}, "TOV": {"AVG": 14.170731707317072, "STDEV": 3.5652814134034374}, "PF": {"AVG": 20.646341463414632, "STDEV": 4.335816813187432}}