{"Team_ID": 1610612743, "Season": "1993-94", "FGM": {"AVG": 38.48780487804878, "STDEV": 4.929738185618111}, "FGA": {"AVG": 82.6951219512195, "STDEV": 7.100146102461718}, "FGP": {"AVG": 0.4664756097560976, "STDEV": 0.05409416244029881}, "FG3M": {"AVG": 2.073170731707317, "STDEV": 1.638883147295992}, "FG3A": {"AVG": 7.280487804878049, "STDEV": 2.949259753301163}, "FG3P": {"AVG": 0.26139158944036994, "STDEV": 0.1683776204944512}, "FTM": {"AVG": 21.20731707317073, "STDEV": 6.727019050488176}, "FTA": {"AVG": 29.548780487804876, "STDEV": 29.548780487804876}, "FTP": {"AVG": 0.7192317073170732, "STDEV": 0.7192317073170732}, "OREB": {"AVG": 13.475609756097562, "STDEV": 4.122283946097032}, "DREB": {"AVG": 31.182926829268293, "STDEV": 5.2071367189075}, "REB": {"AVG": 44.65853658536585, "STDEV": 6.174858447310675}, "AST": {"AVG": 21.5, "STDEV": 4.372331637766889}, "BLK": {"AVG": 8.365853658536585, "STDEV": 3.508410336524349}, "TOV": {"AVG": 16.74390243902439, "STDEV": 3.7145392536501154}, "PF": {"AVG": 23.48780487804878, "STDEV": 3.6859556692973525}}