{"Team_ID": 1610612759, "Season": "1993-94", "FGM": {"AVG": 38.75609756097561, "STDEV": 5.012480659387597}, "FGA": {"AVG": 81.5609756097561, "STDEV": 7.081705801650204}, "FGP": {"AVG": 0.47610975609756095, "STDEV": 0.055234629971494566}, "FG3M": {"AVG": 3.0365853658536586, "STDEV": 1.6211954280960374}, "FG3A": {"AVG": 8.707317073170731, "STDEV": 3.57455964611804}, "FG3P": {"AVG": 0.36090317999392607, "STDEV": 0.18422235170918372}, "FTM": {"AVG": 19.475609756097562, "STDEV": 5.345415965650341}, "FTA": {"AVG": 26.23170731707317, "STDEV": 26.23170731707317}, "FTP": {"AVG": 0.7445975609756098, "STDEV": 0.7445975609756098}, "OREB": {"AVG": 14.5, "STDEV": 4.608767811545809}, "DREB": {"AVG": 31.670731707317074, "STDEV": 5.472839509569119}, "REB": {"AVG": 46.170731707317074, "STDEV": 7.148866573461493}, "AST": {"AVG": 23.121951219512194, "STDEV": 4.874702254667987}, "BLK": {"AVG": 5.487804878048781, "STDEV": 2.8512241358000083}, "TOV": {"AVG": 13.926829268292684, "STDEV": 4.345511343293024}, "PF": {"AVG": 20.26829268292683, "STDEV": 3.7352137476240403}}