{"Team_ID": 1610612757, "Season": "1993-94", "FGM": {"AVG": 41.109756097560975, "STDEV": 5.393196668966147}, "FGA": {"AVG": 90.57317073170732, "STDEV": 7.390401662692152}, "FGP": {"AVG": 0.45432926829268294, "STDEV": 0.05003629667194786}, "FG3M": {"AVG": 3.317073170731707, "STDEV": 2.1766326285154824}, "FG3A": {"AVG": 9.390243902439025, "STDEV": 3.4560953403379324}, "FG3P": {"AVG": 0.3440307650914198, "STDEV": 0.16428313332099043}, "FTM": {"AVG": 21.71951219512195, "STDEV": 5.685750849454421}, "FTA": {"AVG": 29.21951219512195, "STDEV": 29.21951219512195}, "FTP": {"AVG": 0.7386829268292683, "STDEV": 0.7386829268292683}, "OREB": {"AVG": 15.878048780487806, "STDEV": 4.17041385252049}, "DREB": {"AVG": 30, "STDEV": 5.237566110841189}, "REB": {"AVG": 45.8780487804878, "STDEV": 6.452849392442203}, "AST": {"AVG": 25.24390243902439, "STDEV": 4.676077747586695}, "BLK": {"AVG": 4.987804878048781, "STDEV": 2.4919321792835274}, "TOV": {"AVG": 14.353658536585366, "STDEV": 4.205733744117394}, "PF": {"AVG": 22.28048780487805, "STDEV": 3.7094287279180556}}