{"Team_ID": 1610612744, "Season": "1993-94", "FGM": {"AVG": 42.829268292682926, "STDEV": 5.933385097670119}, "FGA": {"AVG": 87.13414634146342, "STDEV": 7.710442166184302}, "FGP": {"AVG": 0.4922073170731707, "STDEV": 0.05611644370807396}, "FG3M": {"AVG": 3.548780487804878, "STDEV": 1.969849521259098}, "FG3A": {"AVG": 10.475609756097562, "STDEV": 3.814286366780145}, "FG3P": {"AVG": 0.33728692094149315, "STDEV": 0.15902662752727112}, "FTM": {"AVG": 18.646341463414632, "STDEV": 6.456639708579665}, "FTA": {"AVG": 28.097560975609756, "STDEV": 28.097560975609756}, "FTP": {"AVG": 0.6579756097560976, "STDEV": 0.6579756097560976}, "OREB": {"AVG": 14.426829268292684, "STDEV": 3.7746081075460727}, "DREB": {"AVG": 29.21951219512195, "STDEV": 4.966615436583667}, "REB": {"AVG": 43.646341463414636, "STDEV": 6.2328717421079824}, "AST": {"AVG": 26.804878048780488, "STDEV": 6.159282915593909}, "BLK": {"AVG": 6.2317073170731705, "STDEV": 2.750078699155851}, "TOV": {"AVG": 17.036585365853657, "STDEV": 4.17649247944903}, "PF": {"AVG": 21.817073170731707, "STDEV": 4.175555108451539}}