{"Team_ID": 1610612764, "Season": "1993-94", "FGM": {"AVG": 38.96341463414634, "STDEV": 5.804309003761018}, "FGA": {"AVG": 83.2439024390244, "STDEV": 8.253036815725613}, "FGP": {"AVG": 0.4685975609756098, "STDEV": 0.05495921265544215}, "FG3M": {"AVG": 2.6951219512195124, "STDEV": 1.7686503495655572}, "FG3A": {"AVG": 9.073170731707316, "STDEV": 3.122125296260953}, "FG3P": {"AVG": 0.29677967696260377, "STDEV": 0.17552916876516242}, "FTM": {"AVG": 19.73170731707317, "STDEV": 6.118276164241126}, "FTA": {"AVG": 26.365853658536587, "STDEV": 26.365853658536587}, "FTP": {"AVG": 0.7548658536585365, "STDEV": 0.7548658536585365}, "OREB": {"AVG": 13.060975609756097, "STDEV": 4.664940318185998}, "DREB": {"AVG": 26.695121951219512, "STDEV": 5.75999190755228}, "REB": {"AVG": 39.75609756097561, "STDEV": 7.429605402362146}, "AST": {"AVG": 22.23170731707317, "STDEV": 5.3478939675902115}, "BLK": {"AVG": 3.9146341463414633, "STDEV": 2.331751948310382}, "TOV": {"AVG": 16.475609756097562, "STDEV": 4.891982883983507}, "PF": {"AVG": 20.914634146341463, "STDEV": 4.009868134626279}}