{"Team_ID": 1610612739, "Season": "2000-01", "FGM": {"AVG": 35.24390243902439, "STDEV": 4.2529901626617574}, "FGA": {"AVG": 79.65853658536585, "STDEV": 6.558793008870831}, "FGP": {"AVG": 0.44347560975609757, "STDEV": 0.0489045999022476}, "FG3M": {"AVG": 2.682926829268293, "STDEV": 1.8249170370487557}, "FG3A": {"AVG": 8.036585365853659, "STDEV": 2.81725337720769}, "FG3P": {"AVG": 0.31756866101378295, "STDEV": 0.1768936649506553}, "FTM": {"AVG": 19.036585365853657, "STDEV": 5.819178852494058}, "FTA": {"AVG": 24.878048780487806, "STDEV": 24.878048780487806}, "FTP": {"AVG": 0.7664024390243902, "STDEV": 0.7664024390243902}, "OREB": {"AVG": 12.378048780487806, "STDEV": 3.5543061829329687}, "DREB": {"AVG": 29.75609756097561, "STDEV": 5.419582635312579}, "REB": {"AVG": 42.13414634146341, "STDEV": 6.417110990142002}, "AST": {"AVG": 20.829268292682926, "STDEV": 4.888396131856051}, "BLK": {"AVG": 5.317073170731708, "STDEV": 2.656824656208837}, "TOV": {"AVG": 15.817073170731707, "STDEV": 3.963188792120223}, "PF": {"AVG": 23.21951219512195, "STDEV": 4.192952318095777}}