{"Team_ID": 1610612738, "Season": "2000-01", "FGM": {"AVG": 33.81707317073171, "STDEV": 3.4929489779384384}, "FGA": {"AVG": 79.08536585365853, "STDEV": 5.689933106231349}, "FGP": {"AVG": 0.42854878048780487, "STDEV": 0.04220969183628545}, "FG3M": {"AVG": 7.219512195121951, "STDEV": 3.2011741296735825}, "FG3A": {"AVG": 19.914634146341463, "STDEV": 5.398219229723165}, "FG3P": {"AVG": 0.3568079990960278, "STDEV": 0.11559009783694897}, "FTM": {"AVG": 19.76829268292683, "STDEV": 6.884046291635313}, "FTA": {"AVG": 26.70731707317073, "STDEV": 26.70731707317073}, "FTP": {"AVG": 0.7364024390243903, "STDEV": 0.7364024390243903}, "OREB": {"AVG": 10.939024390243903, "STDEV": 3.4972566355225365}, "DREB": {"AVG": 28.865853658536587, "STDEV": 5.158625032431933}, "REB": {"AVG": 39.80487804878049, "STDEV": 6.299988289995474}, "AST": {"AVG": 20.829268292682926, "STDEV": 4.165718049196559}, "BLK": {"AVG": 4.097560975609756, "STDEV": 2.082316825181414}, "TOV": {"AVG": 15.097560975609756, "STDEV": 3.911394421864991}, "PF": {"AVG": 23.804878048780488, "STDEV": 4.158700605439761}}