{"Team_ID": 1610612737, "Season": "2000-01", "FGM": {"AVG": 35.073170731707314, "STDEV": 5.196818798535485}, "FGA": {"AVG": 81.3170731707317, "STDEV": 7.095256716365036}, "FGP": {"AVG": 0.4313048780487805, "STDEV": 0.051231425787855535}, "FG3M": {"AVG": 4.060975609756097, "STDEV": 2.207437266005172}, "FG3A": {"AVG": 11.378048780487806, "STDEV": 4.4904294493474}, "FG3P": {"AVG": 0.3592859207712338, "STDEV": 0.1565308062057428}, "FTM": {"AVG": 16.75609756097561, "STDEV": 5.4355050774656135}, "FTA": {"AVG": 22.085365853658537, "STDEV": 22.085365853658537}, "FTP": {"AVG": 0.765670731707317, "STDEV": 0.765670731707317}, "OREB": {"AVG": 12.536585365853659, "STDEV": 3.517838568826945}, "DREB": {"AVG": 30.365853658536587, "STDEV": 5.651422185526447}, "REB": {"AVG": 42.90243902439025, "STDEV": 6.9381923075276655}, "AST": {"AVG": 19.01219512195122, "STDEV": 4.6174491981244215}, "BLK": {"AVG": 4.719512195121951, "STDEV": 2.490844421465983}, "TOV": {"AVG": 15.78048780487805, "STDEV": 3.7450358591433}, "PF": {"AVG": 22.71951219512195, "STDEV": 4.779778367308487}}