{"Team_ID": 1610612766, "Season": "2000-01", "FGM": {"AVG": 34.146341463414636, "STDEV": 4.394502601720832}, "FGA": {"AVG": 79.28048780487805, "STDEV": 6.702264939157826}, "FGP": {"AVG": 0.43291463414634146, "STDEV": 0.061184642876612204}, "FG3M": {"AVG": 4.146341463414634, "STDEV": 1.9883733113208748}, "FG3A": {"AVG": 12, "STDEV": 3.170076137263801}, "FG3P": {"AVG": 0.3402217508308011, "STDEV": 0.13166795488729977}, "FTM": {"AVG": 19.5, "STDEV": 6.740791615599631}, "FTA": {"AVG": 26.170731707317074, "STDEV": 26.170731707317074}, "FTP": {"AVG": 0.7432560975609757, "STDEV": 0.7432560975609757}, "OREB": {"AVG": 12.597560975609756, "STDEV": 4.030316460011671}, "DREB": {"AVG": 31.804878048780488, "STDEV": 5.52310304710087}, "REB": {"AVG": 44.40243902439025, "STDEV": 7.005922989919353}, "AST": {"AVG": 23.170731707317074, "STDEV": 5.579514731872277}, "BLK": {"AVG": 5.548780487804878, "STDEV": 2.363051171707545}, "TOV": {"AVG": 13.707317073170731, "STDEV": 3.522372253650252}, "PF": {"AVG": 21.378048780487806, "STDEV": 3.9865212530845473}}