{"Team_ID": 1610612752, "Season": "2000-01", "FGM": {"AVG": 33.59756097560975, "STDEV": 4.863214798386806}, "FGA": {"AVG": 75.58536585365853, "STDEV": 5.881444391992802}, "FGP": {"AVG": 0.44596341463414635, "STDEV": 0.06553171791120585}, "FG3M": {"AVG": 4.7682926829268295, "STDEV": 2.167656642710404}, "FG3A": {"AVG": 13.597560975609756, "STDEV": 3.7180233567611243}, "FG3P": {"AVG": 0.35346423785870057, "STDEV": 0.14060210564959238}, "FTM": {"AVG": 16.75609756097561, "STDEV": 5.616468236103047}, "FTA": {"AVG": 21.0609756097561, "STDEV": 21.0609756097561}, "FTP": {"AVG": 0.7951829268292683, "STDEV": 0.7951829268292683}, "OREB": {"AVG": 9.426829268292684, "STDEV": 3.4677722161829374}, "DREB": {"AVG": 30.78048780487805, "STDEV": 5.247043589086655}, "REB": {"AVG": 40.207317073170735, "STDEV": 5.89776648428553}, "AST": {"AVG": 18.536585365853657, "STDEV": 4.884328989514106}, "BLK": {"AVG": 4.219512195121951, "STDEV": 2.298815530991657}, "TOV": {"AVG": 13.804878048780488, "STDEV": 3.9013736877683174}, "PF": {"AVG": 22.71951219512195, "STDEV": 4.614187434969956}}