{"Team_ID": 1610612754, "Season": "2000-01", "FGM": {"AVG": 34.48780487804878, "STDEV": 4.442343676954029}, "FGA": {"AVG": 78.42682926829268, "STDEV": 7.526136332405068}, "FGP": {"AVG": 0.44064634146341464, "STDEV": 0.048765595024102826}, "FG3M": {"AVG": 4.829268292682927, "STDEV": 2.5181066669999588}, "FG3A": {"AVG": 14.134146341463415, "STDEV": 4.1951241395483185}, "FG3P": {"AVG": 0.34052131328869406, "STDEV": 0.13810679840067083}, "FTM": {"AVG": 18.76829268292683, "STDEV": 6.329041002556751}, "FTA": {"AVG": 24.5, "STDEV": 24.5}, "FTP": {"AVG": 0.7683292682926829, "STDEV": 0.7683292682926829}, "OREB": {"AVG": 11.231707317073171, "STDEV": 3.5808088626468177}, "DREB": {"AVG": 31.646341463414632, "STDEV": 5.119249441561354}, "REB": {"AVG": 42.8780487804878, "STDEV": 6.360352199081158}, "AST": {"AVG": 21.5, "STDEV": 5.0947806747157225}, "BLK": {"AVG": 5.939024390243903, "STDEV": 2.9285632974296614}, "TOV": {"AVG": 14.304878048780488, "STDEV": 3.5752545429203626}, "PF": {"AVG": 23.48780487804878, "STDEV": 4.411667757878174}}