{"Team_ID": 1610612761, "Season": "2000-01", "FGM": {"AVG": 37.170731707317074, "STDEV": 4.898487743584132}, "FGA": {"AVG": 85.02439024390245, "STDEV": 7.109332433379291}, "FGP": {"AVG": 0.4386341463414634, "STDEV": 0.05685622156583879}, "FG3M": {"AVG": 5.2317073170731705, "STDEV": 2.300288658685934}, "FG3A": {"AVG": 14.195121951219512, "STDEV": 3.92031437511829}, "FG3P": {"AVG": 0.36182362641218263, "STDEV": 0.11299265462813068}, "FTM": {"AVG": 18.073170731707318, "STDEV": 7.260208628442816}, "FTA": {"AVG": 24.195121951219512, "STDEV": 24.195121951219512}, "FTP": {"AVG": 0.7451829268292682, "STDEV": 0.7451829268292682}, "OREB": {"AVG": 13.634146341463415, "STDEV": 3.9830263173856193}, "DREB": {"AVG": 30.841463414634145, "STDEV": 4.942807499804789}, "REB": {"AVG": 44.47560975609756, "STDEV": 5.979854265031444}, "AST": {"AVG": 24.4390243902439, "STDEV": 4.976729951659367}, "BLK": {"AVG": 6.329268292682927, "STDEV": 4.049248910840775}, "TOV": {"AVG": 12.71951219512195, "STDEV": 3.4579462621187873}, "PF": {"AVG": 21.28048780487805, "STDEV": 4.181896286283552}}