{"Team_ID": 1610612759, "Season": "2000-01", "FGM": {"AVG": 35.170731707317074, "STDEV": 4.493630273870058}, "FGA": {"AVG": 76.36585365853658, "STDEV": 6.7045446078069215}, "FGP": {"AVG": 0.46189024390243905, "STDEV": 0.05492329243400863}, "FG3M": {"AVG": 5.426829268292683, "STDEV": 2.314903340674002}, "FG3A": {"AVG": 13.341463414634147, "STDEV": 3.884821721429049}, "FG3P": {"AVG": 0.4067061784587081, "STDEV": 0.13339681245725046}, "FTM": {"AVG": 20.402439024390244, "STDEV": 6.8093250442290145}, "FTA": {"AVG": 28.536585365853657, "STDEV": 28.536585365853657}, "FTP": {"AVG": 0.7118170731707317, "STDEV": 0.7118170731707317}, "OREB": {"AVG": 11, "STDEV": 3.51715373140987}, "DREB": {"AVG": 33.073170731707314, "STDEV": 4.490815009769641}, "REB": {"AVG": 44.073170731707314, "STDEV": 5.92292155096502}, "AST": {"AVG": 21.682926829268293, "STDEV": 4.848005950726922}, "BLK": {"AVG": 7.024390243902439, "STDEV": 2.931209710059669}, "TOV": {"AVG": 13.402439024390244, "STDEV": 3.589627567935563}, "PF": {"AVG": 18.914634146341463, "STDEV": 3.8174428113051104}}