{"Team_ID": 1610612749, "Season": "2017-18", "FGM": {"AVG": 39.71951219512195, "STDEV": 5.048589560385372}, "FGA": {"AVG": 83.01219512195122, "STDEV": 6.8376118537609285}, "FGP": {"AVG": 0.47892682926829266, "STDEV": 0.05231145579226689}, "FG3M": {"AVG": 8.75609756097561, "STDEV": 2.6413659747537013}, "FG3A": {"AVG": 24.682926829268293, "STDEV": 4.5402943527259065}, "FG3P": {"AVG": 0.3562674815842665, "STDEV": 0.08851586754992331}, "FTM": {"AVG": 18.28048780487805, "STDEV": 5.7505220165487945}, "FTA": {"AVG": 23.353658536585368, "STDEV": 23.353658536585368}, "FTP": {"AVG": 0.7840731707317073, "STDEV": 0.7840731707317073}, "OREB": {"AVG": 8.390243902439025, "STDEV": 3.2078456967022664}, "DREB": {"AVG": 31.451219512195124, "STDEV": 4.5627380750315885}, "REB": {"AVG": 39.84146341463415, "STDEV": 5.278583592741387}, "AST": {"AVG": 23.23170731707317, "STDEV": 4.78500430353872}, "BLK": {"AVG": 5.402439024390244, "STDEV": 2.642762098370141}, "TOV": {"AVG": 13.146341463414634, "STDEV": 2.9444316612699963}, "PF": {"AVG": 21.365853658536587, "STDEV": 4.5528777905683615}}