{"Team_ID": 1610612741, "Season": "2017-18", "FGM": {"AVG": 38.65853658536585, "STDEV": 5.294347118599727}, "FGA": {"AVG": 88.84146341463415, "STDEV": 6.93082132591307}, "FGP": {"AVG": 0.43584146341463414, "STDEV": 0.05653415214121289}, "FG3M": {"AVG": 11.048780487804878, "STDEV": 3.579442121593363}, "FG3A": {"AVG": 31.085365853658537, "STDEV": 5.502415226179207}, "FG3P": {"AVG": 0.3535184381176335, "STDEV": 0.08989501724796763}, "FTM": {"AVG": 14.560975609756097, "STDEV": 5.13063315462127}, "FTA": {"AVG": 19.195121951219512, "STDEV": 19.195121951219512}, "FTP": {"AVG": 0.7570365853658536, "STDEV": 0.7570365853658536}, "OREB": {"AVG": 9.634146341463415, "STDEV": 3.458795177093494}, "DREB": {"AVG": 35.02439024390244, "STDEV": 5.166309688399143}, "REB": {"AVG": 44.65853658536585, "STDEV": 6.258267642196284}, "AST": {"AVG": 23.451219512195124, "STDEV": 4.419799557000183}, "BLK": {"AVG": 3.524390243902439, "STDEV": 2.217915881672533}, "TOV": {"AVG": 13.292682926829269, "STDEV": 3.571104213773498}, "PF": {"AVG": 19.158536585365855, "STDEV": 4.08390249153593}}