{"Team_ID": 1610612738, "Season": "2017-18", "FGM": {"AVG": 38.30487804878049, "STDEV": 4.814302314465488}, "FGA": {"AVG": 85.0609756097561, "STDEV": 6.209008908757291}, "FGP": {"AVG": 0.45128048780487806, "STDEV": 0.056238310036917816}, "FG3M": {"AVG": 11.451219512195122, "STDEV": 3.151141039759103}, "FG3A": {"AVG": 30.390243902439025, "STDEV": 6.3103992117283765}, "FG3P": {"AVG": 0.38129721025525465, "STDEV": 0.095873613192379}, "FTM": {"AVG": 15.951219512195122, "STDEV": 4.906288328369629}, "FTA": {"AVG": 20.695121951219512, "STDEV": 20.695121951219512}, "FTP": {"AVG": 0.7716219512195122, "STDEV": 0.7716219512195122}, "OREB": {"AVG": 9.353658536585366, "STDEV": 3.436808565592673}, "DREB": {"AVG": 35.09756097560975, "STDEV": 5.196413188642746}, "REB": {"AVG": 44.451219512195124, "STDEV": 6.356007052774817}, "AST": {"AVG": 22.463414634146343, "STDEV": 5.060608273474739}, "BLK": {"AVG": 4.548780487804878, "STDEV": 2.195126133356115}, "TOV": {"AVG": 13.304878048780488, "STDEV": 3.398216759631163}, "PF": {"AVG": 19.73170731707317, "STDEV": 3.9753834522334417}}