{"Team_ID": 1610612746, "Season": "2017-18", "FGM": {"AVG": 40.26829268292683, "STDEV": 4.447356769393117}, "FGA": {"AVG": 85.41463414634147, "STDEV": 6.9263341087104875}, "FGP": {"AVG": 0.4729634146341464, "STDEV": 0.05209474870385032}, "FG3M": {"AVG": 9.475609756097562, "STDEV": 3.055962032584011}, "FG3A": {"AVG": 26.78048780487805, "STDEV": 5.835236494290004}, "FG3P": {"AVG": 0.35116340923555517, "STDEV": 0.07894451168969258}, "FTM": {"AVG": 18.975609756097562, "STDEV": 6.146313980715049}, "FTA": {"AVG": 25.548780487804876, "STDEV": 25.548780487804876}, "FTP": {"AVG": 0.7393170731707317, "STDEV": 0.7393170731707317}, "OREB": {"AVG": 10.146341463414634, "STDEV": 3.6855471852633728}, "DREB": {"AVG": 33.73170731707317, "STDEV": 5.5423148448283825}, "REB": {"AVG": 43.8780487804878, "STDEV": 6.764815006462864}, "AST": {"AVG": 22.341463414634145, "STDEV": 4.8565076925482975}, "BLK": {"AVG": 4.536585365853658, "STDEV": 2.0135045423354327}, "TOV": {"AVG": 14.073170731707316, "STDEV": 3.5128704727252806}, "PF": {"AVG": 19.975609756097562, "STDEV": 3.8199463823917856}}