{"Team_ID": 1610612763, "Season": "2017-18", "FGM": {"AVG": 36.74390243902439, "STDEV": 4.796631986104149}, "FGA": {"AVG": 82.78048780487805, "STDEV": 6.299175705909744}, "FGP": {"AVG": 0.4442560975609756, "STDEV": 0.050549770359007457}, "FG3M": {"AVG": 9.24390243902439, "STDEV": 3.195525326737552}, "FG3A": {"AVG": 26.24390243902439, "STDEV": 5.245953115414755}, "FG3P": {"AVG": 0.3510146889947762, "STDEV": 0.1014066113382382}, "FTM": {"AVG": 16.597560975609756, "STDEV": 5.916830474722632}, "FTA": {"AVG": 21.121951219512194, "STDEV": 21.121951219512194}, "FTP": {"AVG": 0.7820975609756098, "STDEV": 0.7820975609756098}, "OREB": {"AVG": 9.5, "STDEV": 3.293277852284207}, "DREB": {"AVG": 31.024390243902438, "STDEV": 4.914015254341773}, "REB": {"AVG": 40.52439024390244, "STDEV": 5.637672249168042}, "AST": {"AVG": 21.548780487804876, "STDEV": 4.54375827208822}, "BLK": {"AVG": 4.829268292682927, "STDEV": 2.566666080080647}, "TOV": {"AVG": 14.414634146341463, "STDEV": 3.7381953113081585}, "PF": {"AVG": 23.170731707317074, "STDEV": 3.596311134896734}}