{"Team_ID": 1610612737, "Season": "2017-18", "FGM": {"AVG": 38.170731707317074, "STDEV": 4.051534926477089}, "FGA": {"AVG": 85.54878048780488, "STDEV": 6.5718299667378295}, "FGP": {"AVG": 0.44771951219512196, "STDEV": 0.0503619674230671}, "FG3M": {"AVG": 11.182926829268293, "STDEV": 2.927637773504699}, "FG3A": {"AVG": 31.024390243902438, "STDEV": 5.595358768395833}, "FG3P": {"AVG": 0.36348689887909386, "STDEV": 0.08098822647378481}, "FTM": {"AVG": 15.829268292682928, "STDEV": 5.8368875480103295}, "FTA": {"AVG": 20.170731707317074, "STDEV": 20.170731707317074}, "FTP": {"AVG": 0.7870975609756098, "STDEV": 0.7870975609756098}, "OREB": {"AVG": 9.060975609756097, "STDEV": 3.493724748271066}, "DREB": {"AVG": 32.84146341463415, "STDEV": 5.373619862306127}, "REB": {"AVG": 41.90243902439025, "STDEV": 6.553878798928989}, "AST": {"AVG": 23.73170731707317, "STDEV": 4.54619303628384}, "BLK": {"AVG": 4.2439024390243905, "STDEV": 2.0400978892621198}, "TOV": {"AVG": 14.975609756097562, "STDEV": 3.2809800167817125}, "PF": {"AVG": 19.585365853658537, "STDEV": 4.3031748816460516}}