{"Team_ID": 1610612766, "Season": "2017-18", "FGM": {"AVG": 38.98780487804878, "STDEV": 5.285652376753237}, "FGA": {"AVG": 86.65853658536585, "STDEV": 6.096385312737461}, "FGP": {"AVG": 0.45059756097560977, "STDEV": 0.056674696545686236}, "FG3M": {"AVG": 10.048780487804878, "STDEV": 3.7807257746784915}, "FG3A": {"AVG": 27.23170731707317, "STDEV": 5.946881702821505}, "FG3P": {"AVG": 0.3629131031420112, "STDEV": 0.09592391367278083}, "FTM": {"AVG": 20.195121951219512, "STDEV": 5.865654425279088}, "FTA": {"AVG": 27.024390243902438, "STDEV": 27.024390243902438}, "FTP": {"AVG": 0.7473658536585366, "STDEV": 0.7473658536585366}, "OREB": {"AVG": 10.085365853658537, "STDEV": 3.418183834830446}, "DREB": {"AVG": 35.3780487804878, "STDEV": 5.478668496214956}, "REB": {"AVG": 45.46341463414634, "STDEV": 6.858706500718125}, "AST": {"AVG": 21.585365853658537, "STDEV": 4.6426663781782285}, "BLK": {"AVG": 4.548780487804878, "STDEV": 2.2063457248111304}, "TOV": {"AVG": 12.329268292682928, "STDEV": 3.6651676331352476}, "PF": {"AVG": 17.182926829268293, "STDEV": 3.698942287190037}}