{"Team_ID": 1610612758, "Season": "2017-18", "FGM": {"AVG": 38.76829268292683, "STDEV": 4.298431469555414}, "FGA": {"AVG": 86.13414634146342, "STDEV": 5.79220889041233}, "FGP": {"AVG": 0.45076829268292684, "STDEV": 0.046907394657903265}, "FG3M": {"AVG": 9, "STDEV": 2.703450013465875}, "FG3A": {"AVG": 23.98780487804878, "STDEV": 4.821489709953324}, "FG3P": {"AVG": 0.3769199168546073, "STDEV": 0.09311592125759377}, "FTM": {"AVG": 12.292682926829269, "STDEV": 4.423528017368676}, "FTA": {"AVG": 16.71951219512195, "STDEV": 16.71951219512195}, "FTP": {"AVG": 0.7405731707317074, "STDEV": 0.7405731707317074}, "OREB": {"AVG": 9.463414634146341, "STDEV": 2.9863687101343697}, "DREB": {"AVG": 31.4390243902439, "STDEV": 4.651025536654002}, "REB": {"AVG": 40.90243902439025, "STDEV": 5.7705291198811715}, "AST": {"AVG": 21.5609756097561, "STDEV": 3.934957483183205}, "BLK": {"AVG": 4.146341463414634, "STDEV": 2.120574993183771}, "TOV": {"AVG": 13.207317073170731, "STDEV": 3.4092749487246117}, "PF": {"AVG": 19.98780487804878, "STDEV": 3.3756349286221603}}