{"Team_ID": 1610612743, "Season": "2017-18", "FGM": {"AVG": 40.707317073170735, "STDEV": 5.7337807854638365}, "FGA": {"AVG": 86.60975609756098, "STDEV": 6.203854034231364}, "FGP": {"AVG": 0.4703414634146342, "STDEV": 0.06084146967652803}, "FG3M": {"AVG": 11.463414634146341, "STDEV": 3.8847442102463394}, "FG3A": {"AVG": 30.926829268292682, "STDEV": 5.1129959997977315}, "FG3P": {"AVG": 0.3672093349111343, "STDEV": 0.09603482605249378}, "FTM": {"AVG": 17.121951219512194, "STDEV": 5.233770314151624}, "FTA": {"AVG": 22.317073170731707, "STDEV": 22.317073170731707}, "FTP": {"AVG": 0.7709634146341463, "STDEV": 0.7709634146341463}, "OREB": {"AVG": 11, "STDEV": 3.972125095937662}, "DREB": {"AVG": 33.51219512195122, "STDEV": 4.969645893535716}, "REB": {"AVG": 44.51219512195122, "STDEV": 5.890448226335277}, "AST": {"AVG": 25.109756097560975, "STDEV": 5.732743504459738}, "BLK": {"AVG": 4.926829268292683, "STDEV": 2.3135696741523657}, "TOV": {"AVG": 14.317073170731707, "STDEV": 4.180726054199074}, "PF": {"AVG": 18.695121951219512, "STDEV": 3.892661739355612}}