{"Team_ID": 1610612765, "Season": "2017-18", "FGM": {"AVG": 39.1219512195122, "STDEV": 4.696702925240371}, "FGA": {"AVG": 86.9390243902439, "STDEV": 5.812603507057915}, "FGP": {"AVG": 0.45015853658536586, "STDEV": 0.04706981143418}, "FG3M": {"AVG": 10.804878048780488, "STDEV": 3.1756753899722114}, "FG3A": {"AVG": 28.9390243902439, "STDEV": 5.099860954230437}, "FG3P": {"AVG": 0.3723421995446842, "STDEV": 0.08087306015384457}, "FTM": {"AVG": 14.71951219512195, "STDEV": 4.894628928907818}, "FTA": {"AVG": 19.76829268292683, "STDEV": 19.76829268292683}, "FTP": {"AVG": 0.7413780487804879, "STDEV": 0.7413780487804879}, "OREB": {"AVG": 10.121951219512194, "STDEV": 3.7725134690461077}, "DREB": {"AVG": 33.609756097560975, "STDEV": 5.45408692058607}, "REB": {"AVG": 43.73170731707317, "STDEV": 6.346086147757577}, "AST": {"AVG": 22.78048780487805, "STDEV": 4.605483554574305}, "BLK": {"AVG": 3.8658536585365852, "STDEV": 2.3027744678810214}, "TOV": {"AVG": 12.74390243902439, "STDEV": 3.5479466348435515}, "PF": {"AVG": 18.390243902439025, "STDEV": 4.512687457372306}}