{"Team_ID": 1610612761, "Season": "2017-18", "FGM": {"AVG": 41.25609756097561, "STDEV": 5.057230432231197}, "FGA": {"AVG": 87.42682926829268, "STDEV": 7.264033651083333}, "FGP": {"AVG": 0.47268292682926827, "STDEV": 0.05006141365370065}, "FG3M": {"AVG": 11.804878048780488, "STDEV": 3.132620188309389}, "FG3A": {"AVG": 32.98780487804878, "STDEV": 4.887610697654608}, "FG3P": {"AVG": 0.3572927323343999, "STDEV": 0.07690474862547016}, "FTM": {"AVG": 17.341463414634145, "STDEV": 6.700321555200873}, "FTA": {"AVG": 21.829268292682926, "STDEV": 21.829268292682926}, "FTP": {"AVG": 0.7880609756097561, "STDEV": 0.7880609756097561}, "OREB": {"AVG": 9.75609756097561, "STDEV": 3.7269819505197703}, "DREB": {"AVG": 34.23170731707317, "STDEV": 5.455315180239201}, "REB": {"AVG": 43.98780487804878, "STDEV": 6.221217979354411}, "AST": {"AVG": 24.329268292682926, "STDEV": 5.209333688936229}, "BLK": {"AVG": 6.097560975609756, "STDEV": 3.1685559903743705}, "TOV": {"AVG": 12.74390243902439, "STDEV": 3.747627976087604}, "PF": {"AVG": 21.74390243902439, "STDEV": 4.066760702038946}}