{"Team_ID": 1610612745, "Season": "2017-18", "FGM": {"AVG": 38.707317073170735, "STDEV": 4.514688797166474}, "FGA": {"AVG": 84.21951219512195, "STDEV": 6.840374674316798}, "FGP": {"AVG": 0.4603048780487805, "STDEV": 0.04661073076904556}, "FG3M": {"AVG": 15.317073170731707, "STDEV": 3.291883204431315}, "FG3A": {"AVG": 42.31707317073171, "STDEV": 6.537410006991929}, "FG3P": {"AVG": 0.3638403880925014, "STDEV": 0.06821285629286514}, "FTM": {"AVG": 19.621951219512194, "STDEV": 6.691878704084801}, "FTA": {"AVG": 25.134146341463413, "STDEV": 25.134146341463413}, "FTP": {"AVG": 0.7802317073170731, "STDEV": 0.7802317073170731}, "OREB": {"AVG": 9.012195121951219, "STDEV": 3.1011503339174253}, "DREB": {"AVG": 34.451219512195124, "STDEV": 4.753562508174342}, "REB": {"AVG": 43.46341463414634, "STDEV": 5.126053332167706}, "AST": {"AVG": 21.548780487804876, "STDEV": 4.677639055806326}, "BLK": {"AVG": 4.780487804878049, "STDEV": 2.090687111601082}, "TOV": {"AVG": 13.170731707317072, "STDEV": 3.365786016278708}, "PF": {"AVG": 19.475609756097562, "STDEV": 4.889458577303105}}