{"Team_ID": 1610612760, "Season": "2017-18", "FGM": {"AVG": 39.890243902439025, "STDEV": 5.678649851620369}, "FGA": {"AVG": 88.0609756097561, "STDEV": 7.104767241433975}, "FGP": {"AVG": 0.45321951219512197, "STDEV": 0.05522792825209333}, "FG3M": {"AVG": 10.74390243902439, "STDEV": 3.066388778108949}, "FG3A": {"AVG": 30.378048780487806, "STDEV": 5.1150715185192075}, "FG3P": {"AVG": 0.35218321620887655, "STDEV": 0.07241181268748437}, "FTM": {"AVG": 17.329268292682926, "STDEV": 5.87956258986313}, "FTA": {"AVG": 24.20731707317073, "STDEV": 24.20731707317073}, "FTP": {"AVG": 0.7146463414634147, "STDEV": 0.7146463414634147}, "OREB": {"AVG": 12.487804878048781, "STDEV": 4.074139771171043}, "DREB": {"AVG": 32.573170731707314, "STDEV": 4.648192235365332}, "REB": {"AVG": 45.0609756097561, "STDEV": 6.023303635942305}, "AST": {"AVG": 21.341463414634145, "STDEV": 5.065544496088734}, "BLK": {"AVG": 5.024390243902439, "STDEV": 2.388116721489802}, "TOV": {"AVG": 13.439024390243903, "STDEV": 3.735374974072702}, "PF": {"AVG": 20.158536585365855, "STDEV": 4.059646375754402}}