{"Team_ID": 1610612750, "Season": "2017-18", "FGM": {"AVG": 41.03658536585366, "STDEV": 4.467841531367561}, "FGA": {"AVG": 86.13414634146342, "STDEV": 7.364851787705099}, "FGP": {"AVG": 0.4775121951219512, "STDEV": 0.045879133722982766}, "FG3M": {"AVG": 8.024390243902438, "STDEV": 2.5626741904353345}, "FG3A": {"AVG": 22.5, "STDEV": 4.719934086168766}, "FG3P": {"AVG": 0.3580487210426555, "STDEV": 0.09259400453281641}, "FTM": {"AVG": 19.414634146341463, "STDEV": 6.140236090511072}, "FTA": {"AVG": 24.146341463414632, "STDEV": 24.146341463414632}, "FTP": {"AVG": 0.8023292682926829, "STDEV": 0.8023292682926829}, "OREB": {"AVG": 10.341463414634147, "STDEV": 3.768680262160492}, "DREB": {"AVG": 31.621951219512194, "STDEV": 4.93323384259648}, "REB": {"AVG": 41.96341463414634, "STDEV": 6.290194450175429}, "AST": {"AVG": 22.695121951219512, "STDEV": 4.707989071361085}, "BLK": {"AVG": 4.2073170731707314, "STDEV": 2.376519941853191}, "TOV": {"AVG": 11.74390243902439, "STDEV": 3.650844568649619}, "PF": {"AVG": 18.23170731707317, "STDEV": 3.5911371715494345}}