{"Team_ID": 1610612764, "Season": "2017-18", "FGM": {"AVG": 39.9390243902439, "STDEV": 5.271276840601523}, "FGA": {"AVG": 85.58536585365853, "STDEV": 6.402066062178572}, "FGP": {"AVG": 0.4676707317073171, "STDEV": 0.05939323960325035}, "FG3M": {"AVG": 9.926829268292684, "STDEV": 3.3876336028680756}, "FG3A": {"AVG": 26.5, "STDEV": 5.416595441127158}, "FG3P": {"AVG": 0.37294050573296933, "STDEV": 0.09366682755193487}, "FTM": {"AVG": 16.804878048780488, "STDEV": 5.460156521950955}, "FTA": {"AVG": 21.78048780487805, "STDEV": 21.78048780487805}, "FTP": {"AVG": 0.7746951219512195, "STDEV": 0.7746951219512195}, "OREB": {"AVG": 10.036585365853659, "STDEV": 3.379112024314911}, "DREB": {"AVG": 33.08536585365854, "STDEV": 4.408748932344556}, "REB": {"AVG": 43.1219512195122, "STDEV": 5.009596331541943}, "AST": {"AVG": 25.182926829268293, "STDEV": 5.4707483605270655}, "BLK": {"AVG": 4.304878048780488, "STDEV": 2.2315859631370287}, "TOV": {"AVG": 14.048780487804878, "STDEV": 3.5203199876455895}, "PF": {"AVG": 21.29268292682927, "STDEV": 4.585236116483254}}