{"Team_ID": 1610612741, "Season": "2010-11", "FGM": {"AVG": 37.09756097560975, "STDEV": 4.665634161168843}, "FGA": {"AVG": 80.32926829268293, "STDEV": 6.764202941463482}, "FGP": {"AVG": 0.4632317073170732, "STDEV": 0.05573843206796152}, "FG3M": {"AVG": 6.2317073170731705, "STDEV": 2.7230102282956246}, "FG3A": {"AVG": 17.25609756097561, "STDEV": 4.572626485732097}, "FG3P": {"AVG": 0.3603076757051786, "STDEV": 0.11862768031552608}, "FTM": {"AVG": 18.195121951219512, "STDEV": 5.029392679607055}, "FTA": {"AVG": 24.48780487804878, "STDEV": 24.48780487804878}, "FTP": {"AVG": 0.7420121951219513, "STDEV": 0.7420121951219513}, "OREB": {"AVG": 11.792682926829269, "STDEV": 3.8159438257054408}, "DREB": {"AVG": 32.36585365853659, "STDEV": 5.129224414025077}, "REB": {"AVG": 44.15853658536585, "STDEV": 6.240982654890573}, "AST": {"AVG": 22.28048780487805, "STDEV": 4.706901657767966}, "BLK": {"AVG": 5.7073170731707314, "STDEV": 2.8824192722757025}, "TOV": {"AVG": 13.463414634146341, "STDEV": 3.243969226807578}, "PF": {"AVG": 19.98780487804878, "STDEV": 4.33331596132992}}