{"Team_ID": 1610612739, "Season": "2010-11", "FGM": {"AVG": 35.19512195121951, "STDEV": 4.6731146575092986}, "FGA": {"AVG": 81.0609756097561, "STDEV": 6.982071504448013}, "FGP": {"AVG": 0.43529268292682927, "STDEV": 0.05445249097112043}, "FG3M": {"AVG": 6.2073170731707314, "STDEV": 2.5759466910271165}, "FG3A": {"AVG": 18.158536585365855, "STDEV": 4.806039184899883}, "FG3P": {"AVG": 0.3413425655043622, "STDEV": 0.10985176664805013}, "FTM": {"AVG": 18.853658536585368, "STDEV": 6.291522713525143}, "FTA": {"AVG": 25.304878048780488, "STDEV": 25.304878048780488}, "FTP": {"AVG": 0.743219512195122, "STDEV": 0.743219512195122}, "OREB": {"AVG": 10.439024390243903, "STDEV": 3.9066185086641463}, "DREB": {"AVG": 29.865853658536587, "STDEV": 4.692421510546636}, "REB": {"AVG": 40.30487804878049, "STDEV": 6.535164188648868}, "AST": {"AVG": 20.975609756097562, "STDEV": 4.7113616541243175}, "BLK": {"AVG": 4.158536585365853, "STDEV": 2.333172016620038}, "TOV": {"AVG": 13.71951219512195, "STDEV": 3.2708000691638177}, "PF": {"AVG": 20.097560975609756, "STDEV": 3.643393331136768}}