{"Team_ID": 1610612746, "Season": "2010-11", "FGM": {"AVG": 36.76829268292683, "STDEV": 4.8997323698335995}, "FGA": {"AVG": 80.41463414634147, "STDEV": 6.162313217087094}, "FGP": {"AVG": 0.45782926829268294, "STDEV": 0.05511308349473382}, "FG3M": {"AVG": 6.2560975609756095, "STDEV": 2.45860030243927}, "FG3A": {"AVG": 18.524390243902438, "STDEV": 4.748555621218401}, "FG3P": {"AVG": 0.3374460665797846, "STDEV": 0.11262996199232382}, "FTM": {"AVG": 18.853658536585368, "STDEV": 5.792975634056998}, "FTA": {"AVG": 26.670731707317074, "STDEV": 26.670731707317074}, "FTP": {"AVG": 0.7053536585365854, "STDEV": 0.7053536585365854}, "OREB": {"AVG": 11.646341463414634, "STDEV": 3.2899846193475604}, "DREB": {"AVG": 30.5, "STDEV": 4.73299424972197}, "REB": {"AVG": 42.146341463414636, "STDEV": 5.799365548993455}, "AST": {"AVG": 22.109756097560975, "STDEV": 5.144831033137071}, "BLK": {"AVG": 4.902439024390244, "STDEV": 2.492506082301535}, "TOV": {"AVG": 15.524390243902438, "STDEV": 3.94788772951333}, "PF": {"AVG": 21.134146341463413, "STDEV": 4.186286238678257}}