{"Team_ID": 1610612737, "Season": "2010-11", "FGM": {"AVG": 36.23170731707317, "STDEV": 4.552299054182538}, "FGA": {"AVG": 78.40243902439025, "STDEV": 6.227893756671208}, "FGP": {"AVG": 0.46337804878048783, "STDEV": 0.056488749069654405}, "FG3M": {"AVG": 6.121951219512195, "STDEV": 2.3274542013366197}, "FG3A": {"AVG": 17.402439024390244, "STDEV": 4.791607261718876}, "FG3P": {"AVG": 0.3594954860884665, "STDEV": 0.1235544960439595}, "FTM": {"AVG": 16.414634146341463, "STDEV": 6.545097532989902}, "FTA": {"AVG": 21.073170731707318, "STDEV": 21.073170731707318}, "FTP": {"AVG": 0.7732682926829268, "STDEV": 0.7732682926829268}, "OREB": {"AVG": 9.292682926829269, "STDEV": 3.3388391746272976}, "DREB": {"AVG": 30, "STDEV": 4.971523849154909}, "REB": {"AVG": 39.292682926829265, "STDEV": 6.039965262098717}, "AST": {"AVG": 21.975609756097562, "STDEV": 4.776422572027135}, "BLK": {"AVG": 4.158536585365853, "STDEV": 2.252403447157823}, "TOV": {"AVG": 12.78048780487805, "STDEV": 3.5764124042166374}, "PF": {"AVG": 18.951219512195124, "STDEV": 3.9780336324431875}}