{"Team_ID": 1610612748, "Season": "2010-11", "FGM": {"AVG": 36.96341463414634, "STDEV": 5.073399819370695}, "FGA": {"AVG": 76.84146341463415, "STDEV": 5.957606430034481}, "FGP": {"AVG": 0.48117073170731706, "STDEV": 0.05541266176072587}, "FG3M": {"AVG": 6.670731707317073, "STDEV": 2.884847078767109}, "FG3A": {"AVG": 18.036585365853657, "STDEV": 5.100097123140128}, "FG3P": {"AVG": 0.3673518039034674, "STDEV": 0.11138402653801088}, "FTM": {"AVG": 21.463414634146343, "STDEV": 6.520991975495336}, "FTA": {"AVG": 27.902439024390244, "STDEV": 27.902439024390244}, "FTP": {"AVG": 0.7670121951219512, "STDEV": 0.7670121951219512}, "OREB": {"AVG": 9.634146341463415, "STDEV": 3.1052015108144313}, "DREB": {"AVG": 32.51219512195122, "STDEV": 4.79774613349408}, "REB": {"AVG": 42.146341463414636, "STDEV": 5.475246093391404}, "AST": {"AVG": 19.98780487804878, "STDEV": 4.852119054545352}, "BLK": {"AVG": 5.2439024390243905, "STDEV": 2.380792354926806}, "TOV": {"AVG": 13.21951219512195, "STDEV": 3.2961795702159042}, "PF": {"AVG": 20.414634146341463, "STDEV": 3.4887870456196994}}