{"Team_ID": 1610612751, "Season": "2010-11", "FGM": {"AVG": 35.58536585365854, "STDEV": 4.227923692947583}, "FGA": {"AVG": 80.95121951219512, "STDEV": 7.514434568847554}, "FGP": {"AVG": 0.44164634146341464, "STDEV": 0.052923278257413275}, "FG3M": {"AVG": 5.597560975609756, "STDEV": 2.3875177258604388}, "FG3A": {"AVG": 16.304878048780488, "STDEV": 4.824548912299109}, "FG3P": {"AVG": 0.3446710905647305, "STDEV": 0.11017663990081758}, "FTM": {"AVG": 17.402439024390244, "STDEV": 6.168137474444249}, "FTA": {"AVG": 22.9390243902439, "STDEV": 22.9390243902439}, "FTP": {"AVG": 0.7630975609756098, "STDEV": 0.7630975609756098}, "OREB": {"AVG": 11.085365853658537, "STDEV": 3.9727504528720328}, "DREB": {"AVG": 29.75609756097561, "STDEV": 5.295143303787754}, "REB": {"AVG": 40.84146341463415, "STDEV": 6.8104304756804535}, "AST": {"AVG": 21.01219512195122, "STDEV": 5.095371665139044}, "BLK": {"AVG": 4.682926829268292, "STDEV": 2.2048098307204804}, "TOV": {"AVG": 13.036585365853659, "STDEV": 3.8246927479314587}, "PF": {"AVG": 22.036585365853657, "STDEV": 4.48439027043376}}