{"Team_ID": 1610612750, "Season": "2010-11", "FGM": {"AVG": 37.68292682926829, "STDEV": 5.030470239856918}, "FGA": {"AVG": 85.53658536585365, "STDEV": 6.4792072406993855}, "FGP": {"AVG": 0.44120731707317074, "STDEV": 0.05447544192532955}, "FG3M": {"AVG": 7.182926829268292, "STDEV": 2.717697140533942}, "FG3A": {"AVG": 19.085365853658537, "STDEV": 4.175771443511877}, "FG3P": {"AVG": 0.37488387889978025, "STDEV": 0.10967863617774262}, "FTM": {"AVG": 18.524390243902438, "STDEV": 5.188366877754044}, "FTA": {"AVG": 24.109756097560975, "STDEV": 24.109756097560975}, "FTP": {"AVG": 0.7709634146341463, "STDEV": 0.7709634146341463}, "OREB": {"AVG": 13.231707317073171, "STDEV": 4.733121488446102}, "DREB": {"AVG": 31.170731707317074, "STDEV": 5.355981721284653}, "REB": {"AVG": 44.40243902439025, "STDEV": 7.491327918180965}, "AST": {"AVG": 20.121951219512194, "STDEV": 4.638513607980282}, "BLK": {"AVG": 5.146341463414634, "STDEV": 2.5585583866243375}, "TOV": {"AVG": 16.536585365853657, "STDEV": 3.7587597177898315}, "PF": {"AVG": 22.25609756097561, "STDEV": 4.204086711377882}}