{"Team_ID": 1610612757, "Season": "2010-11", "FGM": {"AVG": 35.98780487804878, "STDEV": 3.9173369085750784}, "FGA": {"AVG": 80.47560975609755, "STDEV": 6.6336694680441886}, "FGP": {"AVG": 0.4492560975609756, "STDEV": 0.05384701946784624}, "FG3M": {"AVG": 6.317073170731708, "STDEV": 2.232631447365447}, "FG3A": {"AVG": 18.329268292682926, "STDEV": 3.8811188346418697}, "FG3P": {"AVG": 0.3457391663025484, "STDEV": 0.1081277351121121}, "FTM": {"AVG": 18, "STDEV": 6.48454953840661}, "FTA": {"AVG": 22.378048780487806, "STDEV": 22.378048780487806}, "FTP": {"AVG": 0.797829268292683, "STDEV": 0.797829268292683}, "OREB": {"AVG": 12.146341463414634, "STDEV": 4.494501307755963}, "DREB": {"AVG": 27.195121951219512, "STDEV": 4.1497851331859295}, "REB": {"AVG": 39.34146341463415, "STDEV": 6.15683803767013}, "AST": {"AVG": 21.170731707317074, "STDEV": 4.299884804798588}, "BLK": {"AVG": 4.365853658536586, "STDEV": 2.59397304840483}, "TOV": {"AVG": 12.414634146341463, "STDEV": 3.110917531724363}, "PF": {"AVG": 19.329268292682926, "STDEV": 4.1007523490653455}}