{"Team_ID": 1610612764, "Season": "2010-11", "FGM": {"AVG": 37.170731707317074, "STDEV": 4.971039283365201}, "FGA": {"AVG": 84, "STDEV": 7.511308347180254}, "FGP": {"AVG": 0.44290243902439025, "STDEV": 0.047929116838215345}, "FG3M": {"AVG": 4.780487804878049, "STDEV": 2.4496126690243307}, "FG3A": {"AVG": 14.414634146341463, "STDEV": 4.545928091179804}, "FG3P": {"AVG": 0.32635821855873304, "STDEV": 0.12096363324209386}, "FTM": {"AVG": 18.158536585365855, "STDEV": 6.185346107854728}, "FTA": {"AVG": 24.378048780487806, "STDEV": 24.378048780487806}, "FTP": {"AVG": 0.7414146341463415, "STDEV": 0.7414146341463415}, "OREB": {"AVG": 12.353658536585366, "STDEV": 4.059349674910728}, "DREB": {"AVG": 28.951219512195124, "STDEV": 5.008394038023407}, "REB": {"AVG": 41.30487804878049, "STDEV": 6.776300429866469}, "AST": {"AVG": 19.414634146341463, "STDEV": 5.035555603393633}, "BLK": {"AVG": 6.121951219512195, "STDEV": 2.8862819173173406}, "TOV": {"AVG": 14.74390243902439, "STDEV": 3.9497178383664355}, "PF": {"AVG": 22.5609756097561, "STDEV": 4.756016491097913}}