{"Team_ID": 1610612738, "Season": "2008-09", "FGM": {"AVG": 37.5, "STDEV": 5.524915506867475}, "FGA": {"AVG": 77.23170731707317, "STDEV": 6.140934863658699}, "FGP": {"AVG": 0.4853780487804878, "STDEV": 0.059719434610684435}, "FG3M": {"AVG": 6.560975609756097, "STDEV": 3.3336946506975007}, "FG3A": {"AVG": 16.524390243902438, "STDEV": 5.109240260876409}, "FG3P": {"AVG": 0.3900386029296218, "STDEV": 0.1476133497348498}, "FTM": {"AVG": 19.353658536585368, "STDEV": 5.949109179542044}, "FTA": {"AVG": 25.304878048780488, "STDEV": 25.304878048780488}, "FTP": {"AVG": 0.7639878048780487, "STDEV": 0.7639878048780487}, "OREB": {"AVG": 10.597560975609756, "STDEV": 2.99324241426535}, "DREB": {"AVG": 31.536585365853657, "STDEV": 4.613975340553956}, "REB": {"AVG": 42.13414634146341, "STDEV": 5.170577241987283}, "AST": {"AVG": 22.70731707317073, "STDEV": 5.817147501887609}, "BLK": {"AVG": 4.719512195121951, "STDEV": 2.262274558682431}, "TOV": {"AVG": 15, "STDEV": 4.145501801372807}, "PF": {"AVG": 23.134146341463413, "STDEV": 3.825716087643992}}