{"Team_ID": 1610612762, "Season": "2008-09", "FGM": {"AVG": 38.329268292682926, "STDEV": 4.24570917180803}, "FGA": {"AVG": 80.76829268292683, "STDEV": 7.228712947423081}, "FGP": {"AVG": 0.47559756097560973, "STDEV": 0.044079574440625074}, "FG3M": {"AVG": 4.780487804878049, "STDEV": 2.2609098476842493}, "FG3A": {"AVG": 13.682926829268293, "STDEV": 3.6645719564786248}, "FG3P": {"AVG": 0.34396534051918026, "STDEV": 0.11879458768924375}, "FTM": {"AVG": 22.121951219512194, "STDEV": 5.9657256528851805}, "FTA": {"AVG": 28.682926829268293, "STDEV": 28.682926829268293}, "FTP": {"AVG": 0.770829268292683, "STDEV": 0.770829268292683}, "OREB": {"AVG": 11.463414634146341, "STDEV": 3.7554737727821776}, "DREB": {"AVG": 29.548780487804876, "STDEV": 5.284854761718062}, "REB": {"AVG": 41.01219512195122, "STDEV": 6.654607430962613}, "AST": {"AVG": 24.682926829268293, "STDEV": 4.463509245504416}, "BLK": {"AVG": 4.560975609756097, "STDEV": 2.3575335561839994}, "TOV": {"AVG": 14.25609756097561, "STDEV": 4.201149095040476}, "PF": {"AVG": 22.317073170731707, "STDEV": 4.253910470481983}}