{"Team_ID": 1610612753, "Season": "2008-09", "FGM": {"AVG": 35.71951219512195, "STDEV": 4.987080568690953}, "FGA": {"AVG": 78.2439024390244, "STDEV": 6.260913386624095}, "FGP": {"AVG": 0.4565975609756098, "STDEV": 0.053561516440075084}, "FG3M": {"AVG": 9.963414634146341, "STDEV": 3.4834533807108237}, "FG3A": {"AVG": 26.182926829268293, "STDEV": 4.627155617189794}, "FG3P": {"AVG": 0.37676675515750213, "STDEV": 0.10316593864086147}, "FTM": {"AVG": 19.646341463414632, "STDEV": 5.61605272217592}, "FTA": {"AVG": 27.475609756097562, "STDEV": 27.475609756097562}, "FTP": {"AVG": 0.7186219512195122, "STDEV": 0.7186219512195122}, "OREB": {"AVG": 9.987804878048781, "STDEV": 3.553797837886745}, "DREB": {"AVG": 33.26829268292683, "STDEV": 5.584477562106789}, "REB": {"AVG": 43.25609756097561, "STDEV": 6.638479253954113}, "AST": {"AVG": 19.426829268292682, "STDEV": 4.2919116803267725}, "BLK": {"AVG": 5.353658536585366, "STDEV": 2.7459148162788227}, "TOV": {"AVG": 13.5, "STDEV": 3.263150034575203}, "PF": {"AVG": 20.29268292682927, "STDEV": 3.3719533294884316}}