{"Team_ID": 1610612754, "Season": "2008-09", "FGM": {"AVG": 39.26829268292683, "STDEV": 4.280442980675014}, "FGA": {"AVG": 86.34146341463415, "STDEV": 7.123633959921108}, "FGP": {"AVG": 0.4559268292682927, "STDEV": 0.04571240761079457}, "FG3M": {"AVG": 7.951219512195122, "STDEV": 2.4740751559209833}, "FG3A": {"AVG": 21.036585365853657, "STDEV": 5.049007045642112}, "FG3P": {"AVG": 0.3812779528812661, "STDEV": 0.0980196588660792}, "FTM": {"AVG": 18.597560975609756, "STDEV": 5.658730294475855}, "FTA": {"AVG": 23.048780487804876, "STDEV": 23.048780487804876}, "FTP": {"AVG": 0.8040121951219512, "STDEV": 0.8040121951219512}, "OREB": {"AVG": 11.268292682926829, "STDEV": 3.993973177230867}, "DREB": {"AVG": 32.451219512195124, "STDEV": 4.856337183527149}, "REB": {"AVG": 43.71951219512195, "STDEV": 6.68012417686737}, "AST": {"AVG": 21.646341463414632, "STDEV": 4.372675964651372}, "BLK": {"AVG": 5.2926829268292686, "STDEV": 3.024540797216314}, "TOV": {"AVG": 13.975609756097562, "STDEV": 4.0367925470665185}, "PF": {"AVG": 23.109756097560975, "STDEV": 3.8968366327376764}}