{"Team_ID": 1610612740, "Season": "2008-09", "FGM": {"AVG": 35.5, "STDEV": 4.848953049784288}, "FGA": {"AVG": 77.63414634146342, "STDEV": 5.795937690030393}, "FGP": {"AVG": 0.457609756097561, "STDEV": 0.05559126765460517}, "FG3M": {"AVG": 6.780487804878049, "STDEV": 3.1662744016065942}, "FG3A": {"AVG": 18.609756097560975, "STDEV": 5.392624358384457}, "FG3P": {"AVG": 0.3555256355158535, "STDEV": 0.11806760783963849}, "FTM": {"AVG": 18.036585365853657, "STDEV": 6.082651147850735}, "FTA": {"AVG": 22.353658536585368, "STDEV": 22.353658536585368}, "FTP": {"AVG": 0.8065975609756098, "STDEV": 0.8065975609756098}, "OREB": {"AVG": 9.78048780487805, "STDEV": 3.590193743676432}, "DREB": {"AVG": 29.914634146341463, "STDEV": 4.7250350302763}, "REB": {"AVG": 39.69512195121951, "STDEV": 5.7557036111164}, "AST": {"AVG": 19.621951219512194, "STDEV": 4.506895249250258}, "BLK": {"AVG": 4.121951219512195, "STDEV": 1.7735383054921248}, "TOV": {"AVG": 11.707317073170731, "STDEV": 3.0971424698373724}, "PF": {"AVG": 20.304878048780488, "STDEV": 4.421298128993127}}