{"Team_ID": 1610612765, "Season": "2008-09", "FGM": {"AVG": 36.353658536585364, "STDEV": 4.707157542389765}, "FGA": {"AVG": 79.98780487804878, "STDEV": 7.357693382580894}, "FGP": {"AVG": 0.45534146341463416, "STDEV": 0.04986926600281118}, "FG3M": {"AVG": 4.597560975609756, "STDEV": 2.351042616611822}, "FG3A": {"AVG": 13.158536585365853, "STDEV": 4.191318223335263}, "FG3P": {"AVG": 0.341742837633464, "STDEV": 0.1326475468658477}, "FTM": {"AVG": 16.926829268292682, "STDEV": 6.5353369713057265}, "FTA": {"AVG": 22.548780487804876, "STDEV": 22.548780487804876}, "FTP": {"AVG": 0.7415609756097561, "STDEV": 0.7415609756097561}, "OREB": {"AVG": 11.573170731707316, "STDEV": 3.6986166509905622}, "DREB": {"AVG": 29.853658536585368, "STDEV": 4.573466014756872}, "REB": {"AVG": 41.426829268292686, "STDEV": 6.026752063892011}, "AST": {"AVG": 20.597560975609756, "STDEV": 4.512971034469916}, "BLK": {"AVG": 4.597560975609756, "STDEV": 2.2817567203372}, "TOV": {"AVG": 11.231707317073171, "STDEV": 3.566991264176467}, "PF": {"AVG": 20.878048780487806, "STDEV": 3.563845349703524}}