{"Team_ID": 1610612759, "Season": "2008-09", "FGM": {"AVG": 37.09756097560975, "STDEV": 4.814099036504453}, "FGA": {"AVG": 79.6829268292683, "STDEV": 6.241790754402173}, "FGP": {"AVG": 0.4660975609756098, "STDEV": 0.052652039636925135}, "FG3M": {"AVG": 7.621951219512195, "STDEV": 2.710930066370503}, "FG3A": {"AVG": 19.75609756097561, "STDEV": 4.98283715010218}, "FG3P": {"AVG": 0.3899979983717248, "STDEV": 0.1125301646254262}, "FTM": {"AVG": 15.231707317073171, "STDEV": 5.626872868978781}, "FTA": {"AVG": 20.01219512195122, "STDEV": 20.01219512195122}, "FTP": {"AVG": 0.7634878048780488, "STDEV": 0.7634878048780488}, "OREB": {"AVG": 8.878048780487806, "STDEV": 3.0200574105508635}, "DREB": {"AVG": 32.170731707317074, "STDEV": 4.958606131428121}, "REB": {"AVG": 41.048780487804876, "STDEV": 6.259614706370286}, "AST": {"AVG": 21.170731707317074, "STDEV": 4.5155557689435115}, "BLK": {"AVG": 4.012195121951219, "STDEV": 2.2634721630853627}, "TOV": {"AVG": 11.134146341463415, "STDEV": 3.2193941425346555}, "PF": {"AVG": 18.853658536585368, "STDEV": 3.688895419068893}}