{"Team_ID": 1610612750, "Season": "2008-09", "FGM": {"AVG": 36.41463414634146, "STDEV": 4.599922757033153}, "FGA": {"AVG": 82.51219512195122, "STDEV": 7.63559549601348}, "FGP": {"AVG": 0.44215853658536586, "STDEV": 0.04688348297225534}, "FG3M": {"AVG": 6.621951219512195, "STDEV": 3.129470605261539}, "FG3A": {"AVG": 18.76829268292683, "STDEV": 5.556219472524405}, "FG3P": {"AVG": 0.3470860350403481, "STDEV": 0.12546678950472495}, "FTM": {"AVG": 18.341463414634145, "STDEV": 6.0700021603818275}, "FTA": {"AVG": 23.865853658536587, "STDEV": 23.865853658536587}, "FTP": {"AVG": 0.7720609756097561, "STDEV": 0.7720609756097561}, "OREB": {"AVG": 11.890243902439025, "STDEV": 3.8426010274066393}, "DREB": {"AVG": 29.78048780487805, "STDEV": 4.4361711614773744}, "REB": {"AVG": 41.670731707317074, "STDEV": 5.921408904020383}, "AST": {"AVG": 20.414634146341463, "STDEV": 4.682384165084804}, "BLK": {"AVG": 3.926829268292683, "STDEV": 2.2704787541309326}, "TOV": {"AVG": 13.487804878048781, "STDEV": 3.293254993966388}, "PF": {"AVG": 21.76829268292683, "STDEV": 4.803030885915362}}