{"Team_ID": 1610612757, "Season": "2008-09", "FGM": {"AVG": 36.80487804878049, "STDEV": 4.590486739275347}, "FGA": {"AVG": 79.1951219512195, "STDEV": 7.134404600055283}, "FGP": {"AVG": 0.46557317073170734, "STDEV": 0.049457309309578604}, "FG3M": {"AVG": 7.2682926829268295, "STDEV": 2.5965256011119457}, "FG3A": {"AVG": 18.963414634146343, "STDEV": 4.887487480837036}, "FG3P": {"AVG": 0.3835651435356037, "STDEV": 0.10651416779914127}, "FTM": {"AVG": 18.548780487804876, "STDEV": 5.439118571984656}, "FTA": {"AVG": 24.24390243902439, "STDEV": 24.24390243902439}, "FTP": {"AVG": 0.7670853658536585, "STDEV": 0.7670853658536585}, "OREB": {"AVG": 12.926829268292684, "STDEV": 3.6676109484589894}, "DREB": {"AVG": 28.78048780487805, "STDEV": 5.486289060953977}, "REB": {"AVG": 41.707317073170735, "STDEV": 6.832182025645743}, "AST": {"AVG": 20.329268292682926, "STDEV": 5.176048538251961}, "BLK": {"AVG": 4.902439024390244, "STDEV": 2.253172008785469}, "TOV": {"AVG": 12.121951219512194, "STDEV": 3.3347783679014094}, "PF": {"AVG": 20.378048780487806, "STDEV": 4.084418582624082}}