{"Team_ID": 1610612755, "Season": "1990-91", "FGM": {"AVG": 40.109756097560975, "STDEV": 5.130413064401551}, "FGA": {"AVG": 84.45121951219512, "STDEV": 7.763721328383687}, "FGP": {"AVG": 0.47597560975609754, "STDEV": 0.05277625158255453}, "FG3M": {"AVG": 2.3780487804878048, "STDEV": 1.6226806346399563}, "FG3A": {"AVG": 7.536585365853658, "STDEV": 3.2018325075186165}, "FG3P": {"AVG": 0.3057511255681987, "STDEV": 0.17507610114013367}, "FTM": {"AVG": 22.78048780487805, "STDEV": 6.9903361692488515}, "FTA": {"AVG": 28.853658536585368, "STDEV": 28.853658536585368}, "FTP": {"AVG": 0.7888170731707317, "STDEV": 0.7888170731707317}, "OREB": {"AVG": 12, "STDEV": 3.9409217446595997}, "DREB": {"AVG": 30.4390243902439, "STDEV": 5.142650421467754}, "REB": {"AVG": 42.4390243902439, "STDEV": 7.380484043438286}, "AST": {"AVG": 22.24390243902439, "STDEV": 4.915485672623993}, "BLK": {"AVG": 5.841463414634147, "STDEV": 3.2144331612319617}, "TOV": {"AVG": 14.475609756097562, "STDEV": 4.635412828728758}, "PF": {"AVG": 19.865853658536587, "STDEV": 4.081763704733867}}