{"Team_ID": 1610612741, "Season": "1990-91", "FGM": {"AVG": 44.292682926829265, "STDEV": 5.930644011576701}, "FGA": {"AVG": 86.89024390243902, "STDEV": 8.319256403085014}, "FGP": {"AVG": 0.5109268292682927, "STDEV": 0.057296237027196335}, "FG3M": {"AVG": 1.8902439024390243, "STDEV": 1.6997174606239753}, "FG3A": {"AVG": 5.170731707317073, "STDEV": 3.336313031353588}, "FG3P": {"AVG": 0.3424216027874564, "STDEV": 0.26483971627433345}, "FTM": {"AVG": 19.573170731707318, "STDEV": 6.590360502335038}, "FTA": {"AVG": 25.74390243902439, "STDEV": 25.74390243902439}, "FTP": {"AVG": 0.7562439024390244, "STDEV": 0.7562439024390244}, "OREB": {"AVG": 14, "STDEV": 4.408185427750527}, "DREB": {"AVG": 28.5609756097561, "STDEV": 4.453040467681063}, "REB": {"AVG": 42.5609756097561, "STDEV": 6.2104999917515435}, "AST": {"AVG": 26.975609756097562, "STDEV": 6.88346670080841}, "BLK": {"AVG": 5.341463414634147, "STDEV": 2.16150103420452}, "TOV": {"AVG": 14, "STDEV": 3.7383564091690493}, "PF": {"AVG": 21.353658536585368, "STDEV": 4.622467811903802}}