{"Team_ID": 1610612739, "Season": "1990-91", "FGM": {"AVG": 39.74390243902439, "STDEV": 4.455017910509109}, "FGA": {"AVG": 83.6219512195122, "STDEV": 6.8954095374349675}, "FGP": {"AVG": 0.47691463414634144, "STDEV": 0.05270209807230186}, "FG3M": {"AVG": 1.951219512195122, "STDEV": 1.164309142101017}, "FG3A": {"AVG": 5.841463414634147, "STDEV": 2.461904874229729}, "FG3P": {"AVG": 0.3530809975931927, "STDEV": 0.20203424474881246}, "FTM": {"AVG": 20.304878048780488, "STDEV": 5.467499991566877}, "FTA": {"AVG": 26.536585365853657, "STDEV": 26.536585365853657}, "FTP": {"AVG": 0.7656585365853659, "STDEV": 0.7656585365853659}, "OREB": {"AVG": 12.329268292682928, "STDEV": 4.13373617525799}, "DREB": {"AVG": 28.402439024390244, "STDEV": 5.110772346496913}, "REB": {"AVG": 40.73170731707317, "STDEV": 6.273693421569708}, "AST": {"AVG": 27.317073170731707, "STDEV": 6.245745314835518}, "BLK": {"AVG": 5.487804878048781, "STDEV": 2.877086585543899}, "TOV": {"AVG": 15.268292682926829, "STDEV": 4.1127587703879}, "PF": {"AVG": 20.390243902439025, "STDEV": 4.002332954113094}}