{"Team_ID": 1610612738, "Season": "1990-91", "FGM": {"AVG": 45.0609756097561, "STDEV": 5.844375920543813}, "FGA": {"AVG": 87.97560975609755, "STDEV": 7.644857239752744}, "FGP": {"AVG": 0.5132682926829268, "STDEV": 0.0584776096817074}, "FG3M": {"AVG": 1.329268292682927, "STDEV": 1.6334079956388123}, "FG3A": {"AVG": 4.219512195121951, "STDEV": 2.960748946974386}, "FG3P": {"AVG": 0.23251152641396544, "STDEV": 0.25310354837358917}, "FTM": {"AVG": 20.073170731707318, "STDEV": 6.079271577151528}, "FTA": {"AVG": 24.353658536585368, "STDEV": 24.353658536585368}, "FTP": {"AVG": 0.8265243902439025, "STDEV": 0.8265243902439025}, "OREB": {"AVG": 13.268292682926829, "STDEV": 3.8104754263749725}, "DREB": {"AVG": 32.890243902439025, "STDEV": 5.091765556561599}, "REB": {"AVG": 46.15853658536585, "STDEV": 6.923692571138081}, "AST": {"AVG": 26.341463414634145, "STDEV": 6.120638053149143}, "BLK": {"AVG": 6.890243902439025, "STDEV": 2.905958534030651}, "TOV": {"AVG": 15.951219512195122, "STDEV": 4.1243104594628095}, "PF": {"AVG": 20.670731707317074, "STDEV": 3.771415813162526}}