{"Team_ID": 1610612748, "Season": "1990-91", "FGM": {"AVG": 40, "STDEV": 5.1448164012401}, "FGA": {"AVG": 87.0609756097561, "STDEV": 9.358890354420465}, "FGP": {"AVG": 0.4614756097560976, "STDEV": 0.05299527712703987}, "FG3M": {"AVG": 1.7073170731707317, "STDEV": 1.4947463955843197}, "FG3A": {"AVG": 5.658536585365853, "STDEV": 3.359965873559506}, "FG3P": {"AVG": 0.28555492212235395, "STDEV": 0.20306091010598523}, "FTM": {"AVG": 20.109756097560975, "STDEV": 6.874547971781155}, "FTA": {"AVG": 28.134146341463413, "STDEV": 28.134146341463413}, "FTP": {"AVG": 0.7152439024390244, "STDEV": 0.7152439024390244}, "OREB": {"AVG": 15.024390243902438, "STDEV": 4.645389616096344}, "DREB": {"AVG": 28.073170731707318, "STDEV": 5.794378901951417}, "REB": {"AVG": 43.09756097560975, "STDEV": 7.7421561358602515}, "AST": {"AVG": 23.21951219512195, "STDEV": 4.085579549211576}, "BLK": {"AVG": 4.719512195121951, "STDEV": 2.5007376207826346}, "TOV": {"AVG": 18.414634146341463, "STDEV": 4.1393958511655775}, "PF": {"AVG": 25.365853658536587, "STDEV": 4.443089224274367}}