{"Team_ID": 1610612762, "Season": "1990-91", "FGM": {"AVG": 39.19512195121951, "STDEV": 5.044099411573208}, "FGA": {"AVG": 79.71951219512195, "STDEV": 6.676426911329036}, "FGP": {"AVG": 0.4925731707317073, "STDEV": 0.05527194955043918}, "FG3M": {"AVG": 1.8048780487804879, "STDEV": 1.400520400548204}, "FG3A": {"AVG": 5.585365853658536, "STDEV": 2.615014668477119}, "FG3P": {"AVG": 0.3287597226621617, "STDEV": 0.24204929825852978}, "FTM": {"AVG": 23.79268292682927, "STDEV": 6.90989236284652}, "FTA": {"AVG": 30.146341463414632, "STDEV": 30.146341463414632}, "FTP": {"AVG": 0.7922439024390244, "STDEV": 0.7922439024390244}, "OREB": {"AVG": 10.573170731707316, "STDEV": 3.7483510376370854}, "DREB": {"AVG": 30.170731707317074, "STDEV": 4.689902149730201}, "REB": {"AVG": 40.74390243902439, "STDEV": 5.87274721843184}, "AST": {"AVG": 27.036585365853657, "STDEV": 5.181746504635451}, "BLK": {"AVG": 5.5, "STDEV": 2.5446627756886193}, "TOV": {"AVG": 15.475609756097562, "STDEV": 4.535798920347943}, "PF": {"AVG": 21.902439024390244, "STDEV": 4.159207415289188}}