{"Team_ID": 1610612758, "Season": "1990-91", "FGM": {"AVG": 37.63414634146341, "STDEV": 5.160419628649581}, "FGA": {"AVG": 83.14634146341463, "STDEV": 6.992274310273547}, "FGP": {"AVG": 0.4534390243902439, "STDEV": 0.05647464143279142}, "FG3M": {"AVG": 2.6341463414634148, "STDEV": 1.6815057561451916}, "FG3A": {"AVG": 7.048780487804878, "STDEV": 2.7347893097098837}, "FG3P": {"AVG": 0.37006761869566746, "STDEV": 0.20980334847536697}, "FTM": {"AVG": 18.78048780487805, "STDEV": 6.480787161159091}, "FTA": {"AVG": 25.670731707317074, "STDEV": 25.670731707317074}, "FTP": {"AVG": 0.7215, "STDEV": 0.7215}, "OREB": {"AVG": 12.524390243902438, "STDEV": 3.768700236879978}, "DREB": {"AVG": 27.048780487804876, "STDEV": 5.187597838492838}, "REB": {"AVG": 39.573170731707314, "STDEV": 6.13436079921415}, "AST": {"AVG": 24.28048780487805, "STDEV": 4.456301933173124}, "BLK": {"AVG": 6.2560975609756095, "STDEV": 3.086453778794679}, "TOV": {"AVG": 15.073170731707316, "STDEV": 4.493563264270015}, "PF": {"AVG": 25.304878048780488, "STDEV": 5.3047591592861885}}