{"Team_ID": 1610612753, "Season": "1990-91", "FGM": {"AVG": 40.21951219512195, "STDEV": 5.792767713606343}, "FGA": {"AVG": 88.48780487804878, "STDEV": 9.032511787760107}, "FGP": {"AVG": 0.45621951219512197, "STDEV": 0.05902228589149928}, "FG3M": {"AVG": 3.292682926829268, "STDEV": 1.8018358599286066}, "FG3A": {"AVG": 9.195121951219512, "STDEV": 3.426256728578505}, "FG3P": {"AVG": 0.35329344655026146, "STDEV": 0.15573275522606117}, "FTM": {"AVG": 22.170731707317074, "STDEV": 6.355331927007355}, "FTA": {"AVG": 29.841463414634145, "STDEV": 29.841463414634145}, "FTP": {"AVG": 0.7429024390243902, "STDEV": 0.7429024390243902}, "OREB": {"AVG": 15.036585365853659, "STDEV": 4.077778146991262}, "DREB": {"AVG": 29.621951219512194, "STDEV": 5.476414623948187}, "REB": {"AVG": 44.65853658536585, "STDEV": 6.999505295032513}, "AST": {"AVG": 22.0609756097561, "STDEV": 5.670690425391986}, "BLK": {"AVG": 3.731707317073171, "STDEV": 2.1889102113332863}, "TOV": {"AVG": 16.426829268292682, "STDEV": 3.8168906219426217}, "PF": {"AVG": 24.097560975609756, "STDEV": 4.471058526578234}}