{"Team_ID": 1610612751, "Season": "1990-91", "FGM": {"AVG": 40.3780487804878, "STDEV": 5.920544360821502}, "FGA": {"AVG": 90.96341463414635, "STDEV": 7.95891475006458}, "FGP": {"AVG": 0.4443658536585366, "STDEV": 0.05498496139969972}, "FG3M": {"AVG": 1.9634146341463414, "STDEV": 1.5108261328603683}, "FG3A": {"AVG": 7.146341463414634, "STDEV": 3.0756789924631787}, "FG3P": {"AVG": 0.2716081174922638, "STDEV": 0.20321054131519647}, "FTM": {"AVG": 20.21951219512195, "STDEV": 7.1232957940117325}, "FTA": {"AVG": 27.378048780487806, "STDEV": 27.378048780487806}, "FTP": {"AVG": 0.7417317073170732, "STDEV": 0.7417317073170732}, "OREB": {"AVG": 17.073170731707318, "STDEV": 4.847757500670349}, "DREB": {"AVG": 28.634146341463413, "STDEV": 5.2246145705131735}, "REB": {"AVG": 45.707317073170735, "STDEV": 6.82495024153715}, "AST": {"AVG": 21.73170731707317, "STDEV": 5.468312264711137}, "BLK": {"AVG": 7.317073170731708, "STDEV": 3.661201478501953}, "TOV": {"AVG": 16.926829268292682, "STDEV": 3.9119332715561623}, "PF": {"AVG": 23.829268292682926, "STDEV": 4.674081088930295}}