{"Team_ID": 1610612743, "Season": "1990-91", "FGM": {"AVG": 47.573170731707314, "STDEV": 5.413815176067084}, "FGA": {"AVG": 108.14634146341463, "STDEV": 9.395457204388412}, "FGP": {"AVG": 0.441, "STDEV": 0.04537824572617572}, "FG3M": {"AVG": 3.658536585365854, "STDEV": 2.2289869934935704}, "FG3A": {"AVG": 12.914634146341463, "STDEV": 4.932135038432966}, "FG3P": {"AVG": 0.27609516382734145, "STDEV": 0.11877800558468049}, "FTM": {"AVG": 21.048780487804876, "STDEV": 7.318001547046675}, "FTA": {"AVG": 27.597560975609756, "STDEV": 27.597560975609756}, "FTP": {"AVG": 0.7607560975609756, "STDEV": 0.7607560975609756}, "OREB": {"AVG": 18.536585365853657, "STDEV": 5.10191230657493}, "DREB": {"AVG": 30.853658536585368, "STDEV": 4.369145327670956}, "REB": {"AVG": 49.390243902439025, "STDEV": 7.43823305973188}, "AST": {"AVG": 24.451219512195124, "STDEV": 5.883965319165761}, "BLK": {"AVG": 4.951219512195122, "STDEV": 2.44395166257381}, "TOV": {"AVG": 15.951219512195122, "STDEV": 4.291543332350465}, "PF": {"AVG": 27.25609756097561, "STDEV": 4.559106950697166}}