{"Team_ID": 1610612754, "Season": "1990-91", "FGM": {"AVG": 42.073170731707314, "STDEV": 5.323556983647788}, "FGA": {"AVG": 85.29268292682927, "STDEV": 7.196514596849497}, "FGP": {"AVG": 0.49417073170731707, "STDEV": 0.05601538696854439}, "FG3M": {"AVG": 3.0365853658536586, "STDEV": 1.8688157070571971}, "FG3A": {"AVG": 9.134146341463415, "STDEV": 3.416597813658361}, "FG3P": {"AVG": 0.3229161537008135, "STDEV": 0.15060301059234318}, "FTM": {"AVG": 24.51219512195122, "STDEV": 6.490722538559825}, "FTA": {"AVG": 30.23170731707317, "STDEV": 30.23170731707317}, "FTP": {"AVG": 0.8129878048780488, "STDEV": 0.8129878048780488}, "OREB": {"AVG": 12.414634146341463, "STDEV": 4.0732527709563495}, "DREB": {"AVG": 28.975609756097562, "STDEV": 5.92749527548452}, "REB": {"AVG": 41.390243902439025, "STDEV": 7.687983404551941}, "AST": {"AVG": 26.597560975609756, "STDEV": 5.868643934678483}, "BLK": {"AVG": 4.353658536585366, "STDEV": 2.5403992649135176}, "TOV": {"AVG": 16.182926829268293, "STDEV": 4.03725872276969}, "PF": {"AVG": 25.463414634146343, "STDEV": 4.246116953639022}}