{"Team_ID": 1610612745, "Season": "1990-91", "FGM": {"AVG": 41.5, "STDEV": 6.088341419021103}, "FGA": {"AVG": 88.86585365853658, "STDEV": 8.704705971622124}, "FGP": {"AVG": 0.4683414634146342, "STDEV": 0.06130821134300765}, "FG3M": {"AVG": 3.8536585365853657, "STDEV": 2.485125881599434}, "FG3A": {"AVG": 12.060975609756097, "STDEV": 4.0041569787545646}, "FG3P": {"AVG": 0.3080562322912055, "STDEV": 0.15352059217284691}, "FTM": {"AVG": 19.890243902439025, "STDEV": 6.990303862345708}, "FTA": {"AVG": 26.829268292682926, "STDEV": 26.829268292682926}, "FTP": {"AVG": 0.7386585365853658, "STDEV": 0.7386585365853658}, "OREB": {"AVG": 15.548780487804878, "STDEV": 4.797510771800361}, "DREB": {"AVG": 30.585365853658537, "STDEV": 5.900305954637082}, "REB": {"AVG": 46.13414634146341, "STDEV": 6.890254694573892}, "AST": {"AVG": 23.24390243902439, "STDEV": 5.746842344160483}, "BLK": {"AVG": 4.987804878048781, "STDEV": 2.916508577468108}, "TOV": {"AVG": 16.5609756097561, "STDEV": 4.461349961713299}, "PF": {"AVG": 22.853658536585368, "STDEV": 4.366318762560088}}