{"Team_ID": 1610612759, "Season": "1990-91", "FGM": {"AVG": 41.573170731707314, "STDEV": 6.130334387199925}, "FGA": {"AVG": 85.21951219512195, "STDEV": 8.018534686870215}, "FGP": {"AVG": 0.48873170731707316, "STDEV": 0.060741111991286185}, "FG3M": {"AVG": 0.9878048780487805, "STDEV": 1.1914707421328594}, "FG3A": {"AVG": 3.6219512195121952, "STDEV": 2.2313160812357378}, "FG3P": {"AVG": 0.20464576074332172, "STDEV": 0.22600239788484472}, "FTM": {"AVG": 22.963414634146343, "STDEV": 6.337123859734032}, "FTA": {"AVG": 29.98780487804878, "STDEV": 29.98780487804878}, "FTP": {"AVG": 0.7637560975609756, "STDEV": 0.7637560975609756}, "OREB": {"AVG": 13.792682926829269, "STDEV": 4.507162488827373}, "DREB": {"AVG": 32.40243902439025, "STDEV": 5.78815255734507}, "REB": {"AVG": 46.19512195121951, "STDEV": 7.399431116588749}, "AST": {"AVG": 26.097560975609756, "STDEV": 6.013584941967708}, "BLK": {"AVG": 6.963414634146342, "STDEV": 3.411835326490984}, "TOV": {"AVG": 17.28048780487805, "STDEV": 4.059052952379386}, "PF": {"AVG": 23.121951219512194, "STDEV": 4.278543203966552}}