{"Team_ID": 1610612756, "Season": "1990-91", "FGM": {"AVG": 43.573170731707314, "STDEV": 5.973254149204154}, "FGA": {"AVG": 87.79268292682927, "STDEV": 8.041156180117275}, "FGP": {"AVG": 0.4973170731707317, "STDEV": 0.05659884351843428}, "FG3M": {"AVG": 1.6829268292682926, "STDEV": 1.6168713026690655}, "FG3A": {"AVG": 5.2682926829268295, "STDEV": 2.429493573646624}, "FG3P": {"AVG": 0.2850928543001714, "STDEV": 0.23900115170460678}, "FTM": {"AVG": 25.170731707317074, "STDEV": 7.870565383629983}, "FTA": {"AVG": 32.68292682926829, "STDEV": 32.68292682926829}, "FTP": {"AVG": 0.7743292682926829, "STDEV": 0.7743292682926829}, "OREB": {"AVG": 13.804878048780488, "STDEV": 3.221988590726456}, "DREB": {"AVG": 31.682926829268293, "STDEV": 4.71634418156949}, "REB": {"AVG": 45.48780487804878, "STDEV": 6.228655211137888}, "AST": {"AVG": 26.9390243902439, "STDEV": 5.867566347209373}, "BLK": {"AVG": 6.524390243902439, "STDEV": 3.2096521474387165}, "TOV": {"AVG": 15.353658536585366, "STDEV": 4.66500486607268}, "PF": {"AVG": 22.5609756097561, "STDEV": 4.414056002641958}}