{"Team_ID": 1610612741, "Season": "2014-15", "FGM": {"AVG": 36.59756097560975, "STDEV": 4.599677272891501}, "FGA": {"AVG": 82.89024390243902, "STDEV": 7.4120457474302865}, "FGP": {"AVG": 0.4431829268292683, "STDEV": 0.05446374443604278}, "FG3M": {"AVG": 7.865853658536586, "STDEV": 2.651634460413636}, "FG3A": {"AVG": 22.25609756097561, "STDEV": 4.7682358867662815}, "FG3P": {"AVG": 0.35354819331319937, "STDEV": 0.09349472605062509}, "FTM": {"AVG": 19.73170731707317, "STDEV": 6.198464127742352}, "FTA": {"AVG": 25.20731707317073, "STDEV": 25.20731707317073}, "FTP": {"AVG": 0.781890243902439, "STDEV": 0.781890243902439}, "OREB": {"AVG": 11.695121951219512, "STDEV": 4.418504926715984}, "DREB": {"AVG": 34.048780487804876, "STDEV": 5.6457182268422255}, "REB": {"AVG": 45.74390243902439, "STDEV": 6.839989487411162}, "AST": {"AVG": 21.71951219512195, "STDEV": 4.5195716781759785}, "BLK": {"AVG": 5.804878048780488, "STDEV": 3.2751930463893473}, "TOV": {"AVG": 13.170731707317072, "STDEV": 3.9993977264138114}, "PF": {"AVG": 18.23170731707317, "STDEV": 4.025532034426345}}