{"Team_ID": 1610612747, "Season": "2014-15", "FGM": {"AVG": 37.24390243902439, "STDEV": 5.049290319550371}, "FGA": {"AVG": 85.60975609756098, "STDEV": 7.147055160738678}, "FGP": {"AVG": 0.43564634146341463, "STDEV": 0.05269182988915026}, "FG3M": {"AVG": 6.487804878048781, "STDEV": 2.72276140891053}, "FG3A": {"AVG": 18.853658536585368, "STDEV": 4.916894410844651}, "FG3P": {"AVG": 0.3402161143014077, "STDEV": 0.09989660725296362}, "FTM": {"AVG": 17.475609756097562, "STDEV": 5.8187131277554425}, "FTA": {"AVG": 23.597560975609756, "STDEV": 23.597560975609756}, "FTP": {"AVG": 0.7386829268292683, "STDEV": 0.7386829268292683}, "OREB": {"AVG": 11.609756097560975, "STDEV": 4.212726449380264}, "DREB": {"AVG": 32.28048780487805, "STDEV": 5.169412389282434}, "REB": {"AVG": 43.890243902439025, "STDEV": 6.05123413095861}, "AST": {"AVG": 20.914634146341463, "STDEV": 4.784752582099314}, "BLK": {"AVG": 4.463414634146342, "STDEV": 2.3736991080559613}, "TOV": {"AVG": 12.621951219512194, "STDEV": 3.6502671774442605}, "PF": {"AVG": 21.23170731707317, "STDEV": 4.691202116301874}}