{"Team_ID": 1610612753, "Season": "2014-15", "FGM": {"AVG": 37.51219512195122, "STDEV": 4.217084307933957}, "FGA": {"AVG": 82.82926829268293, "STDEV": 5.893718937545691}, "FGP": {"AVG": 0.45359756097560977, "STDEV": 0.046476825436121305}, "FG3M": {"AVG": 6.7560975609756095, "STDEV": 2.385972253674091}, "FG3A": {"AVG": 19.48780487804878, "STDEV": 4.169980615282014}, "FG3P": {"AVG": 0.3478180537114954, "STDEV": 0.0965915000408686}, "FTM": {"AVG": 13.914634146341463, "STDEV": 4.706709735172259}, "FTA": {"AVG": 19.085365853658537, "STDEV": 19.085365853658537}, "FTP": {"AVG": 0.7363536585365854, "STDEV": 0.7363536585365854}, "OREB": {"AVG": 10.024390243902438, "STDEV": 3.9595972165656583}, "DREB": {"AVG": 31.79268292682927, "STDEV": 3.927546920382196}, "REB": {"AVG": 41.81707317073171, "STDEV": 5.696280026712881}, "AST": {"AVG": 20.634146341463413, "STDEV": 4.6414987871015825}, "BLK": {"AVG": 3.8292682926829267, "STDEV": 2.176217570645156}, "TOV": {"AVG": 14.329268292682928, "STDEV": 3.7615825342132645}, "PF": {"AVG": 20.902439024390244, "STDEV": 4.23276390482789}}