{"Team_ID": 1610612740, "Season": "2014-15", "FGM": {"AVG": 37.90243902439025, "STDEV": 5.083523994232719}, "FGA": {"AVG": 82.86585365853658, "STDEV": 6.197893300229993}, "FGP": {"AVG": 0.45851219512195124, "STDEV": 0.060958039383598304}, "FG3M": {"AVG": 7.146341463414634, "STDEV": 2.8636588493429267}, "FG3A": {"AVG": 19.304878048780488, "STDEV": 4.3594342831260695}, "FG3P": {"AVG": 0.3714697079727287, "STDEV": 0.12508595354628926}, "FTM": {"AVG": 16.402439024390244, "STDEV": 5.494912924859832}, "FTA": {"AVG": 21.829268292682926, "STDEV": 21.829268292682926}, "FTP": {"AVG": 0.7481341463414635, "STDEV": 0.7481341463414635}, "OREB": {"AVG": 11.487804878048781, "STDEV": 3.9790932103020915}, "DREB": {"AVG": 31.963414634146343, "STDEV": 4.633333658276619}, "REB": {"AVG": 43.451219512195124, "STDEV": 6.152691750638903}, "AST": {"AVG": 22.024390243902438, "STDEV": 4.914015254341773}, "BLK": {"AVG": 6.219512195121951, "STDEV": 3.4283653025892082}, "TOV": {"AVG": 12.597560975609756, "STDEV": 3.3952027016254807}, "PF": {"AVG": 18.658536585365855, "STDEV": 4.0283547853215165}}