{"Team_ID": 1610612765, "Season": "2014-15", "FGM": {"AVG": 37.08536585365854, "STDEV": 4.4864713498628985}, "FGA": {"AVG": 85.82926829268293, "STDEV": 6.5485930598055075}, "FGP": {"AVG": 0.4330121951219512, "STDEV": 0.04967188486195421}, "FG3M": {"AVG": 8.573170731707316, "STDEV": 3.250946634424123}, "FG3A": {"AVG": 24.914634146341463, "STDEV": 5.617875393649517}, "FG3P": {"AVG": 0.3396309934701579, "STDEV": 0.09898013843103276}, "FTM": {"AVG": 15.75609756097561, "STDEV": 5.122116112686809}, "FTA": {"AVG": 22.414634146341463, "STDEV": 22.414634146341463}, "FTP": {"AVG": 0.7031951219512195, "STDEV": 0.7031951219512195}, "OREB": {"AVG": 12.817073170731707, "STDEV": 3.6179526601891947}, "DREB": {"AVG": 32.073170731707314, "STDEV": 5.117822858403462}, "REB": {"AVG": 44.890243902439025, "STDEV": 6.303058433712123}, "AST": {"AVG": 21.597560975609756, "STDEV": 4.20422995723035}, "BLK": {"AVG": 4.670731707317073, "STDEV": 2.266529832736807}, "TOV": {"AVG": 12.646341463414634, "STDEV": 3.7395845521533544}, "PF": {"AVG": 19.01219512195122, "STDEV": 4.161830978939421}}