{"Team_ID": 1610612745, "Season": "2014-15", "FGM": {"AVG": 36.97560975609756, "STDEV": 4.396900170016239}, "FGA": {"AVG": 83.3170731707317, "STDEV": 6.843719385803087}, "FGP": {"AVG": 0.44471951219512196, "STDEV": 0.04779541648313305}, "FG3M": {"AVG": 11.378048780487806, "STDEV": 3.2189264520588114}, "FG3A": {"AVG": 32.68292682926829, "STDEV": 5.877091009616976}, "FG3P": {"AVG": 0.3485194296959412, "STDEV": 0.0776805817983957}, "FTM": {"AVG": 18.597560975609756, "STDEV": 7.28919334746513}, "FTA": {"AVG": 26.01219512195122, "STDEV": 26.01219512195122}, "FTP": {"AVG": 0.7179146341463415, "STDEV": 0.7179146341463415}, "OREB": {"AVG": 11.682926829268293, "STDEV": 3.813161252205404}, "DREB": {"AVG": 32, "STDEV": 4.575835618216445}, "REB": {"AVG": 43.68292682926829, "STDEV": 5.693570228353843}, "AST": {"AVG": 22.195121951219512, "STDEV": 4.264232593864214}, "BLK": {"AVG": 4.963414634146342, "STDEV": 2.6361453431858575}, "TOV": {"AVG": 15.939024390243903, "STDEV": 3.9042476424682335}, "PF": {"AVG": 21.98780487804878, "STDEV": 3.9330630868838106}}