{"Team_ID": 1610612750, "Season": "2014-15", "FGM": {"AVG": 36.41463414634146, "STDEV": 4.422030201057717}, "FGA": {"AVG": 83.17073170731707, "STDEV": 6.576810886235306}, "FGP": {"AVG": 0.43870731707317073, "STDEV": 0.04935822390227502}, "FG3M": {"AVG": 4.951219512195122, "STDEV": 2.503836261677985}, "FG3A": {"AVG": 14.914634146341463, "STDEV": 3.944682995954519}, "FG3P": {"AVG": 0.3251326870101883, "STDEV": 0.1256229210877772}, "FTM": {"AVG": 19.975609756097562, "STDEV": 5.811813447585295}, "FTA": {"AVG": 25.73170731707317, "STDEV": 25.73170731707317}, "FTP": {"AVG": 0.7735853658536586, "STDEV": 0.7735853658536586}, "OREB": {"AVG": 11.573170731707316, "STDEV": 3.8682962332619506}, "DREB": {"AVG": 29.341463414634145, "STDEV": 5.138139914657405}, "REB": {"AVG": 40.91463414634146, "STDEV": 6.2206371384054}, "AST": {"AVG": 21.597560975609756, "STDEV": 4.570057557239623}, "BLK": {"AVG": 3.9878048780487805, "STDEV": 2.099346767531815}, "TOV": {"AVG": 14.292682926829269, "STDEV": 3.7793715751645403}, "PF": {"AVG": 19.158536585365855, "STDEV": 4.117021313843904}}