{"Team_ID": 1610612757, "Season": "2014-15", "FGM": {"AVG": 38.71951219512195, "STDEV": 4.231785632053201}, "FGA": {"AVG": 85.96341463414635, "STDEV": 6.383708280161535}, "FGP": {"AVG": 0.4511951219512195, "STDEV": 0.04574417294723907}, "FG3M": {"AVG": 9.841463414634147, "STDEV": 3.036687247135699}, "FG3A": {"AVG": 27.20731707317073, "STDEV": 5.248721901751619}, "FG3P": {"AVG": 0.3611943019056536, "STDEV": 0.08474525786739631}, "FTM": {"AVG": 15.512195121951219, "STDEV": 4.79002023872377}, "FTA": {"AVG": 19.378048780487806, "STDEV": 19.378048780487806}, "FTP": {"AVG": 0.8025487804878049, "STDEV": 0.8025487804878049}, "OREB": {"AVG": 10.71951219512195, "STDEV": 3.6726361852533334}, "DREB": {"AVG": 35.13414634146341, "STDEV": 5.339723475343512}, "REB": {"AVG": 45.853658536585364, "STDEV": 6.297406778101352}, "AST": {"AVG": 21.9390243902439, "STDEV": 3.7919588767356855}, "BLK": {"AVG": 4.536585365853658, "STDEV": 2.1953661746439597}, "TOV": {"AVG": 13.25609756097561, "STDEV": 3.596332066987608}, "PF": {"AVG": 18.21951219512195, "STDEV": 3.8039108862739726}}