{"Team_ID": 1610612744, "Season": "2014-15", "FGM": {"AVG": 41.58536585365854, "STDEV": 4.248314755236525}, "FGA": {"AVG": 87.03658536585365, "STDEV": 7.295263340597931}, "FGP": {"AVG": 0.47923170731707315, "STDEV": 0.04692318355646571}, "FG3M": {"AVG": 10.768292682926829, "STDEV": 3.0155923214323255}, "FG3A": {"AVG": 27.036585365853657, "STDEV": 4.517305877827765}, "FG3P": {"AVG": 0.39786946093784603, "STDEV": 0.08683968137360973}, "FTM": {"AVG": 16.01219512195122, "STDEV": 5.273960964754449}, "FTA": {"AVG": 20.841463414634145, "STDEV": 20.841463414634145}, "FTP": {"AVG": 0.7673780487804878, "STDEV": 0.7673780487804878}, "OREB": {"AVG": 10.402439024390244, "STDEV": 3.8260309063357125}, "DREB": {"AVG": 34.31707317073171, "STDEV": 4.553869738971265}, "REB": {"AVG": 44.71951219512195, "STDEV": 5.886318915620581}, "AST": {"AVG": 27.414634146341463, "STDEV": 4.82266055230619}, "BLK": {"AVG": 6.048780487804878, "STDEV": 2.4388949077343614}, "TOV": {"AVG": 14.097560975609756, "STDEV": 3.930286817974576}, "PF": {"AVG": 19.853658536585368, "STDEV": 4.422506834000155}}