{"Team_ID": 1610612749, "Season": "2013-14", "FGM": {"AVG": 36, "STDEV": 4.340449996583247}, "FGA": {"AVG": 82.15853658536585, "STDEV": 7.038640287103581}, "FGP": {"AVG": 0.43982926829268293, "STDEV": 0.05340430575835687}, "FG3M": {"AVG": 6.682926829268292, "STDEV": 2.6614673794476413}, "FG3A": {"AVG": 18.9390243902439, "STDEV": 5.520662782216762}, "FG3P": {"AVG": 0.3565272010160255, "STDEV": 0.11555960727467048}, "FTM": {"AVG": 16.79268292682927, "STDEV": 6.149852562476497}, "FTA": {"AVG": 22.475609756097562, "STDEV": 22.475609756097562}, "FTP": {"AVG": 0.7448536585365854, "STDEV": 0.7448536585365854}, "OREB": {"AVG": 11.841463414634147, "STDEV": 3.422761545508308}, "DREB": {"AVG": 29.25609756097561, "STDEV": 4.708308851092707}, "REB": {"AVG": 41.09756097560975, "STDEV": 5.638513410810548}, "AST": {"AVG": 21.463414634146343, "STDEV": 4.637994250261874}, "BLK": {"AVG": 4.914634146341464, "STDEV": 2.4200868238286444}, "TOV": {"AVG": 14.292682926829269, "STDEV": 4.129053354211729}, "PF": {"AVG": 20.890243902439025, "STDEV": 3.9440722752780126}}