{"Team_ID": 1610612738, "Season": "2013-14", "FGM": {"AVG": 36.53658536585366, "STDEV": 4.667182833758906}, "FGA": {"AVG": 83.9390243902439, "STDEV": 7.53157560774638}, "FGP": {"AVG": 0.437, "STDEV": 0.053910534026406616}, "FG3M": {"AVG": 7.012195121951219, "STDEV": 3.008194169096845}, "FG3A": {"AVG": 21.085365853658537, "STDEV": 5.092238634328039}, "FG3P": {"AVG": 0.32717625361339203, "STDEV": 0.0991185671072971}, "FTM": {"AVG": 16.158536585365855, "STDEV": 4.603995881719694}, "FTA": {"AVG": 20.804878048780488, "STDEV": 20.804878048780488}, "FTP": {"AVG": 0.7854146341463415, "STDEV": 0.7854146341463415}, "OREB": {"AVG": 11.951219512195122, "STDEV": 4.136266698138925}, "DREB": {"AVG": 30.548780487804876, "STDEV": 5.221400500420113}, "REB": {"AVG": 42.5, "STDEV": 6.439174090127007}, "AST": {"AVG": 21.048780487804876, "STDEV": 4.971281572164067}, "BLK": {"AVG": 4.182926829268292, "STDEV": 2.2505310691802007}, "TOV": {"AVG": 14.414634146341463, "STDEV": 3.839210372492204}, "PF": {"AVG": 21.25609756097561, "STDEV": 3.711214155621158}}