{"Team_ID": 1610612746, "Season": "2013-14", "FGM": {"AVG": 39.1219512195122, "STDEV": 5.264346052038731}, "FGA": {"AVG": 82.45121951219512, "STDEV": 7.311672452317933}, "FGP": {"AVG": 0.47536585365853656, "STDEV": 0.05586944927992863}, "FG3M": {"AVG": 8.451219512195122, "STDEV": 3.143295585274267}, "FG3A": {"AVG": 23.975609756097562, "STDEV": 5.811813447585295}, "FG3P": {"AVG": 0.3512836978254146, "STDEV": 0.10218949071080564}, "FTM": {"AVG": 21.23170731707317, "STDEV": 6.822799071681533}, "FTA": {"AVG": 29.073170731707318, "STDEV": 29.073170731707318}, "FTP": {"AVG": 0.7315609756097561, "STDEV": 0.7315609756097561}, "OREB": {"AVG": 10.463414634146341, "STDEV": 3.28180589382149}, "DREB": {"AVG": 32.53658536585366, "STDEV": 4.8027644353036685}, "REB": {"AVG": 43, "STDEV": 5.8668350144195935}, "AST": {"AVG": 24.585365853658537, "STDEV": 4.692918804063808}, "BLK": {"AVG": 4.841463414634147, "STDEV": 2.5066307729656394}, "TOV": {"AVG": 13.317073170731707, "STDEV": 3.8582220967262066}, "PF": {"AVG": 21.548780487804876, "STDEV": 4.000470463149073}}