{"Team_ID": 1610612763, "Season": "2013-14", "FGM": {"AVG": 38.073170731707314, "STDEV": 4.365353174814288}, "FGA": {"AVG": 81.98780487804878, "STDEV": 6.3488968662475145}, "FGP": {"AVG": 0.4653048780487805, "STDEV": 0.04884358735078319}, "FG3M": {"AVG": 4.939024390243903, "STDEV": 2.0925945911366974}, "FG3A": {"AVG": 13.987804878048781, "STDEV": 3.309148942989646}, "FG3P": {"AVG": 0.351886266174947, "STDEV": 0.13181350258061308}, "FTM": {"AVG": 15.060975609756097, "STDEV": 5.701088397225394}, "FTA": {"AVG": 20.317073170731707, "STDEV": 20.317073170731707}, "FTP": {"AVG": 0.7363414634146341, "STDEV": 0.7363414634146341}, "OREB": {"AVG": 11.585365853658537, "STDEV": 3.7050223488178027}, "DREB": {"AVG": 30.804878048780488, "STDEV": 5.417026254480812}, "REB": {"AVG": 42.390243902439025, "STDEV": 6.480276052573298}, "AST": {"AVG": 21.853658536585368, "STDEV": 4.021921263201875}, "BLK": {"AVG": 4.573170731707317, "STDEV": 2.227939799067424}, "TOV": {"AVG": 12.926829268292684, "STDEV": 3.4987845783995293}, "PF": {"AVG": 19.121951219512194, "STDEV": 4.372727611345485}}