{"Team_ID": 1610612737, "Season": "2013-14", "FGM": {"AVG": 37.329268292682926, "STDEV": 4.993959012495838}, "FGA": {"AVG": 81.5609756097561, "STDEV": 7.109544204062678}, "FGP": {"AVG": 0.45852439024390246, "STDEV": 0.05410237794225244}, "FG3M": {"AVG": 9.365853658536585, "STDEV": 3.3426248099801885}, "FG3A": {"AVG": 25.804878048780488, "STDEV": 5.466935459494435}, "FG3P": {"AVG": 0.3597690859265353, "STDEV": 0.10010405093078843}, "FTM": {"AVG": 16.975609756097562, "STDEV": 5.702448271600017}, "FTA": {"AVG": 21.73170731707317, "STDEV": 21.73170731707317}, "FTP": {"AVG": 0.7829634146341463, "STDEV": 0.7829634146341463}, "OREB": {"AVG": 8.695121951219512, "STDEV": 3.1921548292775674}, "DREB": {"AVG": 31.28048780487805, "STDEV": 4.563068033961963}, "REB": {"AVG": 39.97560975609756, "STDEV": 5.5287701169720735}, "AST": {"AVG": 24.890243902439025, "STDEV": 4.714061176871101}, "BLK": {"AVG": 3.975609756097561, "STDEV": 2.177185915923635}, "TOV": {"AVG": 14.5, "STDEV": 3.8880951570939315}, "PF": {"AVG": 19.23170731707317, "STDEV": 4.010168496468603}}