{"Team_ID": 1610612766, "Season": "2013-14", "FGM": {"AVG": 36.292682926829265, "STDEV": 4.997500127849229}, "FGA": {"AVG": 82.07317073170732, "STDEV": 7.222701672641083}, "FGP": {"AVG": 0.44341463414634147, "STDEV": 0.056235165664127874}, "FG3M": {"AVG": 6.2926829268292686, "STDEV": 2.5312262430065697}, "FG3A": {"AVG": 17.9390243902439, "STDEV": 4.7123362164304154}, "FG3P": {"AVG": 0.3495792520829763, "STDEV": 0.10818659166686205}, "FTM": {"AVG": 17.975609756097562, "STDEV": 6.224157654855493}, "FTA": {"AVG": 24.390243902439025, "STDEV": 24.390243902439025}, "FTP": {"AVG": 0.7388536585365854, "STDEV": 0.7388536585365854}, "OREB": {"AVG": 9.463414634146341, "STDEV": 3.468358283681305}, "DREB": {"AVG": 33.21951219512195, "STDEV": 4.936696526890717}, "REB": {"AVG": 42.68292682926829, "STDEV": 6.2239641386754645}, "AST": {"AVG": 21.682926829268293, "STDEV": 5.541934521581207}, "BLK": {"AVG": 5.134146341463414, "STDEV": 2.5129894406736106}, "TOV": {"AVG": 11.634146341463415, "STDEV": 3.2980061133962133}, "PF": {"AVG": 18.20731707317073, "STDEV": 3.940100283482952}}