{"Team_ID": 1610612753, "Season": "2013-14", "FGM": {"AVG": 36.853658536585364, "STDEV": 5.2590238760512245}, "FGA": {"AVG": 82.73170731707317, "STDEV": 7.2214508656250755}, "FGP": {"AVG": 0.44602439024390245, "STDEV": 0.054088855932099}, "FG3M": {"AVG": 6.865853658536586, "STDEV": 2.381835556938197}, "FG3A": {"AVG": 19.463414634146343, "STDEV": 4.745875719451001}, "FG3P": {"AVG": 0.3535785366405741, "STDEV": 0.09467712808310136}, "FTM": {"AVG": 15.939024390243903, "STDEV": 5.0512131802162505}, "FTA": {"AVG": 20.902439024390244, "STDEV": 20.902439024390244}, "FTP": {"AVG": 0.7645243902439024, "STDEV": 0.7645243902439024}, "OREB": {"AVG": 9.682926829268293, "STDEV": 3.4457991915742885}, "DREB": {"AVG": 32.36585365853659, "STDEV": 5.836268457600625}, "REB": {"AVG": 42.048780487804876, "STDEV": 6.760273277813973}, "AST": {"AVG": 21.048780487804876, "STDEV": 4.245265886260444}, "BLK": {"AVG": 4.2682926829268295, "STDEV": 2.277364626421117}, "TOV": {"AVG": 14.207317073170731, "STDEV": 3.4951034703701973}, "PF": {"AVG": 20.463414634146343, "STDEV": 4.343847989607859}}