{"Team_ID": 1610612751, "Season": "2013-14", "FGM": {"AVG": 35.74390243902439, "STDEV": 4.983456521727123}, "FGA": {"AVG": 77.9390243902439, "STDEV": 6.272313375925785}, "FGP": {"AVG": 0.4596219512195122, "STDEV": 0.05951898550590317}, "FG3M": {"AVG": 8.646341463414634, "STDEV": 3.798544072029236}, "FG3A": {"AVG": 23.4390243902439, "STDEV": 6.192583299829216}, "FG3P": {"AVG": 0.36160612271235715, "STDEV": 0.11102498567204945}, "FTM": {"AVG": 18.390243902439025, "STDEV": 5.684625350177084}, "FTA": {"AVG": 24.414634146341463, "STDEV": 24.414634146341463}, "FTP": {"AVG": 0.7544024390243902, "STDEV": 0.7544024390243902}, "OREB": {"AVG": 8.792682926829269, "STDEV": 3.6809077143996873}, "DREB": {"AVG": 29.353658536585368, "STDEV": 5.371097667476193}, "REB": {"AVG": 38.146341463414636, "STDEV": 6.644633871732187}, "AST": {"AVG": 20.902439024390244, "STDEV": 5.922565668793749}, "BLK": {"AVG": 3.792682926829268, "STDEV": 2.029034952014142}, "TOV": {"AVG": 13.951219512195122, "STDEV": 3.492151478847891}, "PF": {"AVG": 21.670731707317074, "STDEV": 4.297730891530933}}