{"Team_ID": 1610612765, "Season": "2013-14", "FGM": {"AVG": 38.80487804878049, "STDEV": 4.116929889291213}, "FGA": {"AVG": 86.8780487804878, "STDEV": 6.295972147455999}, "FGP": {"AVG": 0.44726829268292684, "STDEV": 0.041146545924214906}, "FG3M": {"AVG": 6.182926829268292, "STDEV": 2.8246186185499376}, "FG3A": {"AVG": 19.26829268292683, "STDEV": 5.1760339946023475}, "FG3P": {"AVG": 0.3124378944443003, "STDEV": 0.10312687161782771}, "FTM": {"AVG": 17.25609756097561, "STDEV": 5.592788512753637}, "FTA": {"AVG": 25.74390243902439, "STDEV": 25.74390243902439}, "FTP": {"AVG": 0.6686341463414635, "STDEV": 0.6686341463414635}, "OREB": {"AVG": 14.585365853658537, "STDEV": 4.103449977317927}, "DREB": {"AVG": 30.79268292682927, "STDEV": 5.232231082029376}, "REB": {"AVG": 45.3780487804878, "STDEV": 7.17444064822304}, "AST": {"AVG": 20.902439024390244, "STDEV": 4.356376782267069}, "BLK": {"AVG": 4.817073170731708, "STDEV": 2.2777943022733274}, "TOV": {"AVG": 13.939024390243903, "STDEV": 3.699674863844552}, "PF": {"AVG": 20.317073170731707, "STDEV": 3.838975071489553}}