{"Team_ID": 1610612750, "Season": "2013-14", "FGM": {"AVG": 38.890243902439025, "STDEV": 4.716679354939028}, "FGA": {"AVG": 87.5, "STDEV": 6.618809709857857}, "FGP": {"AVG": 0.4458658536585366, "STDEV": 0.05636209263591362}, "FG3M": {"AVG": 7.317073170731708, "STDEV": 2.7074567756680454}, "FG3A": {"AVG": 21.426829268292682, "STDEV": 4.6535012380958864}, "FG3P": {"AVG": 0.338236787241846, "STDEV": 0.09494584858606295}, "FTM": {"AVG": 21.829268292682926, "STDEV": 6.927855524911296}, "FTA": {"AVG": 28.0609756097561, "STDEV": 28.0609756097561}, "FTP": {"AVG": 0.7811341463414634, "STDEV": 0.7811341463414634}, "OREB": {"AVG": 12.487804878048781, "STDEV": 3.7259314932405276}, "DREB": {"AVG": 32.24390243902439, "STDEV": 4.962976445666541}, "REB": {"AVG": 44.73170731707317, "STDEV": 5.321859835697479}, "AST": {"AVG": 23.9390243902439, "STDEV": 4.859374447816213}, "BLK": {"AVG": 3.6219512195121952, "STDEV": 1.8701042679219062}, "TOV": {"AVG": 13.475609756097562, "STDEV": 3.486218403859663}, "PF": {"AVG": 18.341463414634145, "STDEV": 3.8752762137959778}}