{"Team_ID": 1610612757, "Season": "2013-14", "FGM": {"AVG": 39.109756097560975, "STDEV": 4.8737292679029895}, "FGA": {"AVG": 87, "STDEV": 7.238443322178814}, "FGP": {"AVG": 0.45020731707317074, "STDEV": 0.0490665302445965}, "FG3M": {"AVG": 9.390243902439025, "STDEV": 3.5022253862118236}, "FG3A": {"AVG": 25.25609756097561, "STDEV": 5.897919649155558}, "FG3P": {"AVG": 0.3707129200854769, "STDEV": 0.10207983957129749}, "FTM": {"AVG": 19.134146341463413, "STDEV": 5.49918556286865}, "FTA": {"AVG": 23.48780487804878, "STDEV": 23.48780487804878}, "FTP": {"AVG": 0.8152195121951219, "STDEV": 0.8152195121951219}, "OREB": {"AVG": 12.463414634146341, "STDEV": 3.8206557576610627}, "DREB": {"AVG": 33.97560975609756, "STDEV": 5.02088381811065}, "REB": {"AVG": 46.4390243902439, "STDEV": 6.0697541207051815}, "AST": {"AVG": 23.21951219512195, "STDEV": 4.863632718030714}, "BLK": {"AVG": 4.719512195121951, "STDEV": 2.2893979490218044}, "TOV": {"AVG": 13.341463414634147, "STDEV": 3.2969103089202685}, "PF": {"AVG": 19.21951219512195, "STDEV": 5.247043589086655}}