{"Team_ID": 1610612744, "Season": "2013-14", "FGM": {"AVG": 39.46341463414634, "STDEV": 5.1882943317500425}, "FGA": {"AVG": 85.42682926829268, "STDEV": 6.2460466268126735}, "FGP": {"AVG": 0.46231707317073173, "STDEV": 0.05430637323596525}, "FG3M": {"AVG": 9.439024390243903, "STDEV": 3.277674427657323}, "FG3A": {"AVG": 24.841463414634145, "STDEV": 5.419374279846774}, "FG3P": {"AVG": 0.37903839534633216, "STDEV": 0.10553824701153686}, "FTM": {"AVG": 15.890243902439025, "STDEV": 5.130413064401551}, "FTA": {"AVG": 21.109756097560975, "STDEV": 21.109756097560975}, "FTP": {"AVG": 0.7560487804878049, "STDEV": 0.7560487804878049}, "OREB": {"AVG": 10.926829268292684, "STDEV": 3.481097059250563}, "DREB": {"AVG": 34.3780487804878, "STDEV": 5.772733361824958}, "REB": {"AVG": 45.30487804878049, "STDEV": 6.943669333436377}, "AST": {"AVG": 23.317073170731707, "STDEV": 4.750251582110718}, "BLK": {"AVG": 4.963414634146342, "STDEV": 2.441640421809245}, "TOV": {"AVG": 14.939024390243903, "STDEV": 3.913722489880042}, "PF": {"AVG": 21.75609756097561, "STDEV": 4.361902902247591}}