{"Team_ID": 1610612755, "Season": "2011-12", "FGM": {"AVG": 37.43939393939394, "STDEV": 4.574608139178658}, "FGA": {"AVG": 83.57575757575758, "STDEV": 5.92273483103776}, "FGP": {"AVG": 0.4489090909090909, "STDEV": 0.05371770293294017}, "FG3M": {"AVG": 5.287878787878788, "STDEV": 2.5465823342436007}, "FG3A": {"AVG": 14.590909090909092, "STDEV": 3.309553875244646}, "FG3P": {"AVG": 0.3530061001307743, "STDEV": 0.1377902793073016}, "FTM": {"AVG": 13.469696969696969, "STDEV": 4.968267603871896}, "FTA": {"AVG": 18.151515151515152, "STDEV": 18.151515151515152}, "FTP": {"AVG": 0.7417272727272727, "STDEV": 0.7417272727272727}, "OREB": {"AVG": 10.666666666666666, "STDEV": 3.7553380809940538}, "DREB": {"AVG": 32.484848484848484, "STDEV": 4.814217483318548}, "REB": {"AVG": 43.15151515151515, "STDEV": 6.680033220190138}, "AST": {"AVG": 22.015151515151516, "STDEV": 4.284111699479024}, "BLK": {"AVG": 5.151515151515151, "STDEV": 2.315449278499825}, "TOV": {"AVG": 10.712121212121213, "STDEV": 3.6575113502748393}, "PF": {"AVG": 17.53030303030303, "STDEV": 4.084566437662997}}