{"Team_ID": 1610612749, "Season": "2011-12", "FGM": {"AVG": 37.90909090909091, "STDEV": 5.380098005190477}, "FGA": {"AVG": 85.63636363636364, "STDEV": 6.470373580075131}, "FGP": {"AVG": 0.4433484848484848, "STDEV": 0.059258622851736796}, "FG3M": {"AVG": 6.606060606060606, "STDEV": 2.9345621499049925}, "FG3A": {"AVG": 19.166666666666668, "STDEV": 4.609633168563194}, "FG3P": {"AVG": 0.33918083809355454, "STDEV": 0.11947105931610177}, "FTM": {"AVG": 16.59090909090909, "STDEV": 5.935492391543429}, "FTA": {"AVG": 21.439393939393938, "STDEV": 21.439393939393938}, "FTP": {"AVG": 0.7785909090909091, "STDEV": 0.7785909090909091}, "OREB": {"AVG": 12.424242424242424, "STDEV": 3.6545466142479226}, "DREB": {"AVG": 30.045454545454547, "STDEV": 5.304372124612265}, "REB": {"AVG": 42.46969696969697, "STDEV": 5.9671400106550125}, "AST": {"AVG": 23.484848484848484, "STDEV": 5.85528669531922}, "BLK": {"AVG": 5.075757575757576, "STDEV": 2.4451560029552057}, "TOV": {"AVG": 13.681818181818182, "STDEV": 3.6338540291122188}, "PF": {"AVG": 19.28787878787879, "STDEV": 4.5901739585441605}}