{"Team_ID": 1610612741, "Season": "2011-12", "FGM": {"AVG": 37.378787878787875, "STDEV": 4.819081149300469}, "FGA": {"AVG": 82.75757575757575, "STDEV": 6.159571928334496}, "FGP": {"AVG": 0.45266666666666666, "STDEV": 0.057499520622304956}, "FG3M": {"AVG": 6.348484848484849, "STDEV": 2.6223443665334987}, "FG3A": {"AVG": 16.924242424242426, "STDEV": 4.0241983666529775}, "FG3P": {"AVG": 0.3757559611903206, "STDEV": 0.13014667935461308}, "FTM": {"AVG": 15.242424242424242, "STDEV": 5.165151292923362}, "FTA": {"AVG": 21.12121212121212, "STDEV": 21.12121212121212}, "FTP": {"AVG": 0.7195, "STDEV": 0.7195}, "OREB": {"AVG": 13.863636363636363, "STDEV": 3.8506197848233117}, "DREB": {"AVG": 32.803030303030305, "STDEV": 5.18939657665868}, "REB": {"AVG": 46.666666666666664, "STDEV": 6.4003205047952525}, "AST": {"AVG": 23.136363636363637, "STDEV": 5.232697094340439}, "BLK": {"AVG": 5.878787878787879, "STDEV": 2.922144373388786}, "TOV": {"AVG": 13.43939393939394, "STDEV": 3.646405133315605}, "PF": {"AVG": 17.257575757575758, "STDEV": 4.129856045398067}}