{"Team_ID": 1610612739, "Season": "2011-12", "FGM": {"AVG": 34.25757575757576, "STDEV": 4.61205979699912}, "FGA": {"AVG": 81.21212121212122, "STDEV": 6.5925719307418}, "FGP": {"AVG": 0.42307575757575755, "STDEV": 0.05544735843220628}, "FG3M": {"AVG": 6.666666666666667, "STDEV": 2.6851920620798078}, "FG3A": {"AVG": 19.28787878787879, "STDEV": 3.979815038281018}, "FG3P": {"AVG": 0.3440312735971742, "STDEV": 0.11303048533671856}, "FTM": {"AVG": 17.848484848484848, "STDEV": 4.934158565137601}, "FTA": {"AVG": 24.924242424242426, "STDEV": 24.924242424242426}, "FTP": {"AVG": 0.7190757575757576, "STDEV": 0.7190757575757576}, "OREB": {"AVG": 12.742424242424242, "STDEV": 4.005037620338459}, "DREB": {"AVG": 29.53030303030303, "STDEV": 5.081549421401363}, "REB": {"AVG": 42.27272727272727, "STDEV": 6.590308629508017}, "AST": {"AVG": 19.818181818181817, "STDEV": 4.979678985356666}, "BLK": {"AVG": 3.9696969696969697, "STDEV": 2.1337557856778626}, "TOV": {"AVG": 14.621212121212121, "STDEV": 3.933153565486221}, "PF": {"AVG": 19.954545454545453, "STDEV": 4.548649226991436}}