{"Team_ID": 1610612738, "Season": "2011-12", "FGM": {"AVG": 35.46969696969697, "STDEV": 4.275942350369446}, "FGA": {"AVG": 77.06060606060606, "STDEV": 7.60542071436053}, "FGP": {"AVG": 0.46195454545454545, "STDEV": 0.051666811790156364}, "FG3M": {"AVG": 5.5, "STDEV": 2.482244641758435}, "FG3A": {"AVG": 14.969696969696969, "STDEV": 4.147175858227813}, "FG3P": {"AVG": 0.3609286595997153, "STDEV": 0.11283107746420638}, "FTM": {"AVG": 15.409090909090908, "STDEV": 5.708232308159514}, "FTA": {"AVG": 19.818181818181817, "STDEV": 19.818181818181817}, "FTP": {"AVG": 0.7858636363636363, "STDEV": 0.7858636363636363}, "OREB": {"AVG": 7.712121212121212, "STDEV": 3.6321858285024313}, "DREB": {"AVG": 31.075757575757574, "STDEV": 5.531199914500695}, "REB": {"AVG": 38.78787878787879, "STDEV": 6.474839235343463}, "AST": {"AVG": 23.59090909090909, "STDEV": 4.6870600026596065}, "BLK": {"AVG": 5.484848484848484, "STDEV": 2.531295954142701}, "TOV": {"AVG": 14.075757575757576, "STDEV": 3.5357976189064897}, "PF": {"AVG": 19.924242424242426, "STDEV": 3.9703152599514393}}