{"Team_ID": 1610612763, "Season": "2011-12", "FGM": {"AVG": 36.74242424242424, "STDEV": 5.150983792697666}, "FGA": {"AVG": 82.15151515151516, "STDEV": 7.6746183553168885}, "FGP": {"AVG": 0.44831818181818184, "STDEV": 0.05524523205069976}, "FG3M": {"AVG": 4.196969696969697, "STDEV": 2.2133837441952084}, "FG3A": {"AVG": 12.863636363636363, "STDEV": 3.834605038878946}, "FG3P": {"AVG": 0.32295920753210366, "STDEV": 0.14117230068664452}, "FTM": {"AVG": 17.303030303030305, "STDEV": 6.4735430721329035}, "FTA": {"AVG": 22.78787878787879, "STDEV": 22.78787878787879}, "FTP": {"AVG": 0.7605757575757576, "STDEV": 0.7605757575757576}, "OREB": {"AVG": 12.590909090909092, "STDEV": 3.902572219712267}, "DREB": {"AVG": 29.454545454545453, "STDEV": 4.621627479518503}, "REB": {"AVG": 42.04545454545455, "STDEV": 5.776429075746786}, "AST": {"AVG": 19.545454545454547, "STDEV": 4.357775784756461}, "BLK": {"AVG": 5.2272727272727275, "STDEV": 2.45448070362664}, "TOV": {"AVG": 13.93939393939394, "STDEV": 3.6789579957824925}, "PF": {"AVG": 19.939393939393938, "STDEV": 4.1133134234273125}}