{"Team_ID": 1610612748, "Season": "2011-12", "FGM": {"AVG": 37.06060606060606, "STDEV": 5.050144820098004}, "FGA": {"AVG": 78.96969696969697, "STDEV": 6.331775050597999}, "FGP": {"AVG": 0.4695909090909091, "STDEV": 0.05563285616714897}, "FG3M": {"AVG": 5.606060606060606, "STDEV": 2.886993580653053}, "FG3A": {"AVG": 15.606060606060606, "STDEV": 4.77132069405329}, "FG3P": {"AVG": 0.3524630889682622, "STDEV": 0.1364916887248228}, "FTM": {"AVG": 18.757575757575758, "STDEV": 6.231583589476597}, "FTA": {"AVG": 24.21212121212121, "STDEV": 24.21212121212121}, "FTP": {"AVG": 0.7723333333333333, "STDEV": 0.7723333333333333}, "OREB": {"AVG": 10.393939393939394, "STDEV": 3.4188562544479826}, "DREB": {"AVG": 31.21212121212121, "STDEV": 5.652814551558573}, "REB": {"AVG": 41.60606060606061, "STDEV": 6.511241847471986}, "AST": {"AVG": 19.954545454545453, "STDEV": 4.871997910135393}, "BLK": {"AVG": 5.378787878787879, "STDEV": 2.2378915318125916}, "TOV": {"AVG": 14.712121212121213, "STDEV": 4.029755295167157}, "PF": {"AVG": 19.424242424242426, "STDEV": 4.482652394974709}}