{"Team_ID": 1610612747, "Season": "2011-12", "FGM": {"AVG": 36.803030303030305, "STDEV": 4.162912061266347}, "FGA": {"AVG": 80.5909090909091, "STDEV": 6.471184109281992}, "FGP": {"AVG": 0.4576212121212121, "STDEV": 0.04644492690737317}, "FG3M": {"AVG": 5.484848484848484, "STDEV": 2.597291039895365}, "FG3A": {"AVG": 16.848484848484848, "STDEV": 4.28680416822252}, "FG3P": {"AVG": 0.3224275393837399, "STDEV": 0.12846350706649523}, "FTM": {"AVG": 18.21212121212121, "STDEV": 6.1607071310290635}, "FTA": {"AVG": 24.075757575757574, "STDEV": 24.075757575757574}, "FTP": {"AVG": 0.7577424242424242, "STDEV": 0.7577424242424242}, "OREB": {"AVG": 12.106060606060606, "STDEV": 3.907109054723347}, "DREB": {"AVG": 34.10606060606061, "STDEV": 5.392669633946231}, "REB": {"AVG": 46.21212121212121, "STDEV": 6.311199207063221}, "AST": {"AVG": 22.5, "STDEV": 4.554794599776574}, "BLK": {"AVG": 5.318181818181818, "STDEV": 2.2268231314456157}, "TOV": {"AVG": 14.545454545454545, "STDEV": 3.582787132438046}, "PF": {"AVG": 16.803030303030305, "STDEV": 4.286722603107259}}