{"Team_ID": 1610612751, "Season": "2011-12", "FGM": {"AVG": 34.27272727272727, "STDEV": 4.721621151014373}, "FGA": {"AVG": 80.60606060606061, "STDEV": 5.642909200264013}, "FGP": {"AVG": 0.42587878787878786, "STDEV": 0.056280756419255264}, "FG3M": {"AVG": 7.681818181818182, "STDEV": 3.2823963615209353}, "FG3A": {"AVG": 22.439393939393938, "STDEV": 5.060035840185591}, "FG3P": {"AVG": 0.3351559140272484, "STDEV": 0.09063018241593107}, "FTM": {"AVG": 16.863636363636363, "STDEV": 5.320168775912641}, "FTA": {"AVG": 21.71212121212121, "STDEV": 21.71212121212121}, "FTP": {"AVG": 0.7817878787878788, "STDEV": 0.7817878787878788}, "OREB": {"AVG": 11.863636363636363, "STDEV": 3.699839346351567}, "DREB": {"AVG": 28.46969696969697, "STDEV": 4.707505290555291}, "REB": {"AVG": 40.333333333333336, "STDEV": 6.162749968925169}, "AST": {"AVG": 19.863636363636363, "STDEV": 4.603966061615083}, "BLK": {"AVG": 3.9393939393939394, "STDEV": 2.1474764286610952}, "TOV": {"AVG": 14.287878787878787, "STDEV": 3.2664502092787164}, "PF": {"AVG": 19.21212121212121, "STDEV": 4.001980861504814}}