{"Team_ID": 1610612740, "Season": "2011-12", "FGM": {"AVG": 34.84848484848485, "STDEV": 4.517461588930138}, "FGA": {"AVG": 77.31818181818181, "STDEV": 7.6302214725576425}, "FGP": {"AVG": 0.45284848484848483, "STDEV": 0.05770595021292597}, "FG3M": {"AVG": 3.9242424242424243, "STDEV": 2.150567768042134}, "FG3A": {"AVG": 11.772727272727273, "STDEV": 3.550928175715599}, "FG3P": {"AVG": 0.3362515349990723, "STDEV": 0.14579720359219767}, "FTM": {"AVG": 16.015151515151516, "STDEV": 5.921258764933801}, "FTA": {"AVG": 21.166666666666668, "STDEV": 21.166666666666668}, "FTP": {"AVG": 0.7605, "STDEV": 0.7605}, "OREB": {"AVG": 10.969696969696969, "STDEV": 3.8788170162075764}, "DREB": {"AVG": 30.166666666666668, "STDEV": 4.629614814791111}, "REB": {"AVG": 41.13636363636363, "STDEV": 7.016214985821966}, "AST": {"AVG": 20.727272727272727, "STDEV": 4.376670510244603}, "BLK": {"AVG": 4.787878787878788, "STDEV": 2.408415703417124}, "TOV": {"AVG": 14.621212121212121, "STDEV": 3.4228425052652973}, "PF": {"AVG": 20.060606060606062, "STDEV": 4.722707137221479}}