{"Team_ID": 1610612765, "Season": "2011-12", "FGM": {"AVG": 34.71212121212121, "STDEV": 5.394484794720086}, "FGA": {"AVG": 79.27272727272727, "STDEV": 7.109139198233506}, "FGP": {"AVG": 0.4395, "STDEV": 0.06741267856100387}, "FG3M": {"AVG": 4.803030303030303, "STDEV": 2.8888096934934024}, "FG3A": {"AVG": 13.878787878787879, "STDEV": 5.055127333145265}, "FG3P": {"AVG": 0.3346423905680168, "STDEV": 0.14481273816492538}, "FTM": {"AVG": 16.636363636363637, "STDEV": 5.243710851725474}, "FTA": {"AVG": 22.136363636363637, "STDEV": 22.136363636363637}, "FTP": {"AVG": 0.7592878787878787, "STDEV": 0.7592878787878787}, "OREB": {"AVG": 11.742424242424242, "STDEV": 3.0850039574122783}, "DREB": {"AVG": 28.515151515151516, "STDEV": 4.6151670500391315}, "REB": {"AVG": 40.25757575757576, "STDEV": 5.88952291671237}, "AST": {"AVG": 18.666666666666668, "STDEV": 4.6154700846787104}, "BLK": {"AVG": 4.212121212121212, "STDEV": 2.452723142927227}, "TOV": {"AVG": 14.621212121212121, "STDEV": 3.7978340042112326}, "PF": {"AVG": 19.59090909090909, "STDEV": 3.9999125864574463}}