{"Team_ID": 1610612745, "Season": "2011-12", "FGM": {"AVG": 37.71212121212121, "STDEV": 4.071534020168476}, "FGA": {"AVG": 83.98484848484848, "STDEV": 6.648290524621115}, "FGP": {"AVG": 0.4501969696969697, "STDEV": 0.04589627760906432}, "FG3M": {"AVG": 7.242424242424242, "STDEV": 2.6080384970059014}, "FG3A": {"AVG": 20.151515151515152, "STDEV": 5.528228048959753}, "FG3P": {"AVG": 0.3609555589034656, "STDEV": 0.10934629089802458}, "FTM": {"AVG": 15.424242424242424, "STDEV": 6.137051675145262}, "FTA": {"AVG": 19.71212121212121, "STDEV": 19.71212121212121}, "FTP": {"AVG": 0.7797878787878788, "STDEV": 0.7797878787878788}, "OREB": {"AVG": 11.651515151515152, "STDEV": 3.6982009108064933}, "DREB": {"AVG": 30.515151515151516, "STDEV": 5.153766133741942}, "REB": {"AVG": 42.166666666666664, "STDEV": 6.858085252702341}, "AST": {"AVG": 21.272727272727273, "STDEV": 3.664992200833152}, "BLK": {"AVG": 4.833333333333333, "STDEV": 2.465661610904298}, "TOV": {"AVG": 13.833333333333334, "STDEV": 3.677722260535864}, "PF": {"AVG": 20.40909090909091, "STDEV": 3.687722969435299}}