{"Team_ID": 1610612759, "Season": "2011-12", "FGM": {"AVG": 39.56060606060606, "STDEV": 5.135483762333737}, "FGA": {"AVG": 82.77272727272727, "STDEV": 6.382175791387121}, "FGP": {"AVG": 0.4795, "STDEV": 0.06325510012882513}, "FG3M": {"AVG": 8.363636363636363, "STDEV": 2.8045916397461976}, "FG3A": {"AVG": 21.28787878787879, "STDEV": 4.669920610477067}, "FG3P": {"AVG": 0.39626121646810725, "STDEV": 0.1173992154876927}, "FTM": {"AVG": 16.166666666666668, "STDEV": 6.592731039872821}, "FTA": {"AVG": 21.62121212121212, "STDEV": 21.62121212121212}, "FTP": {"AVG": 0.7378030303030303, "STDEV": 0.7378030303030303}, "OREB": {"AVG": 10.348484848484848, "STDEV": 4.00189349123031}, "DREB": {"AVG": 32.621212121212125, "STDEV": 5.152341219932939}, "REB": {"AVG": 42.96969696969697, "STDEV": 6.196698120698442}, "AST": {"AVG": 23.151515151515152, "STDEV": 4.694489156258478}, "BLK": {"AVG": 4.4393939393939394, "STDEV": 2.267691390472752}, "TOV": {"AVG": 13.196969696969697, "STDEV": 3.667821390541496}, "PF": {"AVG": 17.318181818181817, "STDEV": 3.9307822314456637}}