{"Team_ID": 1610612756, "Season": "2011-12", "FGM": {"AVG": 37.803030303030305, "STDEV": 4.753038532494271}, "FGA": {"AVG": 82.5, "STDEV": 6.412127931925923}, "FGP": {"AVG": 0.4592878787878788, "STDEV": 0.054458103911034964}, "FG3M": {"AVG": 6.7272727272727275, "STDEV": 2.5452547374126775}, "FG3A": {"AVG": 19.62121212121212, "STDEV": 4.83819785748356}, "FG3P": {"AVG": 0.34292181628225316, "STDEV": 0.09526509782484882}, "FTM": {"AVG": 16.03030303030303, "STDEV": 5.499565568771905}, "FTA": {"AVG": 21.166666666666668, "STDEV": 21.166666666666668}, "FTP": {"AVG": 0.7597878787878788, "STDEV": 0.7597878787878788}, "OREB": {"AVG": 10.863636363636363, "STDEV": 3.921876958946938}, "DREB": {"AVG": 30.833333333333332, "STDEV": 3.9558460471456605}, "REB": {"AVG": 41.696969696969695, "STDEV": 5.241754541753236}, "AST": {"AVG": 22.515151515151516, "STDEV": 4.1924563178034395}, "BLK": {"AVG": 5.545454545454546, "STDEV": 2.4380434664000443}, "TOV": {"AVG": 13.515151515151516, "STDEV": 3.629971071054145}, "PF": {"AVG": 18.681818181818183, "STDEV": 3.591267575272385}}