{"Team_ID": 1610612744, "Season": "2011-12", "FGM": {"AVG": 37.71212121212121, "STDEV": 4.299428053250988}, "FGA": {"AVG": 82.46969696969697, "STDEV": 6.421645360616634}, "FGP": {"AVG": 0.4585, "STDEV": 0.05001146022509396}, "FG3M": {"AVG": 7.9393939393939394, "STDEV": 3.2290926940922007}, "FG3A": {"AVG": 20.46969696969697, "STDEV": 4.49005635383411}, "FG3P": {"AVG": 0.3797970431601087, "STDEV": 0.11079635312745462}, "FTM": {"AVG": 14.409090909090908, "STDEV": 4.758724045944937}, "FTA": {"AVG": 18.71212121212121, "STDEV": 18.71212121212121}, "FTP": {"AVG": 0.7697424242424242, "STDEV": 0.7697424242424242}, "OREB": {"AVG": 9.696969696969697, "STDEV": 3.984468681768082}, "DREB": {"AVG": 29.5, "STDEV": 4.965263956110103}, "REB": {"AVG": 39.196969696969695, "STDEV": 5.7115798621873894}, "AST": {"AVG": 22.272727272727273, "STDEV": 4.021272108503648}, "BLK": {"AVG": 5.484848484848484, "STDEV": 2.5129965211180685}, "TOV": {"AVG": 13.43939393939394, "STDEV": 3.7504001340525206}, "PF": {"AVG": 21.363636363636363, "STDEV": 4.656298839327098}}