{"Team_ID": 1610612755, "Season": "1998-99", "FGM": {"AVG": 33.12, "STDEV": 5.113567387702193}, "FGA": {"AVG": 77.66, "STDEV": 7.336267192962005}, "FGP": {"AVG": 0.42708, "STDEV": 0.05820542088507017}, "FG3M": {"AVG": 1.96, "STDEV": 1.1421426337889535}, "FG3A": {"AVG": 7.42, "STDEV": 2.5240880349471304}, "FG3P": {"AVG": 0.2740405705405705, "STDEV": 0.16546029911604848}, "FTM": {"AVG": 21.46, "STDEV": 5.346026561849464}, "FTA": {"AVG": 29.72, "STDEV": 29.72}, "FTP": {"AVG": 0.72242, "STDEV": 0.72242}, "OREB": {"AVG": 14.58, "STDEV": 3.812385829672243}, "DREB": {"AVG": 28.56, "STDEV": 5.0392743241746345}, "REB": {"AVG": 43.14, "STDEV": 6.39837351781446}, "AST": {"AVG": 18.68, "STDEV": 4.492351777164821}, "BLK": {"AVG": 5.42, "STDEV": 2.942232943510345}, "TOV": {"AVG": 15.62, "STDEV": 4.3372614325970575}, "PF": {"AVG": 23.04, "STDEV": 5.532685807534887}}