{"Team_ID": 1610612739, "Season": "1998-99", "FGM": {"AVG": 31.24, "STDEV": 4.6359729181649865}, "FGA": {"AVG": 71.22, "STDEV": 6.017966298289393}, "FGP": {"AVG": 0.43988, "STDEV": 0.06305865102733926}, "FG3M": {"AVG": 3.64, "STDEV": 1.892628018477622}, "FG3A": {"AVG": 10.68, "STDEV": 3.8302768056843184}, "FG3P": {"AVG": 0.3334799367299367, "STDEV": 0.1298883765505912}, "FTM": {"AVG": 20.32, "STDEV": 7.688953114696434}, "FTA": {"AVG": 27.12, "STDEV": 27.12}, "FTP": {"AVG": 0.74706, "STDEV": 0.74706}, "OREB": {"AVG": 9.44, "STDEV": 3.43546925173139}, "DREB": {"AVG": 26.32, "STDEV": 5.040408146739139}, "REB": {"AVG": 35.76, "STDEV": 5.73054828733424}, "AST": {"AVG": 21.86, "STDEV": 4.646745624408462}, "BLK": {"AVG": 4.06, "STDEV": 2.2804403441584054}, "TOV": {"AVG": 14.76, "STDEV": 3.223383948838961}, "PF": {"AVG": 24.16, "STDEV": 4.166729251230661}}