{"Team_ID": 1610612738, "Season": "1998-99", "FGM": {"AVG": 36.32, "STDEV": 6.2251628943526045}, "FGA": {"AVG": 83.28, "STDEV": 8.682706246044607}, "FGP": {"AVG": 0.4361, "STDEV": 0.05983864357842783}, "FG3M": {"AVG": 5.46, "STDEV": 2.9151959362860627}, "FG3A": {"AVG": 15.16, "STDEV": 4.773908679649481}, "FG3P": {"AVG": 0.3464468498477786, "STDEV": 0.14594244901160916}, "FTM": {"AVG": 14.9, "STDEV": 5.64692439315782}, "FTA": {"AVG": 21.54, "STDEV": 21.54}, "FTP": {"AVG": 0.69026, "STDEV": 0.69026}, "OREB": {"AVG": 13.6, "STDEV": 3.8491981672307087}, "DREB": {"AVG": 29.16, "STDEV": 6.386720917781883}, "REB": {"AVG": 42.76, "STDEV": 6.870700882169511}, "AST": {"AVG": 21.46, "STDEV": 5.342207752743184}, "BLK": {"AVG": 5.1, "STDEV": 2.5253813613805267}, "TOV": {"AVG": 15.54, "STDEV": 4.05175698850234}, "PF": {"AVG": 23.86, "STDEV": 5.742821606144491}}