{"Team_ID": 1610612763, "Season": "1998-99", "FGM": {"AVG": 32.86, "STDEV": 4.430921035686576}, "FGA": {"AVG": 76.76, "STDEV": 7.341689734881562}, "FGP": {"AVG": 0.42912, "STDEV": 0.05044926325790404}, "FG3M": {"AVG": 2.96, "STDEV": 1.9162037299551105}, "FG3A": {"AVG": 9.06, "STDEV": 3.3344827950079576}, "FG3P": {"AVG": 0.31648716153127915, "STDEV": 0.16376361515562823}, "FTM": {"AVG": 20.18, "STDEV": 6.760298266575316}, "FTA": {"AVG": 28.16, "STDEV": 28.16}, "FTP": {"AVG": 0.71216, "STDEV": 0.71216}, "OREB": {"AVG": 13, "STDEV": 4.0}, "DREB": {"AVG": 27.18, "STDEV": 4.732389481443981}, "REB": {"AVG": 40.18, "STDEV": 5.516912771705951}, "AST": {"AVG": 19.28, "STDEV": 4.337967171806798}, "BLK": {"AVG": 3.98, "STDEV": 2.3946368648055416}, "TOV": {"AVG": 16.14, "STDEV": 4.0708520895131866}, "PF": {"AVG": 22.46, "STDEV": 4.450223566959122}}