{"Team_ID": 1610612748, "Season": "1998-99", "FGM": {"AVG": 32.32, "STDEV": 3.4489868373308754}, "FGA": {"AVG": 71.3, "STDEV": 6.84299134971285}, "FGP": {"AVG": 0.45484, "STDEV": 0.04275099235033938}, "FG3M": {"AVG": 5.78, "STDEV": 2.0232324107119037}, "FG3A": {"AVG": 16.08, "STDEV": 3.75711569789206}, "FG3P": {"AVG": 0.3629950860217989, "STDEV": 0.11167052522009357}, "FTM": {"AVG": 18.56, "STDEV": 6.188072793524587}, "FTA": {"AVG": 25.24, "STDEV": 25.24}, "FTP": {"AVG": 0.73398, "STDEV": 0.73398}, "OREB": {"AVG": 10.06, "STDEV": 3.012965181291259}, "DREB": {"AVG": 30.24, "STDEV": 5.204236892441875}, "REB": {"AVG": 40.3, "STDEV": 6.547316010303422}, "AST": {"AVG": 20.38, "STDEV": 3.2756990218322337}, "BLK": {"AVG": 6.08, "STDEV": 2.9196029923010185}, "TOV": {"AVG": 14.14, "STDEV": 4.261886139890149}, "PF": {"AVG": 20.7, "STDEV": 3.770183777256185}}