{"Team_ID": 1610612766, "Season": "1998-99", "FGM": {"AVG": 33.42, "STDEV": 5.413852225390655}, "FGA": {"AVG": 74.36, "STDEV": 8.656152701508722}, "FGP": {"AVG": 0.4512, "STDEV": 0.06395151224456969}, "FG3M": {"AVG": 5.36, "STDEV": 2.513311499571343}, "FG3A": {"AVG": 14.7, "STDEV": 4.185738663995317}, "FG3P": {"AVG": 0.3564582356927558, "STDEV": 0.12365329510579025}, "FTM": {"AVG": 20.68, "STDEV": 6.905898100278383}, "FTA": {"AVG": 27.68, "STDEV": 27.68}, "FTP": {"AVG": 0.74514, "STDEV": 0.74514}, "OREB": {"AVG": 9.6, "STDEV": 3.625307868699863}, "DREB": {"AVG": 29.86, "STDEV": 5.066939663250433}, "REB": {"AVG": 39.46, "STDEV": 6.503405701191162}, "AST": {"AVG": 22.2, "STDEV": 4.836088822803074}, "BLK": {"AVG": 4.94, "STDEV": 2.6527613645299604}, "TOV": {"AVG": 15.2, "STDEV": 3.801181341614306}, "PF": {"AVG": 22.02, "STDEV": 3.9200687207637324}}