{"Team_ID": 1610612752, "Season": "1998-99", "FGM": {"AVG": 32.2, "STDEV": 5.1981158281886435}, "FGA": {"AVG": 74.08, "STDEV": 7.604617286992992}, "FGP": {"AVG": 0.43566, "STDEV": 0.06221739700273485}, "FG3M": {"AVG": 4.16, "STDEV": 2.053965800641306}, "FG3A": {"AVG": 11.78, "STDEV": 3.5184064110715503}, "FG3P": {"AVG": 0.3477356254856255, "STDEV": 0.15049647260219134}, "FTM": {"AVG": 17.84, "STDEV": 6.296613926450908}, "FTA": {"AVG": 24.36, "STDEV": 24.36}, "FTP": {"AVG": 0.72532, "STDEV": 0.72532}, "OREB": {"AVG": 11.02, "STDEV": 4.528774218082344}, "DREB": {"AVG": 30.2, "STDEV": 4.485805276602166}, "REB": {"AVG": 41.22, "STDEV": 5.027637900360651}, "AST": {"AVG": 19.26, "STDEV": 4.32274478184632}, "BLK": {"AVG": 5.24, "STDEV": 3.165889628975897}, "TOV": {"AVG": 15.5, "STDEV": 3.7101625466344434}, "PF": {"AVG": 22.8, "STDEV": 3.7142857142857144}}