{"Team_ID": 1610612759, "Season": "1998-99", "FGM": {"AVG": 34.8, "STDEV": 5.1981158281886435}, "FGA": {"AVG": 76.24, "STDEV": 7.493017157490631}, "FGP": {"AVG": 0.45784, "STDEV": 0.0638852159449002}, "FG3M": {"AVG": 3.44, "STDEV": 2.0118019134038794}, "FG3A": {"AVG": 10.42, "STDEV": 3.9748700402320947}, "FG3P": {"AVG": 0.3275838899662429, "STDEV": 0.14617653003294206}, "FTM": {"AVG": 19.76, "STDEV": 6.485651352746905}, "FTA": {"AVG": 28.3, "STDEV": 28.3}, "FTP": {"AVG": 0.69984, "STDEV": 0.69984}, "OREB": {"AVG": 12.28, "STDEV": 3.7744576580278255}, "DREB": {"AVG": 31.68, "STDEV": 4.528548895842995}, "REB": {"AVG": 43.96, "STDEV": 5.8482859864743135}, "AST": {"AVG": 22.02, "STDEV": 4.757335903418969}, "BLK": {"AVG": 7.02, "STDEV": 3.0937065808126123}, "TOV": {"AVG": 14.34, "STDEV": 3.543375538110748}, "PF": {"AVG": 20.2, "STDEV": 4.593695768803865}}