{"Team_ID": 1610612756, "Season": "1998-99", "FGM": {"AVG": 35.94, "STDEV": 4.311399223605502}, "FGA": {"AVG": 80.08, "STDEV": 6.388254528301713}, "FGP": {"AVG": 0.45112, "STDEV": 0.06087479287983875}, "FG3M": {"AVG": 5.22, "STDEV": 2.112064470259043}, "FG3A": {"AVG": 14.04, "STDEV": 4.095592454214702}, "FG3P": {"AVG": 0.37939938223111597, "STDEV": 0.14299150142599948}, "FTM": {"AVG": 18.48, "STDEV": 6.50036105747604}, "FTA": {"AVG": 24.3, "STDEV": 24.3}, "FTP": {"AVG": 0.77008, "STDEV": 0.77008}, "OREB": {"AVG": 11.96, "STDEV": 4.379730678515122}, "DREB": {"AVG": 28.36, "STDEV": 4.88546365271924}, "REB": {"AVG": 40.32, "STDEV": 6.122691151673054}, "AST": {"AVG": 24.98, "STDEV": 4.3635316159351145}, "BLK": {"AVG": 4, "STDEV": 1.958758457257441}, "TOV": {"AVG": 13.06, "STDEV": 3.8935320515869254}, "PF": {"AVG": 20.44, "STDEV": 3.855343495641829}}