{"Team_ID": 1610612760, "Season": "1998-99", "FGM": {"AVG": 35.12, "STDEV": 5.008727077689052}, "FGA": {"AVG": 79.52, "STDEV": 8.619484335160754}, "FGP": {"AVG": 0.44298, "STDEV": 0.05631307891727158}, "FG3M": {"AVG": 6.18, "STDEV": 2.3878091743397807}, "FG3A": {"AVG": 17.98, "STDEV": 3.8991888219715336}, "FG3P": {"AVG": 0.3461347644615446, "STDEV": 0.11608294841148563}, "FTM": {"AVG": 18.44, "STDEV": 6.478094958065549}, "FTA": {"AVG": 27.08, "STDEV": 27.08}, "FTP": {"AVG": 0.6816, "STDEV": 0.6816}, "OREB": {"AVG": 13.52, "STDEV": 4.101965681106997}, "DREB": {"AVG": 28.44, "STDEV": 5.210507437390532}, "REB": {"AVG": 41.96, "STDEV": 7.258942409053758}, "AST": {"AVG": 21.74, "STDEV": 3.869345776057482}, "BLK": {"AVG": 4.02, "STDEV": 2.0945994697735197}, "TOV": {"AVG": 14.42, "STDEV": 3.703776340935488}, "PF": {"AVG": 20.94, "STDEV": 4.022437072223753}}