{"Team_ID": 1610612757, "Season": "1998-99", "FGM": {"AVG": 34.94, "STDEV": 4.7052293964767955}, "FGA": {"AVG": 79.12, "STDEV": 6.950671675075285}, "FGP": {"AVG": 0.44218, "STDEV": 0.05118142599954537}, "FG3M": {"AVG": 4.92, "STDEV": 2.0882567673853263}, "FG3A": {"AVG": 13.5, "STDEV": 3.9808213694550783}, "FG3P": {"AVG": 0.3669764602442621, "STDEV": 0.13339293716171013}, "FTM": {"AVG": 20.04, "STDEV": 6.442714600893899}, "FTA": {"AVG": 26.98, "STDEV": 26.98}, "FTP": {"AVG": 0.74388, "STDEV": 0.74388}, "OREB": {"AVG": 12.92, "STDEV": 3.3371135028063166}, "DREB": {"AVG": 31.4, "STDEV": 4.508495382302715}, "REB": {"AVG": 44.32, "STDEV": 5.8289915814952815}, "AST": {"AVG": 21.46, "STDEV": 4.599068228612027}, "BLK": {"AVG": 5.8, "STDEV": 2.762725657973388}, "TOV": {"AVG": 14.88, "STDEV": 3.3784430661209033}, "PF": {"AVG": 22.52, "STDEV": 5.697260351274469}}