{"Team_ID": 1610612764, "Season": "1998-99", "FGM": {"AVG": 35.36, "STDEV": 4.574820170436946}, "FGA": {"AVG": 79.38, "STDEV": 5.6347681624799755}, "FGP": {"AVG": 0.44586000000000003, "STDEV": 0.05150470951321652}, "FG3M": {"AVG": 3.58, "STDEV": 2.1101310530923167}, "FG3A": {"AVG": 11.6, "STDEV": 3.865071216705338}, "FG3P": {"AVG": 0.3039342788274677, "STDEV": 0.15140526524669196}, "FTM": {"AVG": 16.9, "STDEV": 6.828063340332442}, "FTA": {"AVG": 23.96, "STDEV": 23.96}, "FTP": {"AVG": 0.70778, "STDEV": 0.70778}, "OREB": {"AVG": 11.9, "STDEV": 3.4478623960420487}, "DREB": {"AVG": 28.06, "STDEV": 4.418929596125085}, "REB": {"AVG": 39.96, "STDEV": 4.911294770885842}, "AST": {"AVG": 21.28, "STDEV": 4.810872041108386}, "BLK": {"AVG": 3.86, "STDEV": 2.1666300363203947}, "TOV": {"AVG": 14.16, "STDEV": 3.627333872199823}, "PF": {"AVG": 23.02, "STDEV": 4.297555071414063}}