{"Team_ID": 1610612749, "Season": "2002-03", "FGM": {"AVG": 37.13414634146341, "STDEV": 5.120190474663838}, "FGA": {"AVG": 81.34146341463415, "STDEV": 8.26747235051598}, "FGP": {"AVG": 0.45726829268292685, "STDEV": 0.049607856999284175}, "FG3M": {"AVG": 7.134146341463414, "STDEV": 2.836108423644178}, "FG3A": {"AVG": 18.609756097560975, "STDEV": 4.840049223198774}, "FG3P": {"AVG": 0.3810751826736043, "STDEV": 0.10871609843780258}, "FTM": {"AVG": 18.085365853658537, "STDEV": 6.023003679335483}, "FTA": {"AVG": 23.304878048780488, "STDEV": 23.304878048780488}, "FTP": {"AVG": 0.776280487804878, "STDEV": 0.776280487804878}, "OREB": {"AVG": 10.682926829268293, "STDEV": 4.496577707657202}, "DREB": {"AVG": 28.865853658536587, "STDEV": 4.7395426020962415}, "REB": {"AVG": 39.548780487804876, "STDEV": 5.865051206504783}, "AST": {"AVG": 22.23170731707317, "STDEV": 4.9548549093327034}, "BLK": {"AVG": 4.195121951219512, "STDEV": 2.241246480736429}, "TOV": {"AVG": 12.146341463414634, "STDEV": 3.311491220611265}, "PF": {"AVG": 22.195121951219512, "STDEV": 4.437324920949568}}