{"Team_ID": 1610612739, "Season": "2002-03", "FGM": {"AVG": 34.75609756097561, "STDEV": 5.405897501140165}, "FGA": {"AVG": 82.26829268292683, "STDEV": 7.435398783775687}, "FGP": {"AVG": 0.42303658536585365, "STDEV": 0.0567801576196072}, "FG3M": {"AVG": 3.573170731707317, "STDEV": 2.4038574340179593}, "FG3A": {"AVG": 10.926829268292684, "STDEV": 4.863013565008202}, "FG3P": {"AVG": 0.30360674309399066, "STDEV": 0.14630315403152067}, "FTM": {"AVG": 18.317073170731707, "STDEV": 5.83281066183381}, "FTA": {"AVG": 24.536585365853657, "STDEV": 24.536585365853657}, "FTP": {"AVG": 0.7465, "STDEV": 0.7465}, "OREB": {"AVG": 13.634146341463415, "STDEV": 4.152976606528042}, "DREB": {"AVG": 31, "STDEV": 4.934134069149893}, "REB": {"AVG": 44.63414634146341, "STDEV": 6.523485009538828}, "AST": {"AVG": 20.878048780487806, "STDEV": 4.787819534905807}, "BLK": {"AVG": 6.353658536585366, "STDEV": 3.0926913095691027}, "TOV": {"AVG": 17.4390243902439, "STDEV": 4.621734912815321}, "PF": {"AVG": 22.73170731707317, "STDEV": 4.061407590599943}}