{"Team_ID": 1610612738, "Season": "2002-03", "FGM": {"AVG": 32.926829268292686, "STDEV": 5.227610666368794}, "FGA": {"AVG": 79.3780487804878, "STDEV": 7.232710749623169}, "FGP": {"AVG": 0.4150731707317073, "STDEV": 0.05620767938565965}, "FG3M": {"AVG": 8.768292682926829, "STDEV": 3.2022321708836317}, "FG3A": {"AVG": 26.28048780487805, "STDEV": 5.128652002626711}, "FG3P": {"AVG": 0.33013107452390306, "STDEV": 0.09669620455269273}, "FTM": {"AVG": 18.048780487804876, "STDEV": 6.666485995745166}, "FTA": {"AVG": 24.317073170731707, "STDEV": 24.317073170731707}, "FTP": {"AVG": 0.7380853658536586, "STDEV": 0.7380853658536586}, "OREB": {"AVG": 10.353658536585366, "STDEV": 2.9538505993778266}, "DREB": {"AVG": 30.134146341463413, "STDEV": 5.170577241987283}, "REB": {"AVG": 40.48780487804878, "STDEV": 5.9902057971593585}, "AST": {"AVG": 19.20731707317073, "STDEV": 4.88064407022257}, "BLK": {"AVG": 3.6951219512195124, "STDEV": 1.9980794753669249}, "TOV": {"AVG": 13.475609756097562, "STDEV": 3.570197662875602}, "PF": {"AVG": 21.4390243902439, "STDEV": 4.07369629520545}}