{"Team_ID": 1610612746, "Season": "2002-03", "FGM": {"AVG": 34.573170731707314, "STDEV": 5.166440826139112}, "FGA": {"AVG": 79.14634146341463, "STDEV": 7.31837186106159}, "FGP": {"AVG": 0.4380609756097561, "STDEV": 0.06114127489129362}, "FG3M": {"AVG": 4.7560975609756095, "STDEV": 2.4065803596392508}, "FG3A": {"AVG": 14.365853658536585, "STDEV": 4.443089224274367}, "FG3P": {"AVG": 0.330474533652242, "STDEV": 0.1342992327216179}, "FTM": {"AVG": 19.914634146341463, "STDEV": 6.0963482684454355}, "FTA": {"AVG": 26.548780487804876, "STDEV": 26.548780487804876}, "FTP": {"AVG": 0.7477439024390244, "STDEV": 0.7477439024390244}, "OREB": {"AVG": 12.292682926829269, "STDEV": 4.249873795883764}, "DREB": {"AVG": 30.024390243902438, "STDEV": 5.3030985811956155}, "REB": {"AVG": 42.31707317073171, "STDEV": 6.9564395050321925}, "AST": {"AVG": 19.573170731707318, "STDEV": 4.357568944525523}, "BLK": {"AVG": 5.621951219512195, "STDEV": 2.417223404082752}, "TOV": {"AVG": 15.195121951219512, "STDEV": 3.879159334886635}, "PF": {"AVG": 21.75609756097561, "STDEV": 3.666871966002591}}