{"Team_ID": 1610612763, "Season": "2002-03", "FGM": {"AVG": 37.18292682926829, "STDEV": 5.911127921405687}, "FGA": {"AVG": 82.23170731707317, "STDEV": 7.2099019367790635}, "FGP": {"AVG": 0.45271951219512196, "STDEV": 0.06498628048758415}, "FG3M": {"AVG": 5.695121951219512, "STDEV": 2.5900523107842077}, "FG3A": {"AVG": 15.597560975609756, "STDEV": 4.8147401147704}, "FG3P": {"AVG": 0.3637527081698038, "STDEV": 0.1275092700931628}, "FTM": {"AVG": 17.4390243902439, "STDEV": 5.326610487293809}, "FTA": {"AVG": 23.609756097560975, "STDEV": 23.609756097560975}, "FTP": {"AVG": 0.7460365853658536, "STDEV": 0.7460365853658536}, "OREB": {"AVG": 11.5, "STDEV": 4.306899431847624}, "DREB": {"AVG": 30.073170731707318, "STDEV": 5.079079550627449}, "REB": {"AVG": 41.573170731707314, "STDEV": 6.283489020185132}, "AST": {"AVG": 23.073170731707318, "STDEV": 5.355925500834642}, "BLK": {"AVG": 6.097560975609756, "STDEV": 2.8267232528296655}, "TOV": {"AVG": 14.804878048780488, "STDEV": 3.9889941935658815}, "PF": {"AVG": 20.463414634146343, "STDEV": 4.7614582317419005}}