{"Team_ID": 1610612762, "Season": "2002-03", "FGM": {"AVG": 35.292682926829265, "STDEV": 4.284591413102978}, "FGA": {"AVG": 75.47560975609755, "STDEV": 7.335396359234049}, "FGP": {"AVG": 0.4689878048780488, "STDEV": 0.0505438310952842}, "FG3M": {"AVG": 2.731707317073171, "STDEV": 1.6927498301146588}, "FG3A": {"AVG": 7.817073170731708, "STDEV": 3.031228609568872}, "FG3P": {"AVG": 0.3474005330712648, "STDEV": 0.19478905113560385}, "FTM": {"AVG": 21.341463414634145, "STDEV": 6.212729886836634}, "FTA": {"AVG": 28.646341463414632, "STDEV": 28.646341463414632}, "FTP": {"AVG": 0.7442073170731707, "STDEV": 0.7442073170731707}, "OREB": {"AVG": 12.451219512195122, "STDEV": 3.6519990771988824}, "DREB": {"AVG": 29.036585365853657, "STDEV": 4.702101242802092}, "REB": {"AVG": 41.48780487804878, "STDEV": 5.875758742576449}, "AST": {"AVG": 25.646341463414632, "STDEV": 4.56062577257977}, "BLK": {"AVG": 5.695121951219512, "STDEV": 3.00899484628078}, "TOV": {"AVG": 15.902439024390244, "STDEV": 4.08130261249452}, "PF": {"AVG": 22.402439024390244, "STDEV": 3.854962349810734}}