{"Team_ID": 1610612747, "Season": "2002-03", "FGM": {"AVG": 37.69512195121951, "STDEV": 4.6072648601005275}, "FGA": {"AVG": 83.60975609756098, "STDEV": 7.1763605370034975}, "FGP": {"AVG": 0.45332926829268294, "STDEV": 0.058442766109836945}, "FG3M": {"AVG": 5.926829268292683, "STDEV": 2.8011482998319295}, "FG3A": {"AVG": 16.670731707317074, "STDEV": 4.956738468803659}, "FG3P": {"AVG": 0.3580196051443967, "STDEV": 0.12986527898224762}, "FTM": {"AVG": 19.048780487804876, "STDEV": 5.239692854593557}, "FTA": {"AVG": 25.963414634146343, "STDEV": 25.963414634146343}, "FTP": {"AVG": 0.7361585365853659, "STDEV": 0.7361585365853659}, "OREB": {"AVG": 13.146341463414634, "STDEV": 3.665393554129573}, "DREB": {"AVG": 31.146341463414632, "STDEV": 4.551819474005815}, "REB": {"AVG": 44.292682926829265, "STDEV": 5.976265411491846}, "AST": {"AVG": 23.28048780487805, "STDEV": 5.097262374032358}, "BLK": {"AVG": 5.7317073170731705, "STDEV": 2.780215732316002}, "TOV": {"AVG": 14.048780487804878, "STDEV": 4.064001673909658}, "PF": {"AVG": 22.853658536585368, "STDEV": 4.274881995973003}}