{"Team_ID": 1610612765, "Season": "2002-03", "FGM": {"AVG": 32.926829268292686, "STDEV": 4.126937966923721}, "FGA": {"AVG": 76.54878048780488, "STDEV": 6.914205164900056}, "FGP": {"AVG": 0.43109756097560975, "STDEV": 0.04687272226725422}, "FG3M": {"AVG": 6.5, "STDEV": 2.4507494444569753}, "FG3A": {"AVG": 18.146341463414632, "STDEV": 4.899286799241551}, "FG3P": {"AVG": 0.35849572396041574, "STDEV": 0.10201611594452369}, "FTM": {"AVG": 19.01219512195122, "STDEV": 6.16740516586805}, "FTA": {"AVG": 24.646341463414632, "STDEV": 24.646341463414632}, "FTP": {"AVG": 0.7673170731707317, "STDEV": 0.7673170731707317}, "OREB": {"AVG": 10.768292682926829, "STDEV": 3.6659890972870173}, "DREB": {"AVG": 29.817073170731707, "STDEV": 5.084782546986204}, "REB": {"AVG": 40.58536585365854, "STDEV": 6.802234962259286}, "AST": {"AVG": 19.75609756097561, "STDEV": 3.753388512224345}, "BLK": {"AVG": 5.7073170731707314, "STDEV": 2.46700600707906}, "TOV": {"AVG": 12.71951219512195, "STDEV": 4.257960997692925}, "PF": {"AVG": 21.317073170731707, "STDEV": 4.216013121013176}}