{"Team_ID": 1610612745, "Season": "2002-03", "FGM": {"AVG": 34.63414634146341, "STDEV": 4.694394332729121}, "FGA": {"AVG": 78.79268292682927, "STDEV": 7.0197917820727085}, "FGP": {"AVG": 0.44120731707317074, "STDEV": 0.057805065736592706}, "FG3M": {"AVG": 5.353658536585366, "STDEV": 2.94547969733206}, "FG3A": {"AVG": 15.451219512195122, "STDEV": 5.416373072440772}, "FG3P": {"AVG": 0.33457745886508294, "STDEV": 0.1417777843188575}, "FTM": {"AVG": 19.134146341463413, "STDEV": 6.060929715427892}, "FTA": {"AVG": 24.926829268292682, "STDEV": 24.926829268292682}, "FTP": {"AVG": 0.7704390243902439, "STDEV": 0.7704390243902439}, "OREB": {"AVG": 12.487804878048781, "STDEV": 4.937245451951465}, "DREB": {"AVG": 31.26829268292683, "STDEV": 4.5624575911786645}, "REB": {"AVG": 43.75609756097561, "STDEV": 6.812408750069147}, "AST": {"AVG": 18.365853658536587, "STDEV": 4.649471482301998}, "BLK": {"AVG": 6.012195121951219, "STDEV": 2.916508577468108}, "TOV": {"AVG": 14.609756097560975, "STDEV": 3.97136695551201}, "PF": {"AVG": 19.536585365853657, "STDEV": 3.900601795770226}}