{"Team_ID": 1610612760, "Season": "2002-03", "FGM": {"AVG": 35.207317073170735, "STDEV": 4.607395570993025}, "FGA": {"AVG": 80.47560975609755, "STDEV": 6.138776991953746}, "FGP": {"AVG": 0.43803658536585366, "STDEV": 0.05120485247114172}, "FG3M": {"AVG": 5.560975609756097, "STDEV": 2.806947117929827}, "FG3A": {"AVG": 15.74390243902439, "STDEV": 5.307369615664423}, "FG3P": {"AVG": 0.3499247250353947, "STDEV": 0.14032546584039376}, "FTM": {"AVG": 16.158536585365855, "STDEV": 5.4466424411155385}, "FTA": {"AVG": 21.70731707317073, "STDEV": 21.70731707317073}, "FTP": {"AVG": 0.7479024390243902, "STDEV": 0.7479024390243902}, "OREB": {"AVG": 11.74390243902439, "STDEV": 3.6474614057469794}, "DREB": {"AVG": 29.085365853658537, "STDEV": 5.212049712941892}, "REB": {"AVG": 40.829268292682926, "STDEV": 6.593683618094323}, "AST": {"AVG": 21.646341463414632, "STDEV": 4.140650486320295}, "BLK": {"AVG": 3.597560975609756, "STDEV": 1.9867446920892264}, "TOV": {"AVG": 12.512195121951219, "STDEV": 2.965829688170777}, "PF": {"AVG": 20.878048780487806, "STDEV": 4.428834375263656}}