{"Team_ID": 1610612757, "Season": "2002-03", "FGM": {"AVG": 36.426829268292686, "STDEV": 5.331088619759138}, "FGA": {"AVG": 79.15853658536585, "STDEV": 7.422803557066099}, "FGP": {"AVG": 0.4615365853658537, "STDEV": 0.06256930875495485}, "FG3M": {"AVG": 4.621951219512195, "STDEV": 2.1696005429824186}, "FG3A": {"AVG": 14.024390243902438, "STDEV": 4.11253912062476}, "FG3P": {"AVG": 0.33097471515664145, "STDEV": 0.1353969447928509}, "FTM": {"AVG": 17.682926829268293, "STDEV": 5.9272920737815245}, "FTA": {"AVG": 23.74390243902439, "STDEV": 23.74390243902439}, "FTP": {"AVG": 0.7426463414634147, "STDEV": 0.7426463414634147}, "OREB": {"AVG": 12.097560975609756, "STDEV": 4.069184879389953}, "DREB": {"AVG": 29, "STDEV": 4.7945442245314265}, "REB": {"AVG": 41.09756097560975, "STDEV": 5.876527395037918}, "AST": {"AVG": 22.682926829268293, "STDEV": 5.013261545931279}, "BLK": {"AVG": 3.8536585365853657, "STDEV": 2.006913675086005}, "TOV": {"AVG": 14.451219512195122, "STDEV": 3.5141774199482065}, "PF": {"AVG": 19.926829268292682, "STDEV": 3.7210793860990536}}