{"Team_ID": 1610612764, "Season": "2002-03", "FGM": {"AVG": 34.34146341463415, "STDEV": 4.917139367597118}, "FGA": {"AVG": 77.97560975609755, "STDEV": 6.635065118729445}, "FGP": {"AVG": 0.4415121951219512, "STDEV": 0.05918213024892703}, "FG3M": {"AVG": 3.0853658536585367, "STDEV": 2.013541928807679}, "FG3A": {"AVG": 9.890243902439025, "STDEV": 3.9378069272841834}, "FG3P": {"AVG": 0.30060837990111944, "STDEV": 0.1585424198183186}, "FTM": {"AVG": 19.71951219512195, "STDEV": 6.502182710907337}, "FTA": {"AVG": 25.329268292682926, "STDEV": 25.329268292682926}, "FTP": {"AVG": 0.7783292682926829, "STDEV": 0.7783292682926829}, "OREB": {"AVG": 11.182926829268293, "STDEV": 3.3816061958359}, "DREB": {"AVG": 29.20731707317073, "STDEV": 4.898318695876329}, "REB": {"AVG": 40.390243902439025, "STDEV": 6.2336325885007975}, "AST": {"AVG": 19.658536585365855, "STDEV": 4.389154737926177}, "BLK": {"AVG": 4.7560975609756095, "STDEV": 2.3389402243495656}, "TOV": {"AVG": 12.621951219512194, "STDEV": 3.519400355428268}, "PF": {"AVG": 20.048780487804876, "STDEV": 4.130292905119891}}