{"Team_ID": 1610612755, "Season": "1992-93", "FGM": {"AVG": 39.329268292682926, "STDEV": 5.792832689548844}, "FGA": {"AVG": 86.28048780487805, "STDEV": 8.393522473443145}, "FGP": {"AVG": 0.4563536585365854, "STDEV": 0.0542939807388863}, "FG3M": {"AVG": 4.024390243902439, "STDEV": 2.3932807677921724}, "FG3A": {"AVG": 11.475609756097562, "STDEV": 4.535798920347943}, "FG3P": {"AVG": 0.3532011552614011, "STDEV": 0.17369261751663997}, "FTM": {"AVG": 21.658536585365855, "STDEV": 5.896681452560073}, "FTA": {"AVG": 27.548780487804876, "STDEV": 27.548780487804876}, "FTP": {"AVG": 0.7870609756097561, "STDEV": 0.7870609756097561}, "OREB": {"AVG": 12.573170731707316, "STDEV": 4.046124461219156}, "DREB": {"AVG": 29.646341463414632, "STDEV": 5.090227750172867}, "REB": {"AVG": 42.21951219512195, "STDEV": 6.8601990221353075}, "AST": {"AVG": 24.853658536585368, "STDEV": 5.44131872001884}, "BLK": {"AVG": 6.902439024390244, "STDEV": 3.1568454175114806}, "TOV": {"AVG": 15.939024390243903, "STDEV": 4.167326054419334}, "PF": {"AVG": 19.5609756097561, "STDEV": 4.732596606660352}}