{"Team_ID": 1610612738, "Season": "1992-93", "FGM": {"AVG": 42.109756097560975, "STDEV": 6.594060360547408}, "FGA": {"AVG": 86.5, "STDEV": 7.409120172354816}, "FGP": {"AVG": 0.4868780487804878, "STDEV": 0.06389389163870308}, "FG3M": {"AVG": 1.3414634146341464, "STDEV": 1.3537283878340227}, "FG3A": {"AVG": 4.670731707317073, "STDEV": 2.5774658721682644}, "FG3P": {"AVG": 0.2605660261148066, "STDEV": 0.22709959447086053}, "FTM": {"AVG": 18.121951219512194, "STDEV": 6.102802925963335}, "FTA": {"AVG": 23.317073170731707, "STDEV": 23.317073170731707}, "FTP": {"AVG": 0.7754756097560975, "STDEV": 0.7754756097560975}, "OREB": {"AVG": 13.121951219512194, "STDEV": 3.9577716760276096}, "DREB": {"AVG": 29.70731707317073, "STDEV": 4.694330188952923}, "REB": {"AVG": 42.829268292682926, "STDEV": 6.413344263578852}, "AST": {"AVG": 24.378048780487806, "STDEV": 5.6843737375118595}, "BLK": {"AVG": 5.5, "STDEV": 2.6770630673681683}, "TOV": {"AVG": 13.841463414634147, "STDEV": 3.8856161219030807}, "PF": {"AVG": 22.70731707317073, "STDEV": 3.9078515611713494}}