{"Team_ID": 1610612737, "Season": "1992-93", "FGM": {"AVG": 41.36585365853659, "STDEV": 6.029786547256899}, "FGA": {"AVG": 88.6829268292683, "STDEV": 8.009065925994468}, "FGP": {"AVG": 0.4670487804878049, "STDEV": 0.057530861806710534}, "FG3M": {"AVG": 4.658536585365853, "STDEV": 2.1269552352409913}, "FG3A": {"AVG": 13.121951219512194, "STDEV": 4.001204275204163}, "FG3P": {"AVG": 0.355954388559916, "STDEV": 0.13164603004949293}, "FTM": {"AVG": 20.097560975609756, "STDEV": 7.18298702627903}, "FTA": {"AVG": 27.085365853658537, "STDEV": 27.085365853658537}, "FTP": {"AVG": 0.7388536585365854, "STDEV": 0.7388536585365854}, "OREB": {"AVG": 15.731707317073171, "STDEV": 4.634941848391465}, "DREB": {"AVG": 28.585365853658537, "STDEV": 5.130281005737598}, "REB": {"AVG": 44.31707317073171, "STDEV": 6.11994926304412}, "AST": {"AVG": 25.414634146341463, "STDEV": 5.977222649796424}, "BLK": {"AVG": 3.3902439024390243, "STDEV": 1.8308474564837394}, "TOV": {"AVG": 15.768292682926829, "STDEV": 3.8531653830110497}, "PF": {"AVG": 22.036585365853657, "STDEV": 4.324621219269217}}