{"Team_ID": 1610612766, "Season": "1992-93", "FGM": {"AVG": 42.829268292682926, "STDEV": 4.66879548811537}, "FGA": {"AVG": 87.92682926829268, "STDEV": 7.7678992628731445}, "FGP": {"AVG": 0.4885731707317073, "STDEV": 0.049665804240040225}, "FG3M": {"AVG": 2.1341463414634148, "STDEV": 1.4551924493823956}, "FG3A": {"AVG": 6.560975609756097, "STDEV": 2.596757526939849}, "FG3P": {"AVG": 0.3251004415638562, "STDEV": 0.18816706930955523}, "FTM": {"AVG": 22.329268292682926, "STDEV": 6.196484224295677}, "FTA": {"AVG": 28.951219512195124, "STDEV": 28.951219512195124}, "FTP": {"AVG": 0.7701341463414634, "STDEV": 0.7701341463414634}, "OREB": {"AVG": 13.353658536585366, "STDEV": 3.716403249989318}, "DREB": {"AVG": 30.585365853658537, "STDEV": 5.678530542645509}, "REB": {"AVG": 43.9390243902439, "STDEV": 6.905620471627673}, "AST": {"AVG": 26.353658536585368, "STDEV": 4.972447421888415}, "BLK": {"AVG": 5.7682926829268295, "STDEV": 2.7946102468497553}, "TOV": {"AVG": 15.670731707317072, "STDEV": 4.030914113919701}, "PF": {"AVG": 21.829268292682926, "STDEV": 4.042383107325386}}