{"Team_ID": 1610612762, "Season": "1992-93", "FGM": {"AVG": 40.68292682926829, "STDEV": 4.094193566203595}, "FGA": {"AVG": 83.26829268292683, "STDEV": 6.522607939546283}, "FGP": {"AVG": 0.49017073170731706, "STDEV": 0.04992137147877843}, "FG3M": {"AVG": 1.5853658536585367, "STDEV": 1.4311457855719567}, "FG3A": {"AVG": 5.048780487804878, "STDEV": 3.0303096000585756}, "FG3P": {"AVG": 0.3019075775173336, "STDEV": 0.2718683258162306}, "FTM": {"AVG": 23.25609756097561, "STDEV": 7.390034958085271}, "FTA": {"AVG": 30.378048780487806, "STDEV": 30.378048780487806}, "FTP": {"AVG": 0.7690243902439025, "STDEV": 0.7690243902439025}, "OREB": {"AVG": 12.695121951219512, "STDEV": 3.7439301473060707}, "DREB": {"AVG": 30.036585365853657, "STDEV": 5.271505329907197}, "REB": {"AVG": 42.73170731707317, "STDEV": 6.2658170828510675}, "AST": {"AVG": 26.548780487804876, "STDEV": 4.732739762011346}, "BLK": {"AVG": 4.182926829268292, "STDEV": 2.534347013473767}, "TOV": {"AVG": 15.134146341463415, "STDEV": 3.6809895178024665}, "PF": {"AVG": 23.963414634146343, "STDEV": 4.651948010789871}}