{"Team_ID": 1610612758, "Season": "1992-93", "FGM": {"AVG": 40.97560975609756, "STDEV": 5.370186583778538}, "FGA": {"AVG": 88.58536585365853, "STDEV": 8.527299978670097}, "FGP": {"AVG": 0.46414634146341466, "STDEV": 0.0552017896362288}, "FG3M": {"AVG": 3.1951219512195124, "STDEV": 1.7528743547279173}, "FG3A": {"AVG": 9.609756097560975, "STDEV": 3.268843181042234}, "FG3P": {"AVG": 0.32623571231892606, "STDEV": 0.1513856848621971}, "FTM": {"AVG": 22.74390243902439, "STDEV": 6.816485057093152}, "FTA": {"AVG": 29.841463414634145, "STDEV": 29.841463414634145}, "FTP": {"AVG": 0.7634146341463415, "STDEV": 0.7634146341463415}, "OREB": {"AVG": 13.865853658536585, "STDEV": 4.399108201212389}, "DREB": {"AVG": 27.817073170731707, "STDEV": 4.766467358642005}, "REB": {"AVG": 41.68292682926829, "STDEV": 5.864473598471779}, "AST": {"AVG": 25.304878048780488, "STDEV": 4.855158957589629}, "BLK": {"AVG": 4.2439024390243905, "STDEV": 2.312398015687814}, "TOV": {"AVG": 16.378048780487806, "STDEV": 4.319465684556392}, "PF": {"AVG": 25.426829268292682, "STDEV": 4.602818481158128}}