{"Team_ID": 1610612747, "Season": "1992-93", "FGM": {"AVG": 40.353658536585364, "STDEV": 5.229007297189595}, "FGA": {"AVG": 85.29268292682927, "STDEV": 8.129336912624803}, "FGP": {"AVG": 0.47447560975609754, "STDEV": 0.0551485593220949}, "FG3M": {"AVG": 2.2804878048780486, "STDEV": 1.7232927872864903}, "FG3A": {"AVG": 7.634146341463414, "STDEV": 3.945656136650805}, "FG3P": {"AVG": 0.28492077824932915, "STDEV": 0.18406337733680028}, "FTM": {"AVG": 21.23170731707317, "STDEV": 6.057948111422426}, "FTA": {"AVG": 28.097560975609756, "STDEV": 28.097560975609756}, "FTP": {"AVG": 0.762670731707317, "STDEV": 0.762670731707317}, "OREB": {"AVG": 13.451219512195122, "STDEV": 3.6856493105161814}, "DREB": {"AVG": 27.902439024390244, "STDEV": 4.561269468350093}, "REB": {"AVG": 41.353658536585364, "STDEV": 5.382578094527905}, "AST": {"AVG": 24.548780487804876, "STDEV": 5.470803401005567}, "BLK": {"AVG": 5.170731707317073, "STDEV": 2.7388601668486356}, "TOV": {"AVG": 15, "STDEV": 3.678432301610411}, "PF": {"AVG": 21.682926829268293, "STDEV": 3.9090842247336433}}