{"Team_ID": 1610612751, "Season": "1992-93", "FGM": {"AVG": 39.90243902439025, "STDEV": 5.332429914451044}, "FGA": {"AVG": 86.39024390243902, "STDEV": 8.734430377182662}, "FGP": {"AVG": 0.4634756097560976, "STDEV": 0.05548645160173791}, "FG3M": {"AVG": 1.8902439024390243, "STDEV": 1.7847508908097822}, "FG3A": {"AVG": 5.951219512195122, "STDEV": 2.884194643456466}, "FG3P": {"AVG": 0.30306749483578754, "STDEV": 0.2476694168311413}, "FTM": {"AVG": 21.121951219512194, "STDEV": 6.898542060862739}, "FTA": {"AVG": 27.536585365853657, "STDEV": 27.536585365853657}, "FTP": {"AVG": 0.7672682926829268, "STDEV": 0.7672682926829268}, "OREB": {"AVG": 15.74390243902439, "STDEV": 5.032759289340036}, "DREB": {"AVG": 30.5609756097561, "STDEV": 5.254269424437898}, "REB": {"AVG": 46.30487804878049, "STDEV": 7.210570129322824}, "AST": {"AVG": 22.829268292682926, "STDEV": 5.173066235107511}, "BLK": {"AVG": 6.378048780487805, "STDEV": 3.0251629642969733}, "TOV": {"AVG": 15.926829268292684, "STDEV": 4.156745188616138}, "PF": {"AVG": 23.073170731707318, "STDEV": 4.829897853902584}}