{"Team_ID": 1610612754, "Season": "1992-93", "FGM": {"AVG": 41.109756097560975, "STDEV": 5.7841974966729754}, "FGA": {"AVG": 85.63414634146342, "STDEV": 7.738810632326594}, "FGP": {"AVG": 0.48021951219512193, "STDEV": 0.05338979057863697}, "FG3M": {"AVG": 3.1341463414634148, "STDEV": 1.998531529552656}, "FG3A": {"AVG": 9.621951219512194, "STDEV": 3.8956773889246454}, "FG3P": {"AVG": 0.3239106141334226, "STDEV": 0.15356396463694336}, "FTM": {"AVG": 22.402439024390244, "STDEV": 6.273321439154232}, "FTA": {"AVG": 29.25609756097561, "STDEV": 29.25609756097561}, "FTP": {"AVG": 0.7683170731707317, "STDEV": 0.7683170731707317}, "OREB": {"AVG": 14.878048780487806, "STDEV": 4.456622881034913}, "DREB": {"AVG": 29.9390243902439, "STDEV": 5.587348055714273}, "REB": {"AVG": 44.81707317073171, "STDEV": 7.398912247014718}, "AST": {"AVG": 26.146341463414632, "STDEV": 5.743750121846369}, "BLK": {"AVG": 4.890243902439025, "STDEV": 2.3360095634474436}, "TOV": {"AVG": 14.768292682926829, "STDEV": 4.425790800475711}, "PF": {"AVG": 24.9390243902439, "STDEV": 3.7592603717496944}}