{"Team_ID": 1610612756, "Season": "1992-93", "FGM": {"AVG": 42.609756097560975, "STDEV": 4.834945063487037}, "FGA": {"AVG": 86.5, "STDEV": 7.352248333370926}, "FGP": {"AVG": 0.49378048780487804, "STDEV": 0.04952690362293163}, "FG3M": {"AVG": 4.853658536585366, "STDEV": 2.299339417856023}, "FG3A": {"AVG": 13.353658536585366, "STDEV": 3.9201031455928197}, "FG3P": {"AVG": 0.36241618440296414, "STDEV": 0.14889973333738898}, "FTM": {"AVG": 23.317073170731707, "STDEV": 6.478603051642598}, "FTA": {"AVG": 30.963414634146343, "STDEV": 30.963414634146343}, "FTP": {"AVG": 0.7518048780487805, "STDEV": 0.7518048780487805}, "OREB": {"AVG": 13.914634146341463, "STDEV": 4.519371800309963}, "DREB": {"AVG": 30.609756097560975, "STDEV": 4.765503866357785}, "REB": {"AVG": 44.52439024390244, "STDEV": 6.75355527724965}, "AST": {"AVG": 25.451219512195124, "STDEV": 4.848704648257545}, "BLK": {"AVG": 5.548780487804878, "STDEV": 2.4552912830360567}, "TOV": {"AVG": 16.121951219512194, "STDEV": 3.5185232729488156}, "PF": {"AVG": 21.20731707317073, "STDEV": 4.390612333565277}}