{"Team_ID": 1610612760, "Season": "1992-93", "FGM": {"AVG": 42.353658536585364, "STDEV": 6.490966089177493}, "FGA": {"AVG": 87.07317073170732, "STDEV": 8.15101370323004}, "FGP": {"AVG": 0.48671951219512194, "STDEV": 0.059356066055095726}, "FG3M": {"AVG": 2.658536585365854, "STDEV": 1.7793015150224079}, "FG3A": {"AVG": 7.439024390243903, "STDEV": 2.906347081375943}, "FG3P": {"AVG": 0.3484318188586481, "STDEV": 0.1809688178015472}, "FTM": {"AVG": 20.975609756097562, "STDEV": 6.2971198781196644}, "FTA": {"AVG": 27.548780487804876, "STDEV": 27.548780487804876}, "FTP": {"AVG": 0.7587195121951219, "STDEV": 0.7587195121951219}, "OREB": {"AVG": 14.902439024390244, "STDEV": 4.754750077417867}, "DREB": {"AVG": 27.48780487804878, "STDEV": 5.464235914956171}, "REB": {"AVG": 42.390243902439025, "STDEV": 6.699467636047198}, "AST": {"AVG": 23.24390243902439, "STDEV": 4.88778011570694}, "BLK": {"AVG": 4.987804878048781, "STDEV": 2.4869729850008544}, "TOV": {"AVG": 14.951219512195122, "STDEV": 3.9091612533004994}, "PF": {"AVG": 24.036585365853657, "STDEV": 3.8759948844747663}}