{"Team_ID": 1610612757, "Season": "1992-93", "FGM": {"AVG": 40.98780487804878, "STDEV": 5.100215203493987}, "FGA": {"AVG": 89.53658536585365, "STDEV": 8.50736082438769}, "FGP": {"AVG": 0.4598170731707317, "STDEV": 0.057510520357772286}, "FG3M": {"AVG": 3.3536585365853657, "STDEV": 1.9140284659280848}, "FG3A": {"AVG": 10.28048780487805, "STDEV": 3.6116218108749587}, "FG3P": {"AVG": 0.32450241453110895, "STDEV": 0.14332258431404005}, "FTM": {"AVG": 23.182926829268293, "STDEV": 6.6427869519055855}, "FTA": {"AVG": 31.121951219512194, "STDEV": 31.121951219512194}, "FTP": {"AVG": 0.7486219512195121, "STDEV": 0.7486219512195121}, "OREB": {"AVG": 14.951219512195122, "STDEV": 4.948880504469249}, "DREB": {"AVG": 30.573170731707318, "STDEV": 5.242350070987926}, "REB": {"AVG": 45.52439024390244, "STDEV": 6.790017381668506}, "AST": {"AVG": 24.01219512195122, "STDEV": 5.3136068112134005}, "BLK": {"AVG": 5.158536585365853, "STDEV": 2.263339127222835}, "TOV": {"AVG": 14.524390243902438, "STDEV": 3.715917080219113}, "PF": {"AVG": 23.073170731707318, "STDEV": 4.334132370220086}}