{"Team_ID": 1610612744, "Season": "1992-93", "FGM": {"AVG": 42.36585365853659, "STDEV": 5.482885144628144}, "FGA": {"AVG": 87.95121951219512, "STDEV": 8.496771266264586}, "FGP": {"AVG": 0.4827439024390244, "STDEV": 0.053334678449613794}, "FG3M": {"AVG": 3.6341463414634148, "STDEV": 2.0458461084127118}, "FG3A": {"AVG": 10.390243902439025, "STDEV": 3.5512338233594587}, "FG3P": {"AVG": 0.3455514276891608, "STDEV": 0.14793062197284765}, "FTM": {"AVG": 21.5609756097561, "STDEV": 6.817004086506561}, "FTA": {"AVG": 30.0609756097561, "STDEV": 30.0609756097561}, "FTP": {"AVG": 0.7181585365853659, "STDEV": 0.7181585365853659}, "OREB": {"AVG": 14.865853658536585, "STDEV": 3.927623586858621}, "DREB": {"AVG": 29.073170731707318, "STDEV": 5.369737993481523}, "REB": {"AVG": 43.9390243902439, "STDEV": 6.79750782395149}, "AST": {"AVG": 24.51219512195122, "STDEV": 5.109284462088973}, "BLK": {"AVG": 4.670731707317073, "STDEV": 2.7979484461614543}, "TOV": {"AVG": 17.134146341463413, "STDEV": 3.6977210035770804}, "PF": {"AVG": 25.073170731707318, "STDEV": 4.739590251094349}}