{"Team_ID": 1610612764, "Season": "1992-93", "FGM": {"AVG": 40.26829268292683, "STDEV": 5.008754756381613}, "FGA": {"AVG": 86.15853658536585, "STDEV": 8.33921201860449}, "FGP": {"AVG": 0.46957317073170735, "STDEV": 0.058199535547721434}, "FG3M": {"AVG": 2.1219512195121952, "STDEV": 1.518529534848885}, "FG3A": {"AVG": 7.048780487804878, "STDEV": 3.2314138595151234}, "FG3P": {"AVG": 0.2976956478480869, "STDEV": 0.20676231385540408}, "FTM": {"AVG": 19.20731707317073, "STDEV": 6.508755366177311}, "FTA": {"AVG": 25.695121951219512, "STDEV": 25.695121951219512}, "FTP": {"AVG": 0.7464756097560976, "STDEV": 0.7464756097560976}, "OREB": {"AVG": 12.573170731707316, "STDEV": 4.2369057187122126}, "DREB": {"AVG": 28.25609756097561, "STDEV": 4.718785613839295}, "REB": {"AVG": 40.829268292682926, "STDEV": 6.247577067238226}, "AST": {"AVG": 25.73170731707317, "STDEV": 5.418415741510339}, "BLK": {"AVG": 4.378048780487805, "STDEV": 2.0884174639577995}, "TOV": {"AVG": 15.560975609756097, "STDEV": 4.145792336594201}, "PF": {"AVG": 21.890243902439025, "STDEV": 4.28320319030125}}