{"Team_ID": 1610612762, "Season": "2003-04", "FGM": {"AVG": 32.80487804878049, "STDEV": 4.158700605439761}, "FGA": {"AVG": 75.26829268292683, "STDEV": 6.7110536798274865}, "FGP": {"AVG": 0.43702439024390244, "STDEV": 0.05121317722255226}, "FG3M": {"AVG": 3.073170731707317, "STDEV": 1.8444477095344463}, "FG3A": {"AVG": 9.585365853658537, "STDEV": 3.369988165390053}, "FG3P": {"AVG": 0.31889575831469663, "STDEV": 0.17047800505436322}, "FTM": {"AVG": 19.98780487804878, "STDEV": 5.473829775020579}, "FTA": {"AVG": 26.78048780487805, "STDEV": 26.78048780487805}, "FTP": {"AVG": 0.7479146341463415, "STDEV": 0.7479146341463415}, "OREB": {"AVG": 13.451219512195122, "STDEV": 4.346567935212453}, "DREB": {"AVG": 27.70731707317073, "STDEV": 4.47899846851274}, "REB": {"AVG": 41.15853658536585, "STDEV": 6.094866312138644}, "AST": {"AVG": 20.378048780487806, "STDEV": 3.743769289288303}, "BLK": {"AVG": 6.024390243902439, "STDEV": 2.7575960623993563}, "TOV": {"AVG": 15.304878048780488, "STDEV": 3.3247631471947434}, "PF": {"AVG": 25.5609756097561, "STDEV": 4.480678853371673}}