{"Team_ID": 1610612758, "Season": "2003-04", "FGM": {"AVG": 37.84146341463415, "STDEV": 4.937809561341657}, "FGA": {"AVG": 81.84146341463415, "STDEV": 6.864597876410374}, "FGP": {"AVG": 0.4641829268292683, "STDEV": 0.06106202635789981}, "FG3M": {"AVG": 7.329268292682927, "STDEV": 2.7354773797331275}, "FG3A": {"AVG": 18.26829268292683, "STDEV": 4.866232300473131}, "FG3P": {"AVG": 0.4016441048415529, "STDEV": 0.11481802661397297}, "FTM": {"AVG": 19.829268292682926, "STDEV": 6.658893390525909}, "FTA": {"AVG": 24.926829268292682, "STDEV": 24.926829268292682}, "FTP": {"AVG": 0.7980121951219512, "STDEV": 0.7980121951219512}, "OREB": {"AVG": 10.829268292682928, "STDEV": 3.8739550659573103}, "DREB": {"AVG": 30.390243902439025, "STDEV": 4.752533041457739}, "REB": {"AVG": 41.21951219512195, "STDEV": 5.862676231774604}, "AST": {"AVG": 26.24390243902439, "STDEV": 5.2483059597506765}, "BLK": {"AVG": 3.9634146341463414, "STDEV": 2.301073941173156}, "TOV": {"AVG": 13.5, "STDEV": 3.3305543971826364}, "PF": {"AVG": 19.341463414634145, "STDEV": 4.656654636096556}}