{"Team_ID": 1610612752, "Season": "2003-04", "FGM": {"AVG": 35.13414634146341, "STDEV": 4.926026107613285}, "FGA": {"AVG": 79.42682926829268, "STDEV": 7.1076909966475155}, "FGP": {"AVG": 0.44315853658536586, "STDEV": 0.056467726937484385}, "FG3M": {"AVG": 4.951219512195122, "STDEV": 2.7482988634021477}, "FG3A": {"AVG": 13.597560975609756, "STDEV": 4.580850522401026}, "FG3P": {"AVG": 0.35830657704709706, "STDEV": 0.1466860503253176}, "FTM": {"AVG": 16.75609756097561, "STDEV": 5.992919640502852}, "FTA": {"AVG": 21.121951219512194, "STDEV": 21.121951219512194}, "FTP": {"AVG": 0.7931341463414634, "STDEV": 0.7931341463414634}, "OREB": {"AVG": 11.585365853658537, "STDEV": 3.835993342828822}, "DREB": {"AVG": 31.01219512195122, "STDEV": 4.9677823813667485}, "REB": {"AVG": 42.59756097560975, "STDEV": 5.972901265990684}, "AST": {"AVG": 20.670731707317074, "STDEV": 4.455693758036114}, "BLK": {"AVG": 4.7682926829268295, "STDEV": 2.342831359162811}, "TOV": {"AVG": 15.28048780487805, "STDEV": 4.131404538751005}, "PF": {"AVG": 23.134146341463413, "STDEV": 4.153719722595079}}