{"Team_ID": 1610612753, "Season": "2003-04", "FGM": {"AVG": 35.41463414634146, "STDEV": 5.192471329383914}, "FGA": {"AVG": 82.53658536585365, "STDEV": 7.947660766107002}, "FGP": {"AVG": 0.4296463414634146, "STDEV": 0.05224830836678452}, "FG3M": {"AVG": 5.2317073170731705, "STDEV": 2.554583295669511}, "FG3A": {"AVG": 15.21951219512195, "STDEV": 4.608163422609822}, "FG3P": {"AVG": 0.3417488395078073, "STDEV": 0.13220255374301354}, "FTM": {"AVG": 17.975609756097562, "STDEV": 5.2984405107380015}, "FTA": {"AVG": 24.390243902439025, "STDEV": 24.390243902439025}, "FTP": {"AVG": 0.7356463414634147, "STDEV": 0.7356463414634147}, "OREB": {"AVG": 12.231707317073171, "STDEV": 4.573943325283858}, "DREB": {"AVG": 28.658536585365855, "STDEV": 5.190731322187541}, "REB": {"AVG": 40.890243902439025, "STDEV": 6.995600200268695}, "AST": {"AVG": 19.317073170731707, "STDEV": 4.586286721936879}, "BLK": {"AVG": 3.7560975609756095, "STDEV": 2.117306556002872}, "TOV": {"AVG": 12.963414634146341, "STDEV": 3.1601106479738204}, "PF": {"AVG": 21.26829268292683, "STDEV": 4.416715668457183}}