{"Team_ID": 1610612765, "Season": "2003-04", "FGM": {"AVG": 33.5, "STDEV": 4.420072062425797}, "FGA": {"AVG": 77, "STDEV": 6.417568479197178}, "FGP": {"AVG": 0.4360487804878049, "STDEV": 0.05393226259959537}, "FG3M": {"AVG": 4.060975609756097, "STDEV": 2.2572110015615756}, "FG3A": {"AVG": 11.804878048780488, "STDEV": 4.290209999148777}, "FG3P": {"AVG": 0.3404660145579877, "STDEV": 0.14701320406703475}, "FTM": {"AVG": 19.036585365853657, "STDEV": 6.418424717222084}, "FTA": {"AVG": 25.29268292682927, "STDEV": 25.29268292682927}, "FTP": {"AVG": 0.7540731707317073, "STDEV": 0.7540731707317073}, "OREB": {"AVG": 12.365853658536585, "STDEV": 4.188497462177273}, "DREB": {"AVG": 30.390243902439025, "STDEV": 4.531797391112953}, "REB": {"AVG": 42.75609756097561, "STDEV": 6.350971492924889}, "AST": {"AVG": 20.75609756097561, "STDEV": 5.369233284598316}, "BLK": {"AVG": 6.951219512195122, "STDEV": 3.0908165009552953}, "TOV": {"AVG": 14.378048780487806, "STDEV": 3.6637707213778614}, "PF": {"AVG": 20.29268292682927, "STDEV": 3.844148366498817}}