{"Team_ID": 1610612761, "Season": "2003-04", "FGM": {"AVG": 32.36585365853659, "STDEV": 5.056500998584906}, "FGA": {"AVG": 77.41463414634147, "STDEV": 6.010179060030945}, "FGP": {"AVG": 0.41754878048780486, "STDEV": 0.0522579434422693}, "FG3M": {"AVG": 5.621951219512195, "STDEV": 2.9549717213764155}, "FG3A": {"AVG": 15.78048780487805, "STDEV": 4.331978107863651}, "FG3P": {"AVG": 0.3483739406305348, "STDEV": 0.12845910444089242}, "FTM": {"AVG": 15.085365853658537, "STDEV": 5.573750692135314}, "FTA": {"AVG": 20.121951219512194, "STDEV": 20.121951219512194}, "FTP": {"AVG": 0.7470853658536586, "STDEV": 0.7470853658536586}, "OREB": {"AVG": 10.121951219512194, "STDEV": 3.4761630752866224}, "DREB": {"AVG": 29.5, "STDEV": 4.701588909252375}, "REB": {"AVG": 39.6219512195122, "STDEV": 5.460611470084712}, "AST": {"AVG": 19.195121951219512, "STDEV": 4.67575576353737}, "BLK": {"AVG": 4.902439024390244, "STDEV": 2.437412897323419}, "TOV": {"AVG": 13.292682926829269, "STDEV": 3.2678297433551764}, "PF": {"AVG": 21.317073170731707, "STDEV": 4.253910470481983}}