{"Team_ID": 1610612745, "Season": "2003-04", "FGM": {"AVG": 33.390243902439025, "STDEV": 4.591339398328267}, "FGA": {"AVG": 75.54878048780488, "STDEV": 5.831274639950355}, "FGP": {"AVG": 0.44234146341463415, "STDEV": 0.053929817106500744}, "FG3M": {"AVG": 6.280487804878049, "STDEV": 2.709263442540059}, "FG3A": {"AVG": 17.146341463414632, "STDEV": 5.294119615124616}, "FG3P": {"AVG": 0.3652327868108098, "STDEV": 0.10612506022060836}, "FTM": {"AVG": 16.71951219512195, "STDEV": 6.753644448692544}, "FTA": {"AVG": 21.634146341463413, "STDEV": 21.634146341463413}, "FTP": {"AVG": 0.7728780487804878, "STDEV": 0.7728780487804878}, "OREB": {"AVG": 10.329268292682928, "STDEV": 3.506800722859289}, "DREB": {"AVG": 32.28048780487805, "STDEV": 4.688505487863481}, "REB": {"AVG": 42.609756097560975, "STDEV": 5.512625458522465}, "AST": {"AVG": 19.25609756097561, "STDEV": 4.755272513928342}, "BLK": {"AVG": 5.402439024390244, "STDEV": 2.4588452378389904}, "TOV": {"AVG": 15.792682926829269, "STDEV": 3.7242541879211357}, "PF": {"AVG": 21.48780487804878, "STDEV": 4.260771107510141}}