{"Team_ID": 1610612759, "Season": "2003-04", "FGM": {"AVG": 34.65853658536585, "STDEV": 5.620112718423074}, "FGA": {"AVG": 78.46341463414635, "STDEV": 7.389006050785763}, "FGP": {"AVG": 0.44215853658536586, "STDEV": 0.05991464494857213}, "FG3M": {"AVG": 4.975609756097561, "STDEV": 2.048640680049341}, "FG3A": {"AVG": 13.902439024390244, "STDEV": 3.5332975403412816}, "FG3P": {"AVG": 0.3582069261393285, "STDEV": 0.12368345365119239}, "FTM": {"AVG": 17.182926829268293, "STDEV": 5.848135819428374}, "FTA": {"AVG": 25.23170731707317, "STDEV": 25.23170731707317}, "FTP": {"AVG": 0.6812439024390244, "STDEV": 0.6812439024390244}, "OREB": {"AVG": 12.548780487804878, "STDEV": 3.7945784554971604}, "DREB": {"AVG": 32.548780487804876, "STDEV": 4.866495276090091}, "REB": {"AVG": 45.09756097560975, "STDEV": 5.962039911275626}, "AST": {"AVG": 20.4390243902439, "STDEV": 5.060370261609615}, "BLK": {"AVG": 6.548780487804878, "STDEV": 2.6017678653741547}, "TOV": {"AVG": 14.085365853658537, "STDEV": 4.33248202324979}, "PF": {"AVG": 20.329268292682926, "STDEV": 4.268908201844162}}