{"Team_ID": 1610612750, "Season": "2003-04", "FGM": {"AVG": 36.98780487804878, "STDEV": 5.264589141201326}, "FGA": {"AVG": 80.13414634146342, "STDEV": 6.816396707725073}, "FGP": {"AVG": 0.462219512195122, "STDEV": 0.057850386938160685}, "FG3M": {"AVG": 3.975609756097561, "STDEV": 2.006013242673185}, "FG3A": {"AVG": 10.939024390243903, "STDEV": 3.782179008029695}, "FG3P": {"AVG": 0.3616122708393153, "STDEV": 0.14153577628049174}, "FTM": {"AVG": 16.597560975609756, "STDEV": 5.732428343944501}, "FTA": {"AVG": 21.25609756097561, "STDEV": 21.25609756097561}, "FTP": {"AVG": 0.7836829268292683, "STDEV": 0.7836829268292683}, "OREB": {"AVG": 10.670731707317072, "STDEV": 3.751723482297731}, "DREB": {"AVG": 32.25609756097561, "STDEV": 5.494803326353239}, "REB": {"AVG": 42.926829268292686, "STDEV": 6.326078667217485}, "AST": {"AVG": 23.048780487804876, "STDEV": 5.168524012688539}, "BLK": {"AVG": 5.634146341463414, "STDEV": 2.4520698997244343}, "TOV": {"AVG": 12.24390243902439, "STDEV": 3.5156123594573514}, "PF": {"AVG": 21.109756097560975, "STDEV": 4.082501343995834}}