{"Team_ID": 1610612744, "Season": "2003-04", "FGM": {"AVG": 35.0609756097561, "STDEV": 4.7306397160272695}, "FGA": {"AVG": 79.40243902439025, "STDEV": 6.975901651705016}, "FGP": {"AVG": 0.4425487804878049, "STDEV": 0.054058530793768794}, "FG3M": {"AVG": 5.2317073170731705, "STDEV": 2.855788060088376}, "FG3A": {"AVG": 15.646341463414634, "STDEV": 4.643785044151403}, "FG3P": {"AVG": 0.32936380785497954, "STDEV": 0.14275572313532797}, "FTM": {"AVG": 17.926829268292682, "STDEV": 6.247528870108284}, "FTA": {"AVG": 24.73170731707317, "STDEV": 24.73170731707317}, "FTP": {"AVG": 0.7229512195121951, "STDEV": 0.7229512195121951}, "OREB": {"AVG": 12.21951219512195, "STDEV": 4.349043857580432}, "DREB": {"AVG": 30.890243902439025, "STDEV": 5.030784484786619}, "REB": {"AVG": 43.109756097560975, "STDEV": 7.286053136654134}, "AST": {"AVG": 20.5, "STDEV": 4.329770615199714}, "BLK": {"AVG": 4.7439024390243905, "STDEV": 2.407862509967618}, "TOV": {"AVG": 14.073170731707316, "STDEV": 3.582469276719476}, "PF": {"AVG": 20.621951219512194, "STDEV": 3.8253225278446172}}