{"Team_ID": 1610612764, "Season": "2003-04", "FGM": {"AVG": 33.63414634146341, "STDEV": 4.877542882529315}, "FGA": {"AVG": 79.95121951219512, "STDEV": 6.829316685852542}, "FGP": {"AVG": 0.4208780487804878, "STDEV": 0.05048099269335175}, "FG3M": {"AVG": 5.280487804878049, "STDEV": 2.807724751044379}, "FG3A": {"AVG": 15.475609756097562, "STDEV": 5.087446689758843}, "FG3P": {"AVG": 0.33105746487770704, "STDEV": 0.12809395360944048}, "FTM": {"AVG": 19.25609756097561, "STDEV": 5.546238800292548}, "FTA": {"AVG": 26.963414634146343, "STDEV": 26.963414634146343}, "FTP": {"AVG": 0.7208048780487805, "STDEV": 0.7208048780487805}, "OREB": {"AVG": 13.597560975609756, "STDEV": 4.233493015645593}, "DREB": {"AVG": 29.170731707317074, "STDEV": 5.532853343859861}, "REB": {"AVG": 42.76829268292683, "STDEV": 7.054109703977411}, "AST": {"AVG": 18.74390243902439, "STDEV": 4.814615033031226}, "BLK": {"AVG": 4.951219512195122, "STDEV": 2.2382888030891652}, "TOV": {"AVG": 16.71951219512195, "STDEV": 3.9480402709864704}, "PF": {"AVG": 20.878048780487806, "STDEV": 4.649147655594197}}