{"Team_ID": 1610612749, "Season": "1997-98", "FGM": {"AVG": 35.58536585365854, "STDEV": 4.827777699813821}, "FGA": {"AVG": 78.03658536585365, "STDEV": 7.624594904359554}, "FGP": {"AVG": 0.45758536585365855, "STDEV": 0.05704924258475417}, "FG3M": {"AVG": 3.0365853658536586, "STDEV": 2.093170092427412}, "FG3A": {"AVG": 8.573170731707316, "STDEV": 3.644818706409083}, "FG3P": {"AVG": 0.35287371245047, "STDEV": 0.1828242984605641}, "FTM": {"AVG": 20.28048780487805, "STDEV": 6.072147280708438}, "FTA": {"AVG": 26.426829268292682, "STDEV": 26.426829268292682}, "FTP": {"AVG": 0.7676951219512195, "STDEV": 0.7676951219512195}, "OREB": {"AVG": 12.621951219512194, "STDEV": 3.6906295889757326}, "DREB": {"AVG": 27.26829268292683, "STDEV": 5.277599483509606}, "REB": {"AVG": 39.890243902439025, "STDEV": 6.664825852449626}, "AST": {"AVG": 20.109756097560975, "STDEV": 4.886378389660145}, "BLK": {"AVG": 4.353658536585366, "STDEV": 2.1680733394929366}, "TOV": {"AVG": 16.20731707317073, "STDEV": 4.0574205905773075}, "PF": {"AVG": 23.353658536585368, "STDEV": 4.261142115545648}}