{"Team_ID": 1610612741, "Season": "1997-98", "FGM": {"AVG": 37.36585365853659, "STDEV": 4.12014681244462}, "FGA": {"AVG": 82.9390243902439, "STDEV": 7.390931315003643}, "FGP": {"AVG": 0.4525, "STDEV": 0.05044254768827553}, "FG3M": {"AVG": 3.792682926829268, "STDEV": 2.2702466547783016}, "FG3A": {"AVG": 11.731707317073171, "STDEV": 4.876369780304483}, "FG3P": {"AVG": 0.31246470005538374, "STDEV": 0.15996655245536462}, "FTM": {"AVG": 18.195121951219512, "STDEV": 6.978696019536346}, "FTA": {"AVG": 24.5, "STDEV": 24.5}, "FTP": {"AVG": 0.738609756097561, "STDEV": 0.738609756097561}, "OREB": {"AVG": 15.158536585365853, "STDEV": 5.215053027428571}, "DREB": {"AVG": 29.73170731707317, "STDEV": 4.901621753513188}, "REB": {"AVG": 44.890243902439025, "STDEV": 7.3686122745980756}, "AST": {"AVG": 23.804878048780488, "STDEV": 4.759497391221373}, "BLK": {"AVG": 4.304878048780488, "STDEV": 2.129678723757594}, "TOV": {"AVG": 13.304878048780488, "STDEV": 3.9430796524338843}, "PF": {"AVG": 20.621951219512194, "STDEV": 4.364956532252673}}