{"Team_ID": 1610612763, "Season": "1997-98", "FGM": {"AVG": 36.65853658536585, "STDEV": 4.243279398554913}, "FGA": {"AVG": 80.08536585365853, "STDEV": 7.680665511790291}, "FGP": {"AVG": 0.4598170731707317, "STDEV": 0.05319475701649518}, "FG3M": {"AVG": 3.9634146341463414, "STDEV": 2.2957024904637513}, "FG3A": {"AVG": 10.951219512195122, "STDEV": 3.5586876448613256}, "FG3P": {"AVG": 0.350748720391173, "STDEV": 0.15519535629381156}, "FTM": {"AVG": 19.341463414634145, "STDEV": 5.85043949429637}, "FTA": {"AVG": 26.158536585365855, "STDEV": 26.158536585365855}, "FTP": {"AVG": 0.7383170731707317, "STDEV": 0.7383170731707317}, "OREB": {"AVG": 13.182926829268293, "STDEV": 4.097961097310926}, "DREB": {"AVG": 28.20731707317073, "STDEV": 4.63677677766331}, "REB": {"AVG": 41.390243902439025, "STDEV": 6.111628458022705}, "AST": {"AVG": 23.902439024390244, "STDEV": 4.660338980140428}, "BLK": {"AVG": 4.2560975609756095, "STDEV": 2.45860030243927}, "TOV": {"AVG": 16.51219512195122, "STDEV": 4.366663563581098}, "PF": {"AVG": 22.0609756097561, "STDEV": 4.176204080012888}}