{"Team_ID": 1610612737, "Season": "1997-98", "FGM": {"AVG": 35.207317073170735, "STDEV": 5.042382850578055}, "FGA": {"AVG": 77.46341463414635, "STDEV": 7.348797032573157}, "FGP": {"AVG": 0.4554146341463415, "STDEV": 0.05564258765528083}, "FG3M": {"AVG": 4.109756097560975, "STDEV": 2.7487644701968703}, "FG3A": {"AVG": 12.390243902439025, "STDEV": 4.710786407995218}, "FG3P": {"AVG": 0.31485062478801173, "STDEV": 0.1539427031377058}, "FTM": {"AVG": 21.329268292682926, "STDEV": 6.60911244867487}, "FTA": {"AVG": 28.21951219512195, "STDEV": 28.21951219512195}, "FTP": {"AVG": 0.7565121951219512, "STDEV": 0.7565121951219512}, "OREB": {"AVG": 13.487804878048781, "STDEV": 4.184757474687299}, "DREB": {"AVG": 29.475609756097562, "STDEV": 5.49573484399122}, "REB": {"AVG": 42.96341463414634, "STDEV": 7.1930095041776925}, "AST": {"AVG": 19.134146341463413, "STDEV": 4.980857666048177}, "BLK": {"AVG": 5.987804878048781, "STDEV": 2.7554386285184194}, "TOV": {"AVG": 14.121951219512194, "STDEV": 3.8566608851150335}, "PF": {"AVG": 20.378048780487806, "STDEV": 3.6805804826072084}}