{"Team_ID": 1610612753, "Season": "1997-98", "FGM": {"AVG": 33.792682926829265, "STDEV": 5.194341187037989}, "FGA": {"AVG": 78.71951219512195, "STDEV": 6.777366818586449}, "FGP": {"AVG": 0.4295609756097561, "STDEV": 0.05783140621423144}, "FG3M": {"AVG": 3.573170731707317, "STDEV": 2.1489617809358346}, "FG3A": {"AVG": 11.060975609756097, "STDEV": 3.755974864743234}, "FG3P": {"AVG": 0.31488888203048515, "STDEV": 0.1581092475351619}, "FTM": {"AVG": 18.926829268292682, "STDEV": 5.779445246146628}, "FTA": {"AVG": 26.073170731707318, "STDEV": 26.073170731707318}, "FTP": {"AVG": 0.7289390243902439, "STDEV": 0.7289390243902439}, "OREB": {"AVG": 14.365853658536585, "STDEV": 3.785978664421603}, "DREB": {"AVG": 26.865853658536587, "STDEV": 4.612816806670305}, "REB": {"AVG": 41.23170731707317, "STDEV": 6.224798634231948}, "AST": {"AVG": 20.658536585365855, "STDEV": 4.922158294531248}, "BLK": {"AVG": 5.378048780487805, "STDEV": 2.710930066370503}, "TOV": {"AVG": 14.926829268292684, "STDEV": 4.279669099372105}, "PF": {"AVG": 19.71951219512195, "STDEV": 3.9386479796063076}}