{"Team_ID": 1610612743, "Season": "1997-98", "FGM": {"AVG": 32.646341463414636, "STDEV": 4.7567287006246195}, "FGA": {"AVG": 78.1951219512195, "STDEV": 7.099711391091623}, "FGP": {"AVG": 0.4190731707317073, "STDEV": 0.059769883924851684}, "FG3M": {"AVG": 3.5121951219512195, "STDEV": 1.9829140698403884}, "FG3A": {"AVG": 10.890243902439025, "STDEV": 3.6750950187127542}, "FG3P": {"AVG": 0.31272100250368917, "STDEV": 0.13714675910600377}, "FTM": {"AVG": 20.21951219512195, "STDEV": 6.946043176405645}, "FTA": {"AVG": 26.182926829268293, "STDEV": 26.182926829268293}, "FTP": {"AVG": 0.7733048780487805, "STDEV": 0.7733048780487805}, "OREB": {"AVG": 12.682926829268293, "STDEV": 3.9436714384356404}, "DREB": {"AVG": 26.304878048780488, "STDEV": 5.054490789925145}, "REB": {"AVG": 38.98780487804878, "STDEV": 6.374125749667048}, "AST": {"AVG": 18.865853658536587, "STDEV": 4.716040908947143}, "BLK": {"AVG": 4.7926829268292686, "STDEV": 2.693099572171596}, "TOV": {"AVG": 14.804878048780488, "STDEV": 4.229347859691566}, "PF": {"AVG": 23.621951219512194, "STDEV": 4.05712372696011}}