{"Team_ID": 1610612750, "Season": "1997-98", "FGM": {"AVG": 38.5, "STDEV": 5.0753580424694436}, "FGA": {"AVG": 83.46341463414635, "STDEV": 7.549335874561661}, "FGP": {"AVG": 0.46257317073170734, "STDEV": 0.05647134758852774}, "FG3M": {"AVG": 3.6951219512195124, "STDEV": 2.3396160093836014}, "FG3A": {"AVG": 10.646341463414634, "STDEV": 3.662866553416341}, "FG3P": {"AVG": 0.3326857973425972, "STDEV": 0.1496492424870673}, "FTM": {"AVG": 20.402439024390244, "STDEV": 6.954632093645534}, "FTA": {"AVG": 27.475609756097562, "STDEV": 27.475609756097562}, "FTP": {"AVG": 0.7404878048780488, "STDEV": 0.7404878048780488}, "OREB": {"AVG": 12.963414634146341, "STDEV": 3.860036211533656}, "DREB": {"AVG": 29.621951219512194, "STDEV": 5.63419945982982}, "REB": {"AVG": 42.58536585365854, "STDEV": 7.011368580432174}, "AST": {"AVG": 25.21951219512195, "STDEV": 5.047978180393215}, "BLK": {"AVG": 5.2073170731707314, "STDEV": 2.366107418942875}, "TOV": {"AVG": 13.512195121951219, "STDEV": 3.709327257360576}, "PF": {"AVG": 22.951219512195124, "STDEV": 4.794293003979798}}