{"Team_ID": 1610612757, "Season": "1997-98", "FGM": {"AVG": 35.10344827586207, "STDEV": 5.1356670082945115}, "FGA": {"AVG": 77.91379310344827, "STDEV": 6.341964062257776}, "FGP": {"AVG": 0.4506551724137931, "STDEV": 0.056186891061552204}, "FG3M": {"AVG": 3.5689655172413794, "STDEV": 1.8171895493974208}, "FG3A": {"AVG": 12.275862068965518, "STDEV": 4.5951656650672765}, "FG3P": {"AVG": 0.3022068684507009, "STDEV": 0.1257472623453163}, "FTM": {"AVG": 19.862068965517242, "STDEV": 7.404238416034164}, "FTA": {"AVG": 26.689655172413794, "STDEV": 26.689655172413794}, "FTP": {"AVG": 0.7437413793103448, "STDEV": 0.7437413793103448}, "OREB": {"AVG": 12.931034482758621, "STDEV": 3.302641521015252}, "DREB": {"AVG": 30.43103448275862, "STDEV": 4.924382832344763}, "REB": {"AVG": 43.36206896551724, "STDEV": 6.077563788986127}, "AST": {"AVG": 21.75862068965517, "STDEV": 5.106962378047492}, "BLK": {"AVG": 5.241379310344827, "STDEV": 2.9037806259727947}, "TOV": {"AVG": 15.775862068965518, "STDEV": 3.8618380472837384}, "PF": {"AVG": 21.689655172413794, "STDEV": 4.3172721104302765}}