{"Team_ID": 1610612755, "Season": "2009-10", "FGM": {"AVG": 37.646341463414636, "STDEV": 4.514371977484694}, "FGA": {"AVG": 81.78048780487805, "STDEV": 5.7799662313591345}, "FGP": {"AVG": 0.46184146341463417, "STDEV": 0.05773427197769918}, "FG3M": {"AVG": 5.780487804878049, "STDEV": 2.7801074241785875}, "FG3A": {"AVG": 16.841463414634145, "STDEV": 4.330396475433567}, "FG3P": {"AVG": 0.3412929361008904, "STDEV": 0.13333904310223527}, "FTM": {"AVG": 16.658536585365855, "STDEV": 5.303666358692259}, "FTA": {"AVG": 22.048780487804876, "STDEV": 22.048780487804876}, "FTP": {"AVG": 0.7502073170731707, "STDEV": 0.7502073170731707}, "OREB": {"AVG": 11.475609756097562, "STDEV": 4.119287993600913}, "DREB": {"AVG": 29.524390243902438, "STDEV": 5.24516381543683}, "REB": {"AVG": 41, "STDEV": 6.854754140083191}, "AST": {"AVG": 21.01219512195122, "STDEV": 4.344697072618}, "BLK": {"AVG": 5.353658536585366, "STDEV": 2.491327928018756}, "TOV": {"AVG": 13.841463414634147, "STDEV": 3.2564068367296044}, "PF": {"AVG": 20.451219512195124, "STDEV": 3.4035291742702016}}