{"Team_ID": 1610612749, "Season": "2009-10", "FGM": {"AVG": 37.19512195121951, "STDEV": 4.603914127520872}, "FGA": {"AVG": 85.34146341463415, "STDEV": 6.930375993568115}, "FGP": {"AVG": 0.43673170731707317, "STDEV": 0.04923063604549654}, "FG3M": {"AVG": 7.865853658536586, "STDEV": 2.4432431145081304}, "FG3A": {"AVG": 22.109756097560975, "STDEV": 4.626830228619647}, "FG3P": {"AVG": 0.3572236398043184, "STDEV": 0.0890941961219704}, "FTM": {"AVG": 15.414634146341463, "STDEV": 5.316991675918121}, "FTA": {"AVG": 20.426829268292682, "STDEV": 20.426829268292682}, "FTP": {"AVG": 0.7477073170731707, "STDEV": 0.7477073170731707}, "OREB": {"AVG": 11.768292682926829, "STDEV": 3.5808088626468177}, "DREB": {"AVG": 31.21951219512195, "STDEV": 5.045531919599885}, "REB": {"AVG": 42.98780487804878, "STDEV": 5.6163207991960435}, "AST": {"AVG": 21.21951219512195, "STDEV": 4.505207933552102}, "BLK": {"AVG": 4.695121951219512, "STDEV": 2.3184127413524283}, "TOV": {"AVG": 12.682926829268293, "STDEV": 3.593128039145148}, "PF": {"AVG": 22.23170731707317, "STDEV": 4.128488141321496}}