{"Team_ID": 1610612746, "Season": "2009-10", "FGM": {"AVG": 36.609756097560975, "STDEV": 3.9307464737644606}, "FGA": {"AVG": 80.5, "STDEV": 6.935772363018047}, "FGP": {"AVG": 0.4575365853658537, "STDEV": 0.05841215735159874}, "FG3M": {"AVG": 5.890243902439025, "STDEV": 2.548328416345694}, "FG3A": {"AVG": 17.76829268292683, "STDEV": 4.8107358860293905}, "FG3P": {"AVG": 0.3292993889356652, "STDEV": 0.11514705156820866}, "FTM": {"AVG": 16.609756097560975, "STDEV": 5.997439983820619}, "FTA": {"AVG": 22.76829268292683, "STDEV": 22.76829268292683}, "FTP": {"AVG": 0.7237073170731707, "STDEV": 0.7237073170731707}, "OREB": {"AVG": 11.304878048780488, "STDEV": 4.150528820658535}, "DREB": {"AVG": 30.51219512195122, "STDEV": 5.207411390850175}, "REB": {"AVG": 41.81707317073171, "STDEV": 6.890910185147179}, "AST": {"AVG": 22.073170731707318, "STDEV": 4.561731552888034}, "BLK": {"AVG": 5.682926829268292, "STDEV": 2.6099432318715845}, "TOV": {"AVG": 14.926829268292684, "STDEV": 3.640582261817293}, "PF": {"AVG": 19.28048780487805, "STDEV": 3.9977598364241422}}