{"Team_ID": 1610612763, "Season": "2009-10", "FGM": {"AVG": 39.30487804878049, "STDEV": 5.283772091584618}, "FGA": {"AVG": 83.84146341463415, "STDEV": 7.156917593274118}, "FGP": {"AVG": 0.46895121951219515, "STDEV": 0.04931328482491128}, "FG3M": {"AVG": 4.195121951219512, "STDEV": 2.3593210175719284}, "FG3A": {"AVG": 12.439024390243903, "STDEV": 3.922387660897471}, "FG3P": {"AVG": 0.3322274956271711, "STDEV": 0.1428125011939114}, "FTM": {"AVG": 19.682926829268293, "STDEV": 5.376854945569115}, "FTA": {"AVG": 26.853658536585368, "STDEV": 26.853658536585368}, "FTP": {"AVG": 0.7366219512195122, "STDEV": 0.7366219512195122}, "OREB": {"AVG": 13.048780487804878, "STDEV": 3.9123181187539724}, "DREB": {"AVG": 30.4390243902439, "STDEV": 4.439156746126647}, "REB": {"AVG": 43.48780487804878, "STDEV": 6.311353482120314}, "AST": {"AVG": 18.817073170731707, "STDEV": 4.289315030011052}, "BLK": {"AVG": 4.865853658536586, "STDEV": 2.3081294608295724}, "TOV": {"AVG": 14.475609756097562, "STDEV": 3.55980860130546}, "PF": {"AVG": 20.182926829268293, "STDEV": 3.718914114645673}}