{"Team_ID": 1610612748, "Season": "2009-10", "FGM": {"AVG": 36.390243902439025, "STDEV": 4.923503965449999}, "FGA": {"AVG": 79.48780487804878, "STDEV": 6.427648423626925}, "FGP": {"AVG": 0.4593536585365854, "STDEV": 0.06249017146447705}, "FG3M": {"AVG": 6.024390243902439, "STDEV": 2.671179559837058}, "FG3A": {"AVG": 17.390243902439025, "STDEV": 4.602082452840251}, "FG3P": {"AVG": 0.34201430314056275, "STDEV": 0.12485085892570741}, "FTM": {"AVG": 17.70731707317073, "STDEV": 5.543292699073913}, "FTA": {"AVG": 23.548780487804876, "STDEV": 23.548780487804876}, "FTP": {"AVG": 0.756219512195122, "STDEV": 0.756219512195122}, "OREB": {"AVG": 10.670731707317072, "STDEV": 3.0633431187075426}, "DREB": {"AVG": 31.134146341463413, "STDEV": 5.3420350196492805}, "REB": {"AVG": 41.80487804878049, "STDEV": 6.209190767317774}, "AST": {"AVG": 18.878048780487806, "STDEV": 4.576888381515366}, "BLK": {"AVG": 5.573170731707317, "STDEV": 2.3414171492468214}, "TOV": {"AVG": 12.329268292682928, "STDEV": 3.107358363820378}, "PF": {"AVG": 20.853658536585368, "STDEV": 3.5836458131436526}}