{"Team_ID": 1610612751, "Season": "2009-10", "FGM": {"AVG": 34.30487804878049, "STDEV": 4.983154398844378}, "FGA": {"AVG": 79.92682926829268, "STDEV": 6.909968622617077}, "FGP": {"AVG": 0.42959756097560975, "STDEV": 0.05319214175604327}, "FG3M": {"AVG": 4.597560975609756, "STDEV": 2.3352360289809866}, "FG3A": {"AVG": 14.451219512195122, "STDEV": 4.400203247338261}, "FG3P": {"AVG": 0.31776036657707124, "STDEV": 0.13077154000624822}, "FTM": {"AVG": 19.170731707317074, "STDEV": 5.458722497970238}, "FTA": {"AVG": 24.573170731707318, "STDEV": 24.573170731707318}, "FTP": {"AVG": 0.7799390243902439, "STDEV": 0.7799390243902439}, "OREB": {"AVG": 10.939024390243903, "STDEV": 3.342016693501797}, "DREB": {"AVG": 28.75609756097561, "STDEV": 5.000150554794452}, "REB": {"AVG": 39.69512195121951, "STDEV": 5.951841761615867}, "AST": {"AVG": 18.78048780487805, "STDEV": 4.833076341172621}, "BLK": {"AVG": 4.7926829268292686, "STDEV": 2.350402145145047}, "TOV": {"AVG": 13.512195121951219, "STDEV": 4.019225103249779}, "PF": {"AVG": 20.036585365853657, "STDEV": 3.632654105560753}}