{"Team_ID": 1610612754, "Season": "2009-10", "FGM": {"AVG": 36.829268292682926, "STDEV": 4.918608851925663}, "FGA": {"AVG": 83.20731707317073, "STDEV": 6.836246542300264}, "FGP": {"AVG": 0.4430609756097561, "STDEV": 0.05149957390713715}, "FG3M": {"AVG": 8.036585365853659, "STDEV": 3.104934829443581}, "FG3A": {"AVG": 23.121951219512194, "STDEV": 4.777494161872612}, "FG3P": {"AVG": 0.3469237803686132, "STDEV": 0.1085350750799374}, "FTM": {"AVG": 19.073170731707318, "STDEV": 6.643999405023123}, "FTA": {"AVG": 24.621951219512194, "STDEV": 24.621951219512194}, "FTP": {"AVG": 0.7769146341463414, "STDEV": 0.7769146341463414}, "OREB": {"AVG": 9.573170731707316, "STDEV": 3.928466819350487}, "DREB": {"AVG": 31.926829268292682, "STDEV": 4.739590251094349}, "REB": {"AVG": 41.5, "STDEV": 6.140836795031266}, "AST": {"AVG": 21.097560975609756, "STDEV": 5.134270612117976}, "BLK": {"AVG": 5.353658536585366, "STDEV": 2.8300501728288663}, "TOV": {"AVG": 14.24390243902439, "STDEV": 3.7500978608128333}, "PF": {"AVG": 22.536585365853657, "STDEV": 4.11019545944532}}