{"Team_ID": 1610612761, "Season": "2009-10", "FGM": {"AVG": 39.01219512195122, "STDEV": 4.720572005617838}, "FGA": {"AVG": 80.86585365853658, "STDEV": 6.9562338950764975}, "FGP": {"AVG": 0.48471951219512194, "STDEV": 0.06283630985979481}, "FG3M": {"AVG": 6.317073170731708, "STDEV": 2.54285757785343}, "FG3A": {"AVG": 17.036585365853657, "STDEV": 4.284468424181451}, "FG3P": {"AVG": 0.37216985682039766, "STDEV": 0.1269207894805185}, "FTM": {"AVG": 19.73170731707317, "STDEV": 6.6611992033611624}, "FTA": {"AVG": 25.829268292682926, "STDEV": 25.829268292682926}, "FTP": {"AVG": 0.761060975609756, "STDEV": 0.761060975609756}, "OREB": {"AVG": 9.829268292682928, "STDEV": 3.701200599501149}, "DREB": {"AVG": 30.573170731707318, "STDEV": 5.310205612733198}, "REB": {"AVG": 40.40243902439025, "STDEV": 6.6292650023622315}, "AST": {"AVG": 22, "STDEV": 5.242278272037978}, "BLK": {"AVG": 4.682926829268292, "STDEV": 2.2436634987926585}, "TOV": {"AVG": 12.890243902439025, "STDEV": 3.600432407367772}, "PF": {"AVG": 22.182926829268293, "STDEV": 4.640476903919953}}