{"Team_ID": 1610612756, "Season": "2009-10", "FGM": {"AVG": 40.71951219512195, "STDEV": 4.643525667346552}, "FGA": {"AVG": 82.78048780487805, "STDEV": 6.442575189142202}, "FGP": {"AVG": 0.4929512195121951, "STDEV": 0.051193629628536914}, "FG3M": {"AVG": 8.902439024390244, "STDEV": 3.3244687911228246}, "FG3A": {"AVG": 21.585365853658537, "STDEV": 5.293721460516759}, "FG3P": {"AVG": 0.40950307037171946, "STDEV": 0.1099561789528157}, "FTM": {"AVG": 19.890243902439025, "STDEV": 5.925475649108031}, "FTA": {"AVG": 25.817073170731707, "STDEV": 25.817073170731707}, "FTP": {"AVG": 0.7677439024390244, "STDEV": 0.7677439024390244}, "OREB": {"AVG": 11.097560975609756, "STDEV": 3.6602966758850752}, "DREB": {"AVG": 31.902439024390244, "STDEV": 4.636435828046593}, "REB": {"AVG": 43, "STDEV": 5.828834243824001}, "AST": {"AVG": 23.317073170731707, "STDEV": 4.961277336472409}, "BLK": {"AVG": 5.097560975609756, "STDEV": 2.8743641534015016}, "TOV": {"AVG": 14.109756097560975, "STDEV": 3.4854409628064675}, "PF": {"AVG": 20.890243902439025, "STDEV": 4.1186300537950835}}