{"Team_ID": 1610612760, "Season": "2009-10", "FGM": {"AVG": 37.353658536585364, "STDEV": 4.582230712405951}, "FGA": {"AVG": 80.84146341463415, "STDEV": 6.759482616249984}, "FGP": {"AVG": 0.46320731707317075, "STDEV": 0.05312150939698789}, "FG3M": {"AVG": 5.097560975609756, "STDEV": 2.5657273706846793}, "FG3A": {"AVG": 14.987804878048781, "STDEV": 4.077925829704178}, "FG3P": {"AVG": 0.33885712554609415, "STDEV": 0.13332498541139767}, "FTM": {"AVG": 21.682926829268293, "STDEV": 5.5818888098866655}, "FTA": {"AVG": 26.951219512195124, "STDEV": 26.951219512195124}, "FTP": {"AVG": 0.8062439024390244, "STDEV": 0.8062439024390244}, "OREB": {"AVG": 11.707317073170731, "STDEV": 3.785899129561045}, "DREB": {"AVG": 31.79268292682927, "STDEV": 4.501680906577362}, "REB": {"AVG": 43.5, "STDEV": 5.303737326605611}, "AST": {"AVG": 19.98780487804878, "STDEV": 4.470738615030689}, "BLK": {"AVG": 5.865853658536586, "STDEV": 2.8577907167581253}, "TOV": {"AVG": 14.195121951219512, "STDEV": 3.1950541423579373}, "PF": {"AVG": 21.25609756097561, "STDEV": 3.99632848663375}}