{"Team_ID": 1610612757, "Season": "2009-10", "FGM": {"AVG": 36.26829268292683, "STDEV": 4.876369780304483}, "FGA": {"AVG": 78.6951219512195, "STDEV": 6.366752034312769}, "FGP": {"AVG": 0.4620609756097561, "STDEV": 0.059474519403654655}, "FG3M": {"AVG": 5.987804878048781, "STDEV": 2.5795678767175705}, "FG3A": {"AVG": 16.926829268292682, "STDEV": 4.38510522644942}, "FG3P": {"AVG": 0.35037063711841443, "STDEV": 0.11284125439112463}, "FTM": {"AVG": 19.585365853658537, "STDEV": 5.704560054908196}, "FTA": {"AVG": 24.79268292682927, "STDEV": 24.79268292682927}, "FTP": {"AVG": 0.7920975609756098, "STDEV": 0.7920975609756098}, "OREB": {"AVG": 11.134146341463415, "STDEV": 3.9682760355561415}, "DREB": {"AVG": 29.0609756097561, "STDEV": 4.767035885663149}, "REB": {"AVG": 40.19512195121951, "STDEV": 6.234984975063314}, "AST": {"AVG": 20.414634146341463, "STDEV": 5.46809199917231}, "BLK": {"AVG": 4.2682926829268295, "STDEV": 2.2827792271042955}, "TOV": {"AVG": 11.524390243902438, "STDEV": 3.9447593293909864}, "PF": {"AVG": 20.914634146341463, "STDEV": 3.719157011588019}}