{"Team_ID": 1610612744, "Season": "2009-10", "FGM": {"AVG": 40.59756097560975, "STDEV": 5.60171877524897}, "FGA": {"AVG": 86.51219512195122, "STDEV": 6.3152644831647065}, "FGP": {"AVG": 0.47035365853658534, "STDEV": 0.06371413238412817}, "FG3M": {"AVG": 7.719512195121951, "STDEV": 3.225187869899324}, "FG3A": {"AVG": 20.573170731707318, "STDEV": 5.94840052742654}, "FG3P": {"AVG": 0.37147197880430577, "STDEV": 0.10888919692915637}, "FTM": {"AVG": 19.890243902439025, "STDEV": 6.036935895096582}, "FTA": {"AVG": 25.426829268292682, "STDEV": 25.426829268292682}, "FTP": {"AVG": 0.7794512195121951, "STDEV": 0.7794512195121951}, "OREB": {"AVG": 9.182926829268293, "STDEV": 3.510576783465167}, "DREB": {"AVG": 29.23170731707317, "STDEV": 5.299193464110294}, "REB": {"AVG": 38.41463414634146, "STDEV": 6.520530197923288}, "AST": {"AVG": 22.426829268292682, "STDEV": 5.2329216346786955}, "BLK": {"AVG": 4.146341463414634, "STDEV": 2.4043271239580317}, "TOV": {"AVG": 14.292682926829269, "STDEV": 3.9110094837744955}, "PF": {"AVG": 23, "STDEV": 3.7151674438445528}}