{"Team_ID": 1610612749, "Season": "1995-96", "FGM": {"AVG": 37, "STDEV": 4.537906190369363}, "FGA": {"AVG": 79.14634146341463, "STDEV": 7.656389167998176}, "FGP": {"AVG": 0.47024390243902436, "STDEV": 0.06214907624744005}, "FG3M": {"AVG": 4.353658536585366, "STDEV": 2.2463795355562097}, "FG3A": {"AVG": 12.878048780487806, "STDEV": 3.782318329835337}, "FG3P": {"AVG": 0.3335662589631668, "STDEV": 0.13276433429045686}, "FTM": {"AVG": 17.21951219512195, "STDEV": 6.100039243435601}, "FTA": {"AVG": 23.341463414634145, "STDEV": 23.341463414634145}, "FTP": {"AVG": 0.7386219512195122, "STDEV": 0.7386219512195122}, "OREB": {"AVG": 11.865853658536585, "STDEV": 3.5892920142424978}, "DREB": {"AVG": 26.390243902439025, "STDEV": 4.663374758402765}, "REB": {"AVG": 38.25609756097561, "STDEV": 6.476569309059829}, "AST": {"AVG": 21.402439024390244, "STDEV": 4.399381988297007}, "BLK": {"AVG": 3.7439024390243905, "STDEV": 2.2760751121811147}, "TOV": {"AVG": 15.134146341463415, "STDEV": 3.8642463533727183}, "PF": {"AVG": 23.695121951219512, "STDEV": 4.276519365813613}}