{"Team_ID": 1610612741, "Season": "1995-96", "FGM": {"AVG": 40.15853658536585, "STDEV": 4.691651403685777}, "FGA": {"AVG": 84.04878048780488, "STDEV": 6.075456471240294}, "FGP": {"AVG": 0.4785243902439024, "STDEV": 0.05227142495577826}, "FG3M": {"AVG": 6.634146341463414, "STDEV": 2.8610288882336437}, "FG3A": {"AVG": 16.451219512195124, "STDEV": 4.439309364105171}, "FG3P": {"AVG": 0.39935237089921355, "STDEV": 0.1300576180853677}, "FTM": {"AVG": 18.23170731707317, "STDEV": 5.713961200834072}, "FTA": {"AVG": 24.4390243902439, "STDEV": 24.4390243902439}, "FTP": {"AVG": 0.7469268292682927, "STDEV": 0.7469268292682927}, "OREB": {"AVG": 15.207317073170731, "STDEV": 3.8609721953525065}, "DREB": {"AVG": 29.402439024390244, "STDEV": 4.399381988297007}, "REB": {"AVG": 44.609756097560975, "STDEV": 5.645398208047993}, "AST": {"AVG": 24.79268292682927, "STDEV": 4.684457634595727}, "BLK": {"AVG": 4.2073170731707314, "STDEV": 2.2096187307452984}, "TOV": {"AVG": 13.829268292682928, "STDEV": 3.8547865965456714}, "PF": {"AVG": 22.036585365853657, "STDEV": 4.8621621008654}}