{"Team_ID": 1610612739, "Season": "1995-96", "FGM": {"AVG": 33.670731707317074, "STDEV": 4.43625600695329}, "FGA": {"AVG": 73.14634146341463, "STDEV": 6.887315145007859}, "FGP": {"AVG": 0.4626829268292683, "STDEV": 0.06398859428628918}, "FG3M": {"AVG": 7.2682926829268295, "STDEV": 3.3922525401265724}, "FG3A": {"AVG": 19.29268292682927, "STDEV": 5.07593646381071}, "FG3P": {"AVG": 0.370617911106229, "STDEV": 0.1336792256617306}, "FTM": {"AVG": 16.524390243902438, "STDEV": 5.443822208787801}, "FTA": {"AVG": 21.646341463414632, "STDEV": 21.646341463414632}, "FTP": {"AVG": 0.7634512195121951, "STDEV": 0.7634512195121951}, "OREB": {"AVG": 10.573170731707316, "STDEV": 3.790926424460913}, "DREB": {"AVG": 25.0609756097561, "STDEV": 4.456504639774994}, "REB": {"AVG": 35.63414634146341, "STDEV": 6.09090030670516}, "AST": {"AVG": 22.170731707317074, "STDEV": 5.2323893417278}, "BLK": {"AVG": 4.146341463414634, "STDEV": 2.7312636754219306}, "TOV": {"AVG": 12.012195121951219, "STDEV": 2.979327550440773}, "PF": {"AVG": 20.548780487804876, "STDEV": 4.280741942800236}}