{"Team_ID": 1610612746, "Season": "1995-96", "FGM": {"AVG": 38.1219512195122, "STDEV": 4.643833675689476}, "FGA": {"AVG": 80.70731707317073, "STDEV": 7.802322865387865}, "FGP": {"AVG": 0.47385365853658534, "STDEV": 0.05296845601043018}, "FG3M": {"AVG": 6.2073170731707314, "STDEV": 2.6468607302583793}, "FG3A": {"AVG": 16.75609756097561, "STDEV": 4.5881247026057}, "FG3P": {"AVG": 0.37078359780950404, "STDEV": 0.13025196980068493}, "FTM": {"AVG": 16.975609756097562, "STDEV": 5.463629711428782}, "FTA": {"AVG": 24.195121951219512, "STDEV": 24.195121951219512}, "FTP": {"AVG": 0.7079878048780488, "STDEV": 0.7079878048780488}, "OREB": {"AVG": 11.939024390243903, "STDEV": 4.047091810529452}, "DREB": {"AVG": 26.70731707317073, "STDEV": 4.895167193144756}, "REB": {"AVG": 38.646341463414636, "STDEV": 6.547776837338983}, "AST": {"AVG": 20.390243902439025, "STDEV": 5.182487361144179}, "BLK": {"AVG": 5.012195121951219, "STDEV": 2.4620271805974445}, "TOV": {"AVG": 15.841463414634147, "STDEV": 4.3926692922402735}, "PF": {"AVG": 24.48780487804878, "STDEV": 4.400459859355959}}