{"Team_ID": 1610612763, "Season": "1995-96", "FGM": {"AVG": 33.80487804878049, "STDEV": 4.258438316862714}, "FGA": {"AVG": 79.0609756097561, "STDEV": 7.722578026935941}, "FGP": {"AVG": 0.42947560975609755, "STDEV": 0.052632015232189105}, "FG3M": {"AVG": 4.536585365853658, "STDEV": 2.2508989806336857}, "FG3A": {"AVG": 13.768292682926829, "STDEV": 4.344142588228358}, "FG3P": {"AVG": 0.3262348395235253, "STDEV": 0.13683424919694692}, "FTM": {"AVG": 17.634146341463413, "STDEV": 6.2548987125488855}, "FTA": {"AVG": 24.365853658536587, "STDEV": 24.365853658536587}, "FTP": {"AVG": 0.7258292682926829, "STDEV": 0.7258292682926829}, "OREB": {"AVG": 11.670731707317072, "STDEV": 3.7648631475424144}, "DREB": {"AVG": 26.463414634146343, "STDEV": 4.661889411781926}, "REB": {"AVG": 38.13414634146341, "STDEV": 6.298661811868858}, "AST": {"AVG": 20.804878048780488, "STDEV": 4.9076383508236585}, "BLK": {"AVG": 4.060975609756097, "STDEV": 2.5931893751132487}, "TOV": {"AVG": 15.609756097560975, "STDEV": 4.325508883388289}, "PF": {"AVG": 22.585365853658537, "STDEV": 4.337465891315551}}