{"Team_ID": 1610612737, "Season": "1995-96", "FGM": {"AVG": 36.40243902439025, "STDEV": 5.1011007190231785}, "FGA": {"AVG": 81.28048780487805, "STDEV": 7.775038232201506}, "FGP": {"AVG": 0.4484268292682927, "STDEV": 0.05188140095574699}, "FG3M": {"AVG": 6.902439024390244, "STDEV": 2.6275358408595504}, "FG3A": {"AVG": 19.451219512195124, "STDEV": 4.688184357350238}, "FG3P": {"AVG": 0.3549273289735907, "STDEV": 0.10474347082027734}, "FTM": {"AVG": 18.573170731707318, "STDEV": 6.13234792366762}, "FTA": {"AVG": 24.536585365853657, "STDEV": 24.536585365853657}, "FTP": {"AVG": 0.7535365853658537, "STDEV": 0.7535365853658537}, "OREB": {"AVG": 14.414634146341463, "STDEV": 4.0883792542066155}, "DREB": {"AVG": 26.195121951219512, "STDEV": 4.882417495690864}, "REB": {"AVG": 40.609756097560975, "STDEV": 6.697624597453872}, "AST": {"AVG": 19.621951219512194, "STDEV": 4.900592667363637}, "BLK": {"AVG": 3.8902439024390243, "STDEV": 2.0123452171808167}, "TOV": {"AVG": 14.426829268292684, "STDEV": 3.708616885721511}, "PF": {"AVG": 20.902439024390244, "STDEV": 4.699907422512351}}