{"Team_ID": 1610612748, "Season": "1995-96", "FGM": {"AVG": 35.390243902439025, "STDEV": 5.137026323268162}, "FGA": {"AVG": 77.41463414634147, "STDEV": 6.96898104302766}, "FGP": {"AVG": 0.45801219512195124, "STDEV": 0.05856061414001125}, "FG3M": {"AVG": 6.7317073170731705, "STDEV": 3.0063668261750838}, "FG3A": {"AVG": 17.78048780487805, "STDEV": 4.29764331124788}, "FG3P": {"AVG": 0.37618923244325014, "STDEV": 0.13266145252177736}, "FTM": {"AVG": 18.9390243902439, "STDEV": 6.5477308499470555}, "FTA": {"AVG": 26.670731707317074, "STDEV": 26.670731707317074}, "FTP": {"AVG": 0.7065731707317073, "STDEV": 0.7065731707317073}, "OREB": {"AVG": 12.182926829268293, "STDEV": 3.9319145237073045}, "DREB": {"AVG": 30.426829268292682, "STDEV": 5.422929115589935}, "REB": {"AVG": 42.609756097560975, "STDEV": 6.993393880260752}, "AST": {"AVG": 21.365853658536587, "STDEV": 5.051615546796962}, "BLK": {"AVG": 5.353658536585366, "STDEV": 2.602809266829617}, "TOV": {"AVG": 16.329268292682926, "STDEV": 4.052296645110015}, "PF": {"AVG": 26.317073170731707, "STDEV": 4.848005950726922}}