{"Team_ID": 1610612752, "Season": "1995-96", "FGM": {"AVG": 36.6219512195122, "STDEV": 4.867732617666799}, "FGA": {"AVG": 77.82926829268293, "STDEV": 7.5208432644625605}, "FGP": {"AVG": 0.4714878048780488, "STDEV": 0.05004793847641714}, "FG3M": {"AVG": 5.914634146341464, "STDEV": 2.736137764166608}, "FG3A": {"AVG": 15.670731707317072, "STDEV": 4.98901231732685}, "FG3P": {"AVG": 0.3744127078859518, "STDEV": 0.12477321674440213}, "FTM": {"AVG": 18.048780487804876, "STDEV": 6.805775396039967}, "FTA": {"AVG": 23.829268292682926, "STDEV": 23.829268292682926}, "FTP": {"AVG": 0.765609756097561, "STDEV": 0.765609756097561}, "OREB": {"AVG": 10.109756097560975, "STDEV": 3.9283901693305907}, "DREB": {"AVG": 29.865853658536587, "STDEV": 5.581632565995058}, "REB": {"AVG": 39.97560975609756, "STDEV": 6.915674823586102}, "AST": {"AVG": 22.21951219512195, "STDEV": 4.583988209764162}, "BLK": {"AVG": 4.597560975609756, "STDEV": 2.4688666670545136}, "TOV": {"AVG": 15, "STDEV": 3.922080576605065}, "PF": {"AVG": 22.73170731707317, "STDEV": 4.2077200667573775}}