{"Team_ID": 1610612753, "Season": "1995-96", "FGM": {"AVG": 39.0609756097561, "STDEV": 5.600589829994893}, "FGA": {"AVG": 80.97560975609755, "STDEV": 7.418654514721152}, "FGP": {"AVG": 0.48271951219512194, "STDEV": 0.056573839958591665}, "FG3M": {"AVG": 7.585365853658536, "STDEV": 2.9057253806847325}, "FG3A": {"AVG": 20.0609756097561, "STDEV": 5.124011644476533}, "FG3P": {"AVG": 0.3786025721648335, "STDEV": 0.11302714792611897}, "FTM": {"AVG": 18.817073170731707, "STDEV": 6.735071372275254}, "FTA": {"AVG": 27.21951219512195, "STDEV": 27.21951219512195}, "FTP": {"AVG": 0.6876829268292682, "STDEV": 0.6876829268292682}, "OREB": {"AVG": 11.78048780487805, "STDEV": 3.845871251749677}, "DREB": {"AVG": 29.28048780487805, "STDEV": 5.048589560385372}, "REB": {"AVG": 41.0609756097561, "STDEV": 6.362210115592956}, "AST": {"AVG": 25.365853658536587, "STDEV": 5.3090004990871345}, "BLK": {"AVG": 4.951219512195122, "STDEV": 2.3721763671050287}, "TOV": {"AVG": 13.853658536585366, "STDEV": 3.6620238323405174}, "PF": {"AVG": 20.841463414634145, "STDEV": 3.9267034903483764}}