{"Team_ID": 1610612743, "Season": "1995-96", "FGM": {"AVG": 36.59756097560975, "STDEV": 5.2395922848109935}, "FGA": {"AVG": 81.1829268292683, "STDEV": 7.967725094389561}, "FGP": {"AVG": 0.451609756097561, "STDEV": 0.053643256015916484}, "FG3M": {"AVG": 4.841463414634147, "STDEV": 2.6502714149156614}, "FG3A": {"AVG": 14, "STDEV": 5.115939748098373}, "FG3P": {"AVG": 0.3400666654855989, "STDEV": 0.1309408279197909}, "FTM": {"AVG": 19.682926829268293, "STDEV": 6.809358209783639}, "FTA": {"AVG": 26.5, "STDEV": 26.5}, "FTP": {"AVG": 0.7353536585365854, "STDEV": 0.7353536585365854}, "OREB": {"AVG": 12.890243902439025, "STDEV": 4.286084568394736}, "DREB": {"AVG": 30.329268292682926, "STDEV": 5.665696819072558}, "REB": {"AVG": 43.21951219512195, "STDEV": 7.34851020467717}, "AST": {"AVG": 22.573170731707318, "STDEV": 5.3886723617550425}, "BLK": {"AVG": 7.280487804878049, "STDEV": 3.0318245748947716}, "TOV": {"AVG": 14.878048780487806, "STDEV": 3.8948850405464563}, "PF": {"AVG": 22.951219512195124, "STDEV": 4.726866837490523}}