{"Team_ID": 1610612765, "Season": "1995-96", "FGM": {"AVG": 34.26829268292683, "STDEV": 4.581359926645871}, "FGA": {"AVG": 74.65853658536585, "STDEV": 6.764503416656217}, "FGP": {"AVG": 0.45976829268292685, "STDEV": 0.05368088120481654}, "FG3M": {"AVG": 6.646341463414634, "STDEV": 2.8300501728288663}, "FG3A": {"AVG": 16.463414634146343, "STDEV": 4.428290426062972}, "FG3P": {"AVG": 0.3946866749303804, "STDEV": 0.1270628645355264}, "FTM": {"AVG": 20.20731707317073, "STDEV": 6.331847398545731}, "FTA": {"AVG": 26.902439024390244, "STDEV": 26.902439024390244}, "FTP": {"AVG": 0.7480731707317073, "STDEV": 0.7480731707317073}, "OREB": {"AVG": 10.78048780487805, "STDEV": 3.4748634940553536}, "DREB": {"AVG": 29.75609756097561, "STDEV": 5.3921776347488155}, "REB": {"AVG": 40.53658536585366, "STDEV": 6.0475382644944}, "AST": {"AVG": 19.634146341463413, "STDEV": 4.71800385474424}, "BLK": {"AVG": 4.2926829268292686, "STDEV": 2.3595762586629085}, "TOV": {"AVG": 14.182926829268293, "STDEV": 3.2475177558909296}, "PF": {"AVG": 23.817073170731707, "STDEV": 4.272010683335256}}