{"Team_ID": 1610612745, "Season": "1995-96", "FGM": {"AVG": 37.53658536585366, "STDEV": 5.077656507064437}, "FGA": {"AVG": 80.95121951219512, "STDEV": 7.219490832264103}, "FGP": {"AVG": 0.4647804878048781, "STDEV": 0.05594331884341417}, "FG3M": {"AVG": 7.7682926829268295, "STDEV": 2.990927765917033}, "FG3A": {"AVG": 21.475609756097562, "STDEV": 5.475479819452993}, "FG3P": {"AVG": 0.36467265408736316, "STDEV": 0.11090248641898542}, "FTM": {"AVG": 19.646341463414632, "STDEV": 6.689538453545913}, "FTA": {"AVG": 25.682926829268293, "STDEV": 25.682926829268293}, "FTP": {"AVG": 0.7644634146341464, "STDEV": 0.7644634146341464}, "OREB": {"AVG": 11.207317073170731, "STDEV": 4.319744519417583}, "DREB": {"AVG": 29.9390243902439, "STDEV": 4.88471428072677}, "REB": {"AVG": 41.146341463414636, "STDEV": 7.346993928349052}, "AST": {"AVG": 24.170731707317074, "STDEV": 5.902091861948903}, "BLK": {"AVG": 5.804878048780488, "STDEV": 2.6501293906927317}, "TOV": {"AVG": 14.682926829268293, "STDEV": 4.0821141000031025}, "PF": {"AVG": 21.378048780487806, "STDEV": 4.102514266426512}}