{"Team_ID": 1610612759, "Season": "1995-96", "FGM": {"AVG": 38.390243902439025, "STDEV": 5.203882922457169}, "FGA": {"AVG": 80.51219512195122, "STDEV": 7.4390426545207}, "FGP": {"AVG": 0.47742682926829266, "STDEV": 0.05223735726016437}, "FG3M": {"AVG": 6.317073170731708, "STDEV": 2.5379978926748388}, "FG3A": {"AVG": 16.097560975609756, "STDEV": 4.5013297242436625}, "FG3P": {"AVG": 0.3925340375301306, "STDEV": 0.11791327421594341}, "FTM": {"AVG": 20.28048780487805, "STDEV": 6.11267533565367}, "FTA": {"AVG": 27.573170731707318, "STDEV": 27.573170731707318}, "FTP": {"AVG": 0.7357682926829269, "STDEV": 0.7357682926829269}, "OREB": {"AVG": 11.426829268292684, "STDEV": 4.103688457734717}, "DREB": {"AVG": 31.536585365853657, "STDEV": 4.974490784662967}, "REB": {"AVG": 42.96341463414634, "STDEV": 6.7539565394713}, "AST": {"AVG": 24.926829268292682, "STDEV": 5.137084939359531}, "BLK": {"AVG": 6.536585365853658, "STDEV": 3.091985346264046}, "TOV": {"AVG": 14.195121951219512, "STDEV": 3.716626056546926}, "PF": {"AVG": 22.195121951219512, "STDEV": 4.511819934432974}}