{"Team_ID": 1610612744, "Season": "1995-96", "FGM": {"AVG": 37.26829268292683, "STDEV": 5.101558175157243}, "FGA": {"AVG": 81.70731707317073, "STDEV": 6.781397585075322}, "FGP": {"AVG": 0.4578780487804878, "STDEV": 0.06363464198330394}, "FG3M": {"AVG": 5.451219512195122, "STDEV": 2.132363431282614}, "FG3A": {"AVG": 14.621951219512194, "STDEV": 3.831771804020291}, "FG3P": {"AVG": 0.374917009344693, "STDEV": 0.12096285523386735}, "FTM": {"AVG": 21.646341463414632, "STDEV": 7.569222852975901}, "FTA": {"AVG": 28.536585365853657, "STDEV": 28.536585365853657}, "FTP": {"AVG": 0.7528048780487805, "STDEV": 0.7528048780487805}, "OREB": {"AVG": 14.304878048780488, "STDEV": 4.288051226172284}, "DREB": {"AVG": 27.865853658536587, "STDEV": 5.1057029240536655}, "REB": {"AVG": 42.170731707317074, "STDEV": 6.588064175571711}, "AST": {"AVG": 23.036585365853657, "STDEV": 5.41476062635929}, "BLK": {"AVG": 5.7317073170731705, "STDEV": 2.7534435476452495}, "TOV": {"AVG": 15.841463414634147, "STDEV": 3.9361242835037866}, "PF": {"AVG": 22.378048780487806, "STDEV": 4.855034917173491}}