{"Team_ID": 1610612764, "Season": "1995-96", "FGM": {"AVG": 39.048780487804876, "STDEV": 5.1036235953556925}, "FGA": {"AVG": 80.70731707317073, "STDEV": 6.536673002958473}, "FGP": {"AVG": 0.48486585365853657, "STDEV": 0.05852186722148765}, "FG3M": {"AVG": 6.012195121951219, "STDEV": 2.3543702596410117}, "FG3A": {"AVG": 14.78048780487805, "STDEV": 4.349043857580432}, "FG3P": {"AVG": 0.40967515857699843, "STDEV": 0.13159870598496096}, "FTM": {"AVG": 18.426829268292682, "STDEV": 5.436571377335277}, "FTA": {"AVG": 25.317073170731707, "STDEV": 25.317073170731707}, "FTP": {"AVG": 0.7327439024390244, "STDEV": 0.7327439024390244}, "OREB": {"AVG": 11.341463414634147, "STDEV": 4.152106447989395}, "DREB": {"AVG": 28.378048780487806, "STDEV": 4.955705637743374}, "REB": {"AVG": 39.71951219512195, "STDEV": 6.1629606286042415}, "AST": {"AVG": 22.134146341463413, "STDEV": 4.305500917565724}, "BLK": {"AVG": 6.170731707317073, "STDEV": 2.702558815151412}, "TOV": {"AVG": 15.71951219512195, "STDEV": 3.801475964963493}, "PF": {"AVG": 24.158536585365855, "STDEV": 4.38985787389136}}