{"Team_ID": 1610612755, "Season": "2001-02", "FGM": {"AVG": 34.19512195121951, "STDEV": 4.398201159762297}, "FGA": {"AVG": 78.48780487804878, "STDEV": 6.160896003536796}, "FGP": {"AVG": 0.43635365853658536, "STDEV": 0.0504472275177501}, "FG3M": {"AVG": 2.6097560975609757, "STDEV": 1.6685626072596367}, "FG3A": {"AVG": 8.71951219512195, "STDEV": 3.116164111765358}, "FG3P": {"AVG": 0.2993483202593676, "STDEV": 0.17960992684677568}, "FTM": {"AVG": 19.98780487804878, "STDEV": 5.666653382204525}, "FTA": {"AVG": 25.658536585365855, "STDEV": 25.658536585365855}, "FTP": {"AVG": 0.7793414634146342, "STDEV": 0.7793414634146342}, "OREB": {"AVG": 13.317073170731707, "STDEV": 3.5551320886036644}, "DREB": {"AVG": 30.902439024390244, "STDEV": 5.362443141596315}, "REB": {"AVG": 44.21951219512195, "STDEV": 6.4253056616419775}, "AST": {"AVG": 19.975609756097562, "STDEV": 4.779006585535848}, "BLK": {"AVG": 4.426829268292683, "STDEV": 2.484671465501721}, "TOV": {"AVG": 14.341463414634147, "STDEV": 3.507380268875452}, "PF": {"AVG": 20.0609756097561, "STDEV": 4.146536740180819}}