{"Team_ID": 1610612746, "Season": "2001-02", "FGM": {"AVG": 36.21951219512195, "STDEV": 4.181158178032253}, "FGA": {"AVG": 81.3170731707317, "STDEV": 6.490026629290586}, "FGP": {"AVG": 0.44745121951219513, "STDEV": 0.05716688855135093}, "FG3M": {"AVG": 4.975609756097561, "STDEV": 2.6896032556847604}, "FG3A": {"AVG": 13.987804878048781, "STDEV": 3.892042855761871}, "FG3P": {"AVG": 0.3493934696976577, "STDEV": 0.1452828044335877}, "FTM": {"AVG": 18.26829268292683, "STDEV": 5.960878178089188}, "FTA": {"AVG": 24.70731707317073, "STDEV": 24.70731707317073}, "FTP": {"AVG": 0.7389634146341464, "STDEV": 0.7389634146341464}, "OREB": {"AVG": 13.207317073170731, "STDEV": 4.221455500203541}, "DREB": {"AVG": 30.170731707317074, "STDEV": 5.723688869322772}, "REB": {"AVG": 43.3780487804878, "STDEV": 7.454620315413375}, "AST": {"AVG": 20.902439024390244, "STDEV": 5.332429914451044}, "BLK": {"AVG": 6.585365853658536, "STDEV": 2.775337681655098}, "TOV": {"AVG": 14.024390243902438, "STDEV": 3.5415544113141486}, "PF": {"AVG": 19.804878048780488, "STDEV": 4.937733334109027}}