{"Team_ID": 1610612762, "Season": "2001-02", "FGM": {"AVG": 34.98780487804878, "STDEV": 4.517439191660059}, "FGA": {"AVG": 77.73170731707317, "STDEV": 7.738071314375795}, "FGP": {"AVG": 0.4523658536585366, "STDEV": 0.057193091224641564}, "FG3M": {"AVG": 3.4146341463414633, "STDEV": 1.6700056887032193}, "FG3A": {"AVG": 10.268292682926829, "STDEV": 3.4926687963055616}, "FG3P": {"AVG": 0.3413971743037098, "STDEV": 0.15681227460202563}, "FTM": {"AVG": 22.597560975609756, "STDEV": 6.451834376146348}, "FTA": {"AVG": 29.634146341463413, "STDEV": 29.634146341463413}, "FTP": {"AVG": 0.7647317073170732, "STDEV": 0.7647317073170732}, "OREB": {"AVG": 13.524390243902438, "STDEV": 4.414414127915861}, "DREB": {"AVG": 28.646341463414632, "STDEV": 5.160084101189241}, "REB": {"AVG": 42.170731707317074, "STDEV": 7.13849740050432}, "AST": {"AVG": 24.378048780487806, "STDEV": 4.93073065454954}, "BLK": {"AVG": 6.378048780487805, "STDEV": 3.434179125962422}, "TOV": {"AVG": 15.731707317073171, "STDEV": 4.31491464656096}, "PF": {"AVG": 24.036585365853657, "STDEV": 4.736110614405238}}