{"Team_ID": 1610612752, "Season": "2001-02", "FGM": {"AVG": 34.353658536585364, "STDEV": 4.66500486607268}, "FGA": {"AVG": 79.51219512195122, "STDEV": 7.221784435345131}, "FGP": {"AVG": 0.4329390243902439, "STDEV": 0.05085329846203227}, "FG3M": {"AVG": 5.780487804878049, "STDEV": 2.7845446033413777}, "FG3A": {"AVG": 16.390243902439025, "STDEV": 4.697664503945448}, "FG3P": {"AVG": 0.3504785824213684, "STDEV": 0.1231191256154531}, "FTM": {"AVG": 17.146341463414632, "STDEV": 5.728684487387776}, "FTA": {"AVG": 21.78048780487805, "STDEV": 21.78048780487805}, "FTP": {"AVG": 0.7917439024390244, "STDEV": 0.7917439024390244}, "OREB": {"AVG": 10.682926829268293, "STDEV": 3.606845510662998}, "DREB": {"AVG": 29.975609756097562, "STDEV": 4.700868345726591}, "REB": {"AVG": 40.65853658536585, "STDEV": 5.676939516713452}, "AST": {"AVG": 20.975609756097562, "STDEV": 4.374379983596681}, "BLK": {"AVG": 3.5121951219512195, "STDEV": 1.9260648966607408}, "TOV": {"AVG": 14.085365853658537, "STDEV": 3.9352826918149915}, "PF": {"AVG": 21.951219512195124, "STDEV": 4.097281360098682}}