{"Team_ID": 1610612747, "Season": "2001-02", "FGM": {"AVG": 38.41463414634146, "STDEV": 4.4108486334228}, "FGA": {"AVG": 83.41463414634147, "STDEV": 6.550753833752614}, "FGP": {"AVG": 0.4614146341463415, "STDEV": 0.047836901717334096}, "FG3M": {"AVG": 6.219512195121951, "STDEV": 2.7353397795751055}, "FG3A": {"AVG": 17.548780487804876, "STDEV": 4.701332721540449}, "FG3P": {"AVG": 0.35214706910610505, "STDEV": 0.1198445603179076}, "FTM": {"AVG": 18.21951219512195, "STDEV": 5.8542469341936805}, "FTA": {"AVG": 26.073170731707318, "STDEV": 26.073170731707318}, "FTP": {"AVG": 0.7050487804878048, "STDEV": 0.7050487804878048}, "OREB": {"AVG": 12.463414634146341, "STDEV": 3.9446639123646}, "DREB": {"AVG": 31.79268292682927, "STDEV": 5.512584491394816}, "REB": {"AVG": 44.25609756097561, "STDEV": 6.725317883367273}, "AST": {"AVG": 22.951219512195124, "STDEV": 4.529471228028775}, "BLK": {"AVG": 5.829268292682927, "STDEV": 2.756831595445921}, "TOV": {"AVG": 12.134146341463415, "STDEV": 4.177429640110396}, "PF": {"AVG": 22.23170731707317, "STDEV": 4.800459804334603}}