{"Team_ID": 1610612742, "Season": "2001-02", "FGM": {"AVG": 39.02439024390244, "STDEV": 4.477586457881621}, "FGA": {"AVG": 84.51219512195122, "STDEV": 6.039466705340314}, "FGP": {"AVG": 0.4627926829268293, "STDEV": 0.05276262655151157}, "FG3M": {"AVG": 7.573170731707317, "STDEV": 2.797840824481048}, "FG3A": {"AVG": 20.0609756097561, "STDEV": 5.416817800684967}, "FG3P": {"AVG": 0.38015844513874525, "STDEV": 0.1067938022269089}, "FTM": {"AVG": 19.609756097560975, "STDEV": 6.461196803790149}, "FTA": {"AVG": 24.317073170731707, "STDEV": 24.317073170731707}, "FTP": {"AVG": 0.8047682926829268, "STDEV": 0.8047682926829268}, "OREB": {"AVG": 11.195121951219512, "STDEV": 3.8791593348866353}, "DREB": {"AVG": 31.317073170731707, "STDEV": 4.703237783580683}, "REB": {"AVG": 42.51219512195122, "STDEV": 6.0578362727244786}, "AST": {"AVG": 22.085365853658537, "STDEV": 4.214030707383401}, "BLK": {"AVG": 4.780487804878049, "STDEV": 2.160386283725938}, "TOV": {"AVG": 11.682926829268293, "STDEV": 3.384343212830854}, "PF": {"AVG": 22.463414634146343, "STDEV": 4.592519741823922}}