{"Team_ID": 1610612751, "Season": "2001-02", "FGM": {"AVG": 37.09756097560975, "STDEV": 4.76771487075608}, "FGA": {"AVG": 83.1219512195122, "STDEV": 7.073494681551458}, "FGP": {"AVG": 0.4471707317073171, "STDEV": 0.05133280540326143}, "FG3M": {"AVG": 4.914634146341464, "STDEV": 2.64435676564355}, "FG3A": {"AVG": 14.560975609756097, "STDEV": 4.78448511355892}, "FG3P": {"AVG": 0.3300529236988786, "STDEV": 0.132665077658637}, "FTM": {"AVG": 17.097560975609756, "STDEV": 5.2765723912346525}, "FTA": {"AVG": 23.25609756097561, "STDEV": 23.25609756097561}, "FTP": {"AVG": 0.7368780487804878, "STDEV": 0.7368780487804878}, "OREB": {"AVG": 12.670731707317072, "STDEV": 4.268908201844162}, "DREB": {"AVG": 30.670731707317074, "STDEV": 4.779211356111973}, "REB": {"AVG": 43.34146341463415, "STDEV": 6.433361182428922}, "AST": {"AVG": 24.26829268292683, "STDEV": 4.979089064606008}, "BLK": {"AVG": 5.975609756097561, "STDEV": 2.956372526001457}, "TOV": {"AVG": 14.25609756097561, "STDEV": 4.189378031004202}, "PF": {"AVG": 21.146341463414632, "STDEV": 4.688104071284877}}