{"Team_ID": 1610612761, "Season": "2001-02", "FGM": {"AVG": 35.59756097560975, "STDEV": 5.0865587972096264}, "FGA": {"AVG": 82.03658536585365, "STDEV": 6.544142837704341}, "FGP": {"AVG": 0.43484146341463414, "STDEV": 0.05796667188724768}, "FG3M": {"AVG": 4.719512195121951, "STDEV": 2.3162037386872303}, "FG3A": {"AVG": 13.524390243902438, "STDEV": 4.758943781965032}, "FG3P": {"AVG": 0.35460641118092223, "STDEV": 0.12263614356751083}, "FTM": {"AVG": 15.475609756097562, "STDEV": 6.844346337240772}, "FTA": {"AVG": 20.9390243902439, "STDEV": 20.9390243902439}, "FTP": {"AVG": 0.7378780487804878, "STDEV": 0.7378780487804878}, "OREB": {"AVG": 13.585365853658537, "STDEV": 3.7150053404152006}, "DREB": {"AVG": 28.48780487804878, "STDEV": 5.0947658990767835}, "REB": {"AVG": 42.073170731707314, "STDEV": 6.337777169637025}, "AST": {"AVG": 21.695121951219512, "STDEV": 4.3989028497161184}, "BLK": {"AVG": 5.536585365853658, "STDEV": 3.4253777729886132}, "TOV": {"AVG": 13.524390243902438, "STDEV": 3.493293786021897}, "PF": {"AVG": 21.597560975609756, "STDEV": 4.575457222238272}}