{"Team_ID": 1610612759, "Season": "2001-02", "FGM": {"AVG": 35.52439024390244, "STDEV": 4.748555621218401}, "FGA": {"AVG": 77.59756097560975, "STDEV": 6.7345795621517555}, "FGP": {"AVG": 0.4593536585365854, "STDEV": 0.058206819835297255}, "FG3M": {"AVG": 5.341463414634147, "STDEV": 2.8467851141769214}, "FG3A": {"AVG": 14.768292682926829, "STDEV": 4.999503137011001}, "FG3P": {"AVG": 0.3599763370297804, "STDEV": 0.14868877866659824}, "FTM": {"AVG": 20.341463414634145, "STDEV": 6.291714151785727}, "FTA": {"AVG": 27.426829268292682, "STDEV": 27.426829268292682}, "FTP": {"AVG": 0.7439146341463415, "STDEV": 0.7439146341463415}, "OREB": {"AVG": 11.060975609756097, "STDEV": 3.821148301895228}, "DREB": {"AVG": 31.29268292682927, "STDEV": 4.667956977379705}, "REB": {"AVG": 42.353658536585364, "STDEV": 6.4125108258653105}, "AST": {"AVG": 20.036585365853657, "STDEV": 5.080694814812703}, "BLK": {"AVG": 6.548780487804878, "STDEV": 2.767324504676399}, "TOV": {"AVG": 13.817073170731707, "STDEV": 3.0230719752297417}, "PF": {"AVG": 19.20731707317073, "STDEV": 4.203871833447184}}