{"Team_ID": 1610612750, "Season": "2001-02", "FGM": {"AVG": 38.71951219512195, "STDEV": 4.927309611341902}, "FGA": {"AVG": 83.98780487804878, "STDEV": 6.9504310239184095}, "FGP": {"AVG": 0.4627439024390244, "STDEV": 0.05956173495628473}, "FG3M": {"AVG": 4.829268292682927, "STDEV": 2.2432608432995482}, "FG3A": {"AVG": 12.768292682926829, "STDEV": 4.7279018928422}, "FG3P": {"AVG": 0.38792505308211717, "STDEV": 0.1290288663962755}, "FTM": {"AVG": 17.0609756097561, "STDEV": 6.317421651305652}, "FTA": {"AVG": 21.390243902439025, "STDEV": 21.390243902439025}, "FTP": {"AVG": 0.798109756097561, "STDEV": 0.798109756097561}, "OREB": {"AVG": 12.914634146341463, "STDEV": 4.128196388261367}, "DREB": {"AVG": 31.24390243902439, "STDEV": 5.167708319392162}, "REB": {"AVG": 44.15853658536585, "STDEV": 6.613621394926921}, "AST": {"AVG": 24.304878048780488, "STDEV": 5.496775765128571}, "BLK": {"AVG": 5.2073170731707314, "STDEV": 2.0948956477033973}, "TOV": {"AVG": 13.036585365853659, "STDEV": 3.901392983111556}, "PF": {"AVG": 21.20731707317073, "STDEV": 4.233137367520396}}