{"Team_ID": 1610612764, "Season": "2001-02", "FGM": {"AVG": 35.829268292682926, "STDEV": 4.604895082111408}, "FGA": {"AVG": 81.26829268292683, "STDEV": 6.409962886754917}, "FGP": {"AVG": 0.44132926829268293, "STDEV": 0.048980735663367296}, "FG3M": {"AVG": 3.7195121951219514, "STDEV": 1.9893195700292337}, "FG3A": {"AVG": 9.585365853658537, "STDEV": 3.7116806599287027}, "FG3P": {"AVG": 0.38178280252347685, "STDEV": 0.15151949759454936}, "FTM": {"AVG": 17.414634146341463, "STDEV": 5.374726451867097}, "FTA": {"AVG": 22.75609756097561, "STDEV": 22.75609756097561}, "FTP": {"AVG": 0.7701341463414634, "STDEV": 0.7701341463414634}, "OREB": {"AVG": 12.865853658536585, "STDEV": 3.7867938004282404}, "DREB": {"AVG": 29.182926829268293, "STDEV": 5.133112185665664}, "REB": {"AVG": 42.048780487804876, "STDEV": 6.488170506323084}, "AST": {"AVG": 20.914634146341463, "STDEV": 5.016518933501364}, "BLK": {"AVG": 4.317073170731708, "STDEV": 2.287259661693889}, "TOV": {"AVG": 12.182926829268293, "STDEV": 3.5974203678777825}, "PF": {"AVG": 21.5, "STDEV": 3.79489585731957}}