{"Team_ID": 1610612749, "Season": "2007-08", "FGM": {"AVG": 36.90243902439025, "STDEV": 5.083523994232719}, "FGA": {"AVG": 82.2560975609756, "STDEV": 7.497836684893004}, "FGP": {"AVG": 0.44959756097560977, "STDEV": 0.05538615501022998}, "FG3M": {"AVG": 5.512195121951219, "STDEV": 2.363528970845353}, "FG3A": {"AVG": 16.01219512195122, "STDEV": 4.5037539964148605}, "FG3P": {"AVG": 0.3455347456534662, "STDEV": 0.11227187023688275}, "FTM": {"AVG": 17.70731707317073, "STDEV": 5.823510894021864}, "FTA": {"AVG": 24.146341463414632, "STDEV": 24.146341463414632}, "FTP": {"AVG": 0.7334390243902439, "STDEV": 0.7334390243902439}, "OREB": {"AVG": 12.865853658536585, "STDEV": 4.156690858351151}, "DREB": {"AVG": 28.817073170731707, "STDEV": 4.7871434013613205}, "REB": {"AVG": 41.68292682926829, "STDEV": 6.401924958929551}, "AST": {"AVG": 21.463414634146343, "STDEV": 5.2638884419846645}, "BLK": {"AVG": 4.402439024390244, "STDEV": 2.15944526540053}, "TOV": {"AVG": 14.292682926829269, "STDEV": 4.096031819170296}, "PF": {"AVG": 21.317073170731707, "STDEV": 4.597041584314121}}