{"Team_ID": 1610612741, "Season": "2007-08", "FGM": {"AVG": 36.426829268292686, "STDEV": 6.390638384241838}, "FGA": {"AVG": 83.67073170731707, "STDEV": 7.8221825725775105}, "FGP": {"AVG": 0.4355487804878049, "STDEV": 0.06421956019839031}, "FG3M": {"AVG": 5.780487804878049, "STDEV": 2.3148708213640194}, "FG3A": {"AVG": 15.914634146341463, "STDEV": 4.249041197619358}, "FG3P": {"AVG": 0.3658879296914855, "STDEV": 0.1200961951407548}, "FTM": {"AVG": 18.695121951219512, "STDEV": 6.2512991724096025}, "FTA": {"AVG": 24.74390243902439, "STDEV": 24.74390243902439}, "FTP": {"AVG": 0.7559634146341463, "STDEV": 0.7559634146341463}, "OREB": {"AVG": 12.804878048780488, "STDEV": 4.3388541025501075}, "DREB": {"AVG": 30.21951219512195, "STDEV": 4.7894544400362316}, "REB": {"AVG": 43.02439024390244, "STDEV": 6.06747167991498}, "AST": {"AVG": 22.085365853658537, "STDEV": 5.411923779978901}, "BLK": {"AVG": 5.2317073170731705, "STDEV": 2.4710610530891275}, "TOV": {"AVG": 14.085365853658537, "STDEV": 3.729102164183545}, "PF": {"AVG": 21.75609756097561, "STDEV": 4.43766420488331}}