{"Team_ID": 1610612746, "Season": "2007-08", "FGM": {"AVG": 34.390243902439025, "STDEV": 4.507212594484083}, "FGA": {"AVG": 78.59756097560975, "STDEV": 6.606879609562173}, "FGP": {"AVG": 0.4384390243902439, "STDEV": 0.05274679735429632}, "FG3M": {"AVG": 4.2682926829268295, "STDEV": 2.5339608408396455}, "FG3A": {"AVG": 13.158536585365853, "STDEV": 4.942807499804789}, "FG3P": {"AVG": 0.31777524050691464, "STDEV": 0.1453905041600907}, "FTM": {"AVG": 20.75609756097561, "STDEV": 6.169540822919725}, "FTA": {"AVG": 26.5609756097561, "STDEV": 26.5609756097561}, "FTP": {"AVG": 0.7802926829268293, "STDEV": 0.7802926829268293}, "OREB": {"AVG": 9.75609756097561, "STDEV": 3.4518235495930036}, "DREB": {"AVG": 30.378048780487806, "STDEV": 5.0470385985125015}, "REB": {"AVG": 40.13414634146341, "STDEV": 6.505006989153591}, "AST": {"AVG": 21.121951219512194, "STDEV": 4.899962821482636}, "BLK": {"AVG": 4.853658536585366, "STDEV": 2.331332217135649}, "TOV": {"AVG": 13.75609756097561, "STDEV": 3.5817127277935654}, "PF": {"AVG": 21.28048780487805, "STDEV": 4.089355016438011}}