{"Team_ID": 1610612758, "Season": "2007-08", "FGM": {"AVG": 37.109756097560975, "STDEV": 4.781667919034668}, "FGA": {"AVG": 79.97560975609755, "STDEV": 7.240107102672947}, "FGP": {"AVG": 0.4646585365853659, "STDEV": 0.04990391248972966}, "FG3M": {"AVG": 6.219512195121951, "STDEV": 2.6714050043713526}, "FG3A": {"AVG": 16.670731707317074, "STDEV": 4.39150380061706}, "FG3P": {"AVG": 0.3738950153924759, "STDEV": 0.12445173798164354}, "FTM": {"AVG": 22.097560975609756, "STDEV": 7.339407847910107}, "FTA": {"AVG": 27.70731707317073, "STDEV": 27.70731707317073}, "FTP": {"AVG": 0.7965853658536586, "STDEV": 0.7965853658536586}, "OREB": {"AVG": 10.109756097560975, "STDEV": 3.4174790274031146}, "DREB": {"AVG": 29.951219512195124, "STDEV": 5.349287339229336}, "REB": {"AVG": 40.0609756097561, "STDEV": 6.4124638684046635}, "AST": {"AVG": 19.109756097560975, "STDEV": 4.589322275905546}, "BLK": {"AVG": 4.073170731707317, "STDEV": 2.29212547759906}, "TOV": {"AVG": 15.341463414634147, "STDEV": 3.74238160189478}, "PF": {"AVG": 22.426829268292682, "STDEV": 3.8746739816812945}}