{"Team_ID": 1610612752, "Season": "2007-08", "FGM": {"AVG": 36.18292682926829, "STDEV": 4.976805581600419}, "FGA": {"AVG": 82.40243902439025, "STDEV": 8.410545637967541}, "FGP": {"AVG": 0.44003658536585366, "STDEV": 0.05034411096825508}, "FG3M": {"AVG": 5.975609756097561, "STDEV": 2.188497481960082}, "FG3A": {"AVG": 17.73170731707317, "STDEV": 3.7877280088246423}, "FG3P": {"AVG": 0.3368671580876419, "STDEV": 0.10924316035107004}, "FTM": {"AVG": 18.585365853658537, "STDEV": 6.095841973892654}, "FTA": {"AVG": 25.548780487804876, "STDEV": 25.548780487804876}, "FTP": {"AVG": 0.7258780487804878, "STDEV": 0.7258780487804878}, "OREB": {"AVG": 12.548780487804878, "STDEV": 4.318071240168477}, "DREB": {"AVG": 29.963414634146343, "STDEV": 4.945243685593932}, "REB": {"AVG": 42.51219512195122, "STDEV": 7.146170350439932}, "AST": {"AVG": 18.658536585365855, "STDEV": 4.222864021967521}, "BLK": {"AVG": 2.597560975609756, "STDEV": 1.8912387742361738}, "TOV": {"AVG": 13.804878048780488, "STDEV": 4.007520782784597}, "PF": {"AVG": 21.475609756097562, "STDEV": 4.187652660953692}}