{"Team_ID": 1610612747, "Season": "2007-08", "FGM": {"AVG": 39.609756097560975, "STDEV": 5.139429034822323}, "FGA": {"AVG": 83.14634146341463, "STDEV": 7.795411678672779}, "FGP": {"AVG": 0.4778780487804878, "STDEV": 0.05756100151066842}, "FG3M": {"AVG": 8.073170731707316, "STDEV": 2.9429995943707032}, "FG3A": {"AVG": 21.353658536585368, "STDEV": 6.260540644857589}, "FG3P": {"AVG": 0.38057046991021026, "STDEV": 0.1064678107788149}, "FTM": {"AVG": 21.29268292682927, "STDEV": 6.65830550659934}, "FTA": {"AVG": 27.682926829268293, "STDEV": 27.682926829268293}, "FTP": {"AVG": 0.7736341463414634, "STDEV": 0.7736341463414634}, "OREB": {"AVG": 10.951219512195122, "STDEV": 3.8454797547005892}, "DREB": {"AVG": 33.19512195121951, "STDEV": 4.696831147108704}, "REB": {"AVG": 44.146341463414636, "STDEV": 5.883901349601284}, "AST": {"AVG": 24.426829268292682, "STDEV": 4.926698460792708}, "BLK": {"AVG": 5.341463414634147, "STDEV": 2.658410887967146}, "TOV": {"AVG": 13.634146341463415, "STDEV": 4.105137386979162}, "PF": {"AVG": 20.621951219512194, "STDEV": 4.141450345054743}}