{"Team_ID": 1610612753, "Season": "2007-08", "FGM": {"AVG": 37.292682926829265, "STDEV": 4.6387732650342235}, "FGA": {"AVG": 78.60975609756098, "STDEV": 6.343570863307343}, "FGP": {"AVG": 0.4750243902439025, "STDEV": 0.051280630860739806}, "FG3M": {"AVG": 9.768292682926829, "STDEV": 2.5642305923147948}, "FG3A": {"AVG": 25.29268292682927, "STDEV": 5.155574245363749}, "FG3P": {"AVG": 0.3894054823689627, "STDEV": 0.0825039134325988}, "FTM": {"AVG": 20.121951219512194, "STDEV": 5.520758231835661}, "FTA": {"AVG": 27.902439024390244, "STDEV": 27.902439024390244}, "FTP": {"AVG": 0.7245121951219512, "STDEV": 0.7245121951219512}, "OREB": {"AVG": 9.365853658536585, "STDEV": 3.375701829622592}, "DREB": {"AVG": 32.646341463414636, "STDEV": 5.285367528058443}, "REB": {"AVG": 42.01219512195122, "STDEV": 6.1393165309853694}, "AST": {"AVG": 20.804878048780488, "STDEV": 4.281568376509019}, "BLK": {"AVG": 4.060975609756097, "STDEV": 2.0144389959821503}, "TOV": {"AVG": 13.829268292682928, "STDEV": 3.9056934638170495}, "PF": {"AVG": 20.585365853658537, "STDEV": 4.109462791217348}}