{"Team_ID": 1610612740, "Season": "2007-08", "FGM": {"AVG": 38.58536585365854, "STDEV": 5.849873311938748}, "FGA": {"AVG": 82.8780487804878, "STDEV": 7.1963472282603105}, "FGP": {"AVG": 0.4655365853658537, "STDEV": 0.058595536661006774}, "FG3M": {"AVG": 7.682926829268292, "STDEV": 3.2768475093476988}, "FG3A": {"AVG": 19.76829268292683, "STDEV": 4.803030885915362}, "FG3P": {"AVG": 0.38239462859287, "STDEV": 0.12908462900867787}, "FTM": {"AVG": 16, "STDEV": 5.463684823619666}, "FTA": {"AVG": 20.817073170731707, "STDEV": 20.817073170731707}, "FTP": {"AVG": 0.7677073170731707, "STDEV": 0.7677073170731707}, "OREB": {"AVG": 11.426829268292684, "STDEV": 3.8810412495060342}, "DREB": {"AVG": 30.414634146341463, "STDEV": 4.371487922277963}, "REB": {"AVG": 41.84146341463415, "STDEV": 5.802233525235005}, "AST": {"AVG": 21.76829268292683, "STDEV": 5.292199665167139}, "BLK": {"AVG": 3.9146341463414633, "STDEV": 2.1671009223634514}, "TOV": {"AVG": 11.292682926829269, "STDEV": 3.598654772248703}, "PF": {"AVG": 18.670731707317074, "STDEV": 3.87475169431055}}