{"Team_ID": 1610612745, "Season": "2007-08", "FGM": {"AVG": 36.6219512195122, "STDEV": 4.95072072045193}, "FGA": {"AVG": 81.6829268292683, "STDEV": 7.876951921576445}, "FGP": {"AVG": 0.4491341463414634, "STDEV": 0.05039957921515555}, "FG3M": {"AVG": 7.109756097560975, "STDEV": 2.662061289705319}, "FG3A": {"AVG": 20.817073170731707, "STDEV": 4.879101437158908}, "FG3P": {"AVG": 0.33852792412932076, "STDEV": 0.0947490876790678}, "FTM": {"AVG": 16.365853658536587, "STDEV": 5.865808428642182}, "FTA": {"AVG": 22.536585365853657, "STDEV": 22.536585365853657}, "FTP": {"AVG": 0.7249146341463415, "STDEV": 0.7249146341463415}, "OREB": {"AVG": 12.21951219512195, "STDEV": 4.055249273804133}, "DREB": {"AVG": 32.426829268292686, "STDEV": 5.44564723177695}, "REB": {"AVG": 44.646341463414636, "STDEV": 6.460462757609325}, "AST": {"AVG": 21.426829268292682, "STDEV": 4.408270811864639}, "BLK": {"AVG": 5.121951219512195, "STDEV": 2.916069754379326}, "TOV": {"AVG": 13.060975609756097, "STDEV": 4.176204080012888}, "PF": {"AVG": 19.621951219512194, "STDEV": 4.241593702064538}}