{"Team_ID": 1610612757, "Season": "2007-08", "FGM": {"AVG": 35.792682926829265, "STDEV": 4.893275317241223}, "FGA": {"AVG": 79.82926829268293, "STDEV": 7.707307544236922}, "FGP": {"AVG": 0.4497317073170732, "STDEV": 0.056686063952543025}, "FG3M": {"AVG": 6.560975609756097, "STDEV": 2.7848689974092324}, "FG3A": {"AVG": 17.390243902439025, "STDEV": 4.850241428535885}, "FG3P": {"AVG": 0.3754081075750396, "STDEV": 0.1263283345677346}, "FTM": {"AVG": 17.21951219512195, "STDEV": 5.689549419647823}, "FTA": {"AVG": 22.451219512195124, "STDEV": 22.451219512195124}, "FTP": {"AVG": 0.765609756097561, "STDEV": 0.765609756097561}, "OREB": {"AVG": 10.987804878048781, "STDEV": 3.5258967949120366}, "DREB": {"AVG": 29.73170731707317, "STDEV": 4.848440707690997}, "REB": {"AVG": 40.71951219512195, "STDEV": 6.1629606286042415}, "AST": {"AVG": 21.134146341463413, "STDEV": 5.125010557344022}, "BLK": {"AVG": 4.390243902439025, "STDEV": 2.4532975921358675}, "TOV": {"AVG": 12.134146341463415, "STDEV": 3.6742755903881585}, "PF": {"AVG": 20.024390243902438, "STDEV": 3.9720492884068386}}