{"Team_ID": 1610612739, "Season": "2016-17", "FGM": {"AVG": 39.9390243902439, "STDEV": 5.536294524420297}, "FGA": {"AVG": 84.91463414634147, "STDEV": 6.363866398936341}, "FGP": {"AVG": 0.47082926829268296, "STDEV": 0.05931248174554847}, "FG3M": {"AVG": 13.012195121951219, "STDEV": 3.860192224597126}, "FG3A": {"AVG": 33.890243902439025, "STDEV": 5.48624789716614}, "FG3P": {"AVG": 0.38220771848431906, "STDEV": 0.08753053169188117}, "FTM": {"AVG": 17.451219512195124, "STDEV": 5.395820145041832}, "FTA": {"AVG": 23.329268292682926, "STDEV": 23.329268292682926}, "FTP": {"AVG": 0.7439146341463415, "STDEV": 0.7439146341463415}, "OREB": {"AVG": 9.341463414634147, "STDEV": 3.281897645108082}, "DREB": {"AVG": 34.40243902439025, "STDEV": 4.963719623048433}, "REB": {"AVG": 43.74390243902439, "STDEV": 5.647704604439428}, "AST": {"AVG": 22.658536585365855, "STDEV": 5.733203082489293}, "BLK": {"AVG": 3.9878048780487805, "STDEV": 2.157352644004497}, "TOV": {"AVG": 13.182926829268293, "STDEV": 3.5733169180817255}, "PF": {"AVG": 18.121951219512194, "STDEV": 3.9107015060211414}}