{"Team_ID": 1610612763, "Season": "2016-17", "FGM": {"AVG": 36.390243902439025, "STDEV": 4.4270662959978235}, "FGA": {"AVG": 83.58536585365853, "STDEV": 6.754881580985756}, "FGP": {"AVG": 0.4366829268292683, "STDEV": 0.05139651668284907}, "FG3M": {"AVG": 9.353658536585366, "STDEV": 3.2899846193475604}, "FG3A": {"AVG": 26.451219512195124, "STDEV": 4.113069920806323}, "FG3P": {"AVG": 0.3509420950720532, "STDEV": 0.11230201359245683}, "FTM": {"AVG": 18.341463414634145, "STDEV": 6.323031606450805}, "FTA": {"AVG": 23.390243902439025, "STDEV": 23.390243902439025}, "FTP": {"AVG": 0.7794024390243902, "STDEV": 0.7794024390243902}, "OREB": {"AVG": 10.804878048780488, "STDEV": 3.853614703267646}, "DREB": {"AVG": 31.963414634146343, "STDEV": 5.292541040508067}, "REB": {"AVG": 42.76829268292683, "STDEV": 6.742712170888802}, "AST": {"AVG": 21.26829268292683, "STDEV": 4.5570425228709945}, "BLK": {"AVG": 4.195121951219512, "STDEV": 2.7236459967860163}, "TOV": {"AVG": 12.426829268292684, "STDEV": 3.254741983306545}, "PF": {"AVG": 22.4390243902439, "STDEV": 4.447492179954429}}