{"Team_ID": 1610612737, "Season": "2016-17", "FGM": {"AVG": 38.08536585365854, "STDEV": 5.407359455802039}, "FGA": {"AVG": 84.36585365853658, "STDEV": 7.63441233700448}, "FGP": {"AVG": 0.45209756097560977, "STDEV": 0.05495061975320814}, "FG3M": {"AVG": 8.890243902439025, "STDEV": 2.671320464900632}, "FG3A": {"AVG": 26.0609756097561, "STDEV": 4.439851963319036}, "FG3P": {"AVG": 0.34134958835498763, "STDEV": 0.08529406665194281}, "FTM": {"AVG": 18.097560975609756, "STDEV": 6.349122144234501}, "FTA": {"AVG": 24.865853658536587, "STDEV": 24.865853658536587}, "FTP": {"AVG": 0.7260609756097561, "STDEV": 0.7260609756097561}, "OREB": {"AVG": 10.268292682926829, "STDEV": 3.9285243058839674}, "DREB": {"AVG": 34.0609756097561, "STDEV": 5.247803916879427}, "REB": {"AVG": 44.329268292682926, "STDEV": 6.627765908620797}, "AST": {"AVG": 23.634146341463413, "STDEV": 5.095415986657539}, "BLK": {"AVG": 4.841463414634147, "STDEV": 2.3012047955344315}, "TOV": {"AVG": 15.231707317073171, "STDEV": 3.5531199313578576}, "PF": {"AVG": 18.182926829268293, "STDEV": 3.5525266570289}}