{"Team_ID": 1610612766, "Season": "2016-17", "FGM": {"AVG": 37.71951219512195, "STDEV": 4.25215817460084}, "FGA": {"AVG": 85.36585365853658, "STDEV": 6.587515680627813}, "FGP": {"AVG": 0.443109756097561, "STDEV": 0.049908559867901665}, "FG3M": {"AVG": 10.048780487804878, "STDEV": 3.4744301922899608}, "FG3A": {"AVG": 28.621951219512194, "STDEV": 6.3608374398236815}, "FG3P": {"AVG": 0.348086082079994, "STDEV": 0.08704407430798926}, "FTM": {"AVG": 19.402439024390244, "STDEV": 5.639060766067038}, "FTA": {"AVG": 23.817073170731707, "STDEV": 23.817073170731707}, "FTP": {"AVG": 0.8164756097560976, "STDEV": 0.8164756097560976}, "OREB": {"AVG": 8.792682926829269, "STDEV": 3.561584488828383}, "DREB": {"AVG": 34.792682926829265, "STDEV": 5.267505336126833}, "REB": {"AVG": 43.58536585365854, "STDEV": 6.0816486140271735}, "AST": {"AVG": 23.0609756097561, "STDEV": 4.517039238359487}, "BLK": {"AVG": 4.7560975609756095, "STDEV": 2.4972131410526073}, "TOV": {"AVG": 10.963414634146341, "STDEV": 3.5847589651609377}, "PF": {"AVG": 16.585365853658537, "STDEV": 3.8776065530876167}}