{"Team_ID": 1610612758, "Season": "2016-17", "FGM": {"AVG": 37.86585365853659, "STDEV": 4.65544204349008}, "FGA": {"AVG": 82.1219512195122, "STDEV": 6.278299376369327}, "FGP": {"AVG": 0.4621585365853659, "STDEV": 0.053374167125590795}, "FG3M": {"AVG": 8.987804878048781, "STDEV": 2.7643850584860368}, "FG3A": {"AVG": 23.902439024390244, "STDEV": 5.027356657864237}, "FG3P": {"AVG": 0.3804058749067438, "STDEV": 0.10212384749563307}, "FTM": {"AVG": 18.085365853658537, "STDEV": 6.416031655951961}, "FTA": {"AVG": 23.329268292682926, "STDEV": 23.329268292682926}, "FTP": {"AVG": 0.7704268292682926, "STDEV": 0.7704268292682926}, "OREB": {"AVG": 8.71951219512195, "STDEV": 3.2175229727379344}, "DREB": {"AVG": 32.34146341463415, "STDEV": 4.72246930646424}, "REB": {"AVG": 41.0609756097561, "STDEV": 5.6138003698021155}, "AST": {"AVG": 22.48780487804878, "STDEV": 4.205357847808442}, "BLK": {"AVG": 3.951219512195122, "STDEV": 2.011709174575531}, "TOV": {"AVG": 14.109756097560975, "STDEV": 3.8393868387806234}, "PF": {"AVG": 20.329268292682926, "STDEV": 4.602883900201625}}