{"Team_ID": 1610612752, "Season": "2016-17", "FGM": {"AVG": 39.5609756097561, "STDEV": 4.335035451962088}, "FGA": {"AVG": 88.48780487804878, "STDEV": 7.784511216193194}, "FGP": {"AVG": 0.44826829268292684, "STDEV": 0.04346874818365512}, "FG3M": {"AVG": 8.585365853658537, "STDEV": 2.735009510951008}, "FG3A": {"AVG": 24.658536585365855, "STDEV": 5.466439724727337}, "FG3P": {"AVG": 0.3489084502696192, "STDEV": 0.08547961915766161}, "FTM": {"AVG": 16.634146341463413, "STDEV": 6.389637048217169}, "FTA": {"AVG": 21.109756097560975, "STDEV": 21.109756097560975}, "FTP": {"AVG": 0.7863780487804878, "STDEV": 0.7863780487804878}, "OREB": {"AVG": 11.987804878048781, "STDEV": 4.200217226713501}, "DREB": {"AVG": 33.207317073170735, "STDEV": 4.888226735153844}, "REB": {"AVG": 45.19512195121951, "STDEV": 6.708091712953002}, "AST": {"AVG": 21.78048780487805, "STDEV": 4.064372122082699}, "BLK": {"AVG": 5.548780487804878, "STDEV": 2.685822121760492}, "TOV": {"AVG": 13.182926829268293, "STDEV": 3.4787824206728444}, "PF": {"AVG": 20.341463414634145, "STDEV": 4.178780943966474}}