{"Team_ID": 1610612753, "Season": "2016-17", "FGM": {"AVG": 38.28048780487805, "STDEV": 5.35475879329941}, "FGA": {"AVG": 86.98780487804878, "STDEV": 6.197358860865351}, "FGP": {"AVG": 0.4400487804878049, "STDEV": 0.053427440685920154}, "FG3M": {"AVG": 8.548780487804878, "STDEV": 2.948749218095617}, "FG3A": {"AVG": 26.085365853658537, "STDEV": 5.130882578790724}, "FG3P": {"AVG": 0.3287808251761353, "STDEV": 0.09874812711682462}, "FTM": {"AVG": 15.963414634146341, "STDEV": 6.16330262987609}, "FTA": {"AVG": 21.378048780487806, "STDEV": 21.378048780487806}, "FTP": {"AVG": 0.7483780487804877, "STDEV": 0.7483780487804877}, "OREB": {"AVG": 9.841463414634147, "STDEV": 3.2373953567916063}, "DREB": {"AVG": 33.34146341463415, "STDEV": 5.228647376476432}, "REB": {"AVG": 43.18292682926829, "STDEV": 6.122470349439443}, "AST": {"AVG": 22.195121951219512, "STDEV": 5.162636479265518}, "BLK": {"AVG": 4.829268292682927, "STDEV": 2.3083577511679803}, "TOV": {"AVG": 12.841463414634147, "STDEV": 3.6900584230214637}, "PF": {"AVG": 19.317073170731707, "STDEV": 3.8869139390895433}}