{"Team_ID": 1610612743, "Season": "2016-17", "FGM": {"AVG": 41.18292682926829, "STDEV": 5.3197234885452405}, "FGA": {"AVG": 87.73170731707317, "STDEV": 7.521243626625647}, "FGP": {"AVG": 0.470890243902439, "STDEV": 0.0582404564528903}, "FG3M": {"AVG": 10.609756097560975, "STDEV": 3.2951745399021206}, "FG3A": {"AVG": 28.841463414634145, "STDEV": 5.473774764973193}, "FG3P": {"AVG": 0.368113242714846, "STDEV": 0.08699865409255693}, "FTM": {"AVG": 18.74390243902439, "STDEV": 7.051505356506048}, "FTA": {"AVG": 24.21951219512195, "STDEV": 24.21951219512195}, "FTP": {"AVG": 0.7723414634146342, "STDEV": 0.7723414634146342}, "OREB": {"AVG": 11.78048780487805, "STDEV": 4.371694561535105}, "DREB": {"AVG": 34.59756097560975, "STDEV": 5.008288823608371}, "REB": {"AVG": 46.3780487804878, "STDEV": 5.532485976847193}, "AST": {"AVG": 25.329268292682926, "STDEV": 5.502086872435016}, "BLK": {"AVG": 3.9390243902439024, "STDEV": 2.300550449298633}, "TOV": {"AVG": 14.463414634146341, "STDEV": 3.8174230916318326}, "PF": {"AVG": 19.109756097560975, "STDEV": 4.027700681441379}}