{"Team_ID": 1610612761, "Season": "2016-17", "FGM": {"AVG": 39.15853658536585, "STDEV": 5.007326760734558}, "FGA": {"AVG": 84.36585365853658, "STDEV": 6.1353301804193245}, "FGP": {"AVG": 0.4652439024390244, "STDEV": 0.05790873214513534}, "FG3M": {"AVG": 8.841463414634147, "STDEV": 2.8866209567637564}, "FG3A": {"AVG": 24.341463414634145, "STDEV": 5.009175561635564}, "FG3P": {"AVG": 0.3649349651554967, "STDEV": 0.10853947764617759}, "FTM": {"AVG": 19.695121951219512, "STDEV": 6.015800233890758}, "FTA": {"AVG": 24.73170731707317, "STDEV": 24.73170731707317}, "FTP": {"AVG": 0.7957317073170732, "STDEV": 0.7957317073170732}, "OREB": {"AVG": 10.621951219512194, "STDEV": 3.8446379010491585}, "DREB": {"AVG": 32.63414634146341, "STDEV": 4.932913383331963}, "REB": {"AVG": 43.25609756097561, "STDEV": 5.897919649155558}, "AST": {"AVG": 18.5, "STDEV": 4.727774513642952}, "BLK": {"AVG": 4.878048780487805, "STDEV": 2.3007794916497377}, "TOV": {"AVG": 11.817073170731707, "STDEV": 3.1274493562744428}, "PF": {"AVG": 20.829268292682926, "STDEV": 3.7211603063958174}}