{"Team_ID": 1610612745, "Season": "2016-17", "FGM": {"AVG": 40.30487804878049, "STDEV": 4.697488229251526}, "FGA": {"AVG": 87.21951219512195, "STDEV": 6.59222211031313}, "FGP": {"AVG": 0.46328048780487807, "STDEV": 0.05265336784516373}, "FG3M": {"AVG": 14.402439024390244, "STDEV": 4.112191317838663}, "FG3A": {"AVG": 40.31707317073171, "STDEV": 7.077835424116348}, "FG3P": {"AVG": 0.35619620919110856, "STDEV": 0.08261355538309005}, "FTM": {"AVG": 20.329268292682926, "STDEV": 6.170529076799186}, "FTA": {"AVG": 26.548780487804876, "STDEV": 26.548780487804876}, "FTP": {"AVG": 0.7647560975609756, "STDEV": 0.7647560975609756}, "OREB": {"AVG": 10.878048780487806, "STDEV": 3.7396449422221067}, "DREB": {"AVG": 33.48780487804878, "STDEV": 5.969560445466205}, "REB": {"AVG": 44.36585365853659, "STDEV": 7.268250243899794}, "AST": {"AVG": 25.24390243902439, "STDEV": 4.665505081915215}, "BLK": {"AVG": 4.2926829268292686, "STDEV": 2.1400807927407772}, "TOV": {"AVG": 14.487804878048781, "STDEV": 4.0801957785242395}, "PF": {"AVG": 19.926829268292682, "STDEV": 3.832223632630384}}