{"Team_ID": 1610612756, "Season": "2016-17", "FGM": {"AVG": 39.8780487804878, "STDEV": 4.278543203966552}, "FGA": {"AVG": 88.53658536585365, "STDEV": 7.871177491958027}, "FGP": {"AVG": 0.4523536585365854, "STDEV": 0.050489058086380115}, "FG3M": {"AVG": 7.5, "STDEV": 2.41522945769824}, "FG3A": {"AVG": 22.609756097560975, "STDEV": 5.383459114597473}, "FG3P": {"AVG": 0.33314283230202885, "STDEV": 0.08321453441088046}, "FTM": {"AVG": 20.4390243902439, "STDEV": 5.569089206682755}, "FTA": {"AVG": 26.329268292682926, "STDEV": 26.329268292682926}, "FTP": {"AVG": 0.7761707317073171, "STDEV": 0.7761707317073171}, "OREB": {"AVG": 11.902439024390244, "STDEV": 3.7568365865727222}, "DREB": {"AVG": 33.073170731707314, "STDEV": 5.521630837559976}, "REB": {"AVG": 44.97560975609756, "STDEV": 6.539482385519586}, "AST": {"AVG": 19.5609756097561, "STDEV": 4.732596606660352}, "BLK": {"AVG": 4.865853658536586, "STDEV": 2.5178973940495983}, "TOV": {"AVG": 14.914634146341463, "STDEV": 4.03748246798837}, "PF": {"AVG": 24.75609756097561, "STDEV": 4.001731031644131}}