{"Team_ID": 1610612750, "Season": "2016-17", "FGM": {"AVG": 39.451219512195124, "STDEV": 4.187436939711334}, "FGA": {"AVG": 84.41463414634147, "STDEV": 6.499669924215991}, "FGP": {"AVG": 0.46807317073170734, "STDEV": 0.04413357404203264}, "FG3M": {"AVG": 7.329268292682927, "STDEV": 2.889123400946352}, "FG3A": {"AVG": 21.01219512195122, "STDEV": 5.480591800159533}, "FG3P": {"AVG": 0.3462369155519998, "STDEV": 0.09405790706602453}, "FTM": {"AVG": 19.341463414634145, "STDEV": 5.542695141978909}, "FTA": {"AVG": 24.21951219512195, "STDEV": 24.21951219512195}, "FTP": {"AVG": 0.7978414634146341, "STDEV": 0.7978414634146341}, "OREB": {"AVG": 11.439024390243903, "STDEV": 3.1898665205852827}, "DREB": {"AVG": 30.975609756097562, "STDEV": 5.118293527725137}, "REB": {"AVG": 42.41463414634146, "STDEV": 6.20026128384566}, "AST": {"AVG": 23.658536585365855, "STDEV": 4.656654636096556}, "BLK": {"AVG": 4.512195121951219, "STDEV": 2.3582997769580953}, "TOV": {"AVG": 13.402439024390244, "STDEV": 3.424168840656444}, "PF": {"AVG": 20.073170731707318, "STDEV": 3.832223632630384}}